Dataset,Model,feature_name,fold,shift_type,category,observed_gap,predicted_gap,MAE,Method
CCT,vit,kNN,brightness_0.025,brightness,Synthetic,-0.0282451923076924,-0.060917401179215146,0.032672208871522744,Ours
CCT,vit,kNN,brightness_0.05,brightness,Synthetic,-0.0282451923076924,-0.06149398394819963,0.03324879164050723,Ours
CCT,vit,kNN,brightness_0.07500000000000001,brightness,Synthetic,-0.030048076923076983,-0.05999486874884002,0.029946791825763035,Ours
CCT,vit,kNN,brightness_0.1,brightness,Synthetic,-0.02644230769230782,-0.05538220659696437,0.02893989890465655,Ours
CCT,vit,kNN,brightness_0.125,brightness,Synthetic,-0.0282451923076924,-0.05399840795140167,0.02575321564370927,Ours
CCT,vit,kNN,brightness_0.15000000000000002,brightness,Synthetic,-0.025841346153846256,-0.050884860998885596,0.02504351484503934,Ours
CCT,vit,kNN,brightness_0.17500000000000002,brightness,Synthetic,-0.0204326923076924,-0.03347206137555496,0.013039369067862558,Ours
CCT,vit,kNN,brightness_0.2,brightness,Synthetic,-0.017427884615384803,-0.01467546310666161,0.0027524215087231935,Ours
CCT,vit,kNN,brightness_0.225,brightness,Synthetic,-0.0078125,-0.00994748440098904,0.00213498440098904,Ours
CCT,vit,kNN,brightness_0.25,brightness,Synthetic,0.0078125,0.013923042234967528,0.006110542234967528,Ours
CCT,vit,kNN,brightness_0.275,brightness,Synthetic,0.015625,0.023724949307703316,0.008099949307703316,Ours
CCT,vit,kNN,brightness_0.30000000000000004,brightness,Synthetic,0.03485576923076916,0.04252154757659668,0.0076657783458275175,Ours
CCT,vit,kNN,brightness_0.325,brightness,Synthetic,0.054086538461538325,0.04609636074430032,0.007990177717238006,Ours
CCT,vit,kNN,brightness_0.35000000000000003,brightness,Synthetic,0.04867788461538458,0.046326993851894094,0.0023508907634904874,Ours
CCT,vit,kNN,brightness_0.375,brightness,Synthetic,0.061899038461538325,0.0605109299689118,0.001388108492626522,Ours
CCT,vit,kNN,brightness_0.4,brightness,Synthetic,0.04687499999999978,0.0542838360638796,0.00740883606387982,Ours
CCT,vit,kNN,brightness_0.42500000000000004,brightness,Synthetic,0.05288461538461542,0.05797396578538014,0.0050893504007647195,Ours
CCT,vit,kNN,brightness_0.45,brightness,Synthetic,0.060096153846153744,0.06327852726003719,0.0031823734138834436,Ours
CCT,vit,kNN,brightness_0.47500000000000003,brightness,Synthetic,0.06610576923076916,0.07146600257961647,0.005360233348847304,Ours
CCT,vit,kNN,brightness_0.5,brightness,Synthetic,0.0576923076923076,0.07757777993085174,0.019885472238544144,Ours
CCT,vit,kNN,contrast_0.025,contrast,Synthetic,-0.02854567307692324,-0.06197218059112666,0.033426507514203424,Ours
CCT,vit,kNN,contrast_0.05,contrast,Synthetic,-0.029146634615384803,-0.06197218059112666,0.03282554597574186,Ours
CCT,vit,kNN,contrast_0.07500000000000001,contrast,Synthetic,-0.02944711538461564,-0.06104785273917057,0.03160073735455493,Ours
CCT,vit,kNN,contrast_0.1,contrast,Synthetic,-0.027644230769230838,-0.05977690194273089,0.03213267117350005,Ours
CCT,vit,kNN,contrast_0.125,contrast,Synthetic,-0.025240384615384803,-0.056946147896115316,0.03170576328073051,Ours
CCT,vit,kNN,contrast_0.15000000000000002,contrast,Synthetic,-0.025841346153846256,-0.05174680372886219,0.02590545757501593,Ours
CCT,vit,kNN,contrast_0.17500000000000002,contrast,Synthetic,-0.023737980769230838,-0.044987656311433144,0.021249675542202306,Ours
CCT,vit,kNN,contrast_0.2,contrast,Synthetic,-0.018329326923076983,-0.0372464105513007,0.018917083628223717,Ours
CCT,vit,kNN,contrast_0.225,contrast,Synthetic,-0.015625,-0.030371722152377156,0.014746722152377156,Ours
CCT,vit,kNN,contrast_0.25,contrast,Synthetic,-0.010516826923076983,-0.019915263327123636,0.009398436404046653,Ours
CCT,vit,kNN,contrast_0.275,contrast,Synthetic,-0.00030048076923083755,-0.010325361863079002,0.010024881093848165,Ours
CCT,vit,kNN,contrast_0.30000000000000004,contrast,Synthetic,-0.002704326923076983,-0.0056459521125512,0.0029416251894742174,Ours
CCT,vit,kNN,contrast_0.325,contrast,Synthetic,0.01352163461538436,0.00278853953654834,0.010733095078836019,Ours
CCT,vit,kNN,contrast_0.35000000000000003,contrast,Synthetic,0.019230769230769162,0.01237844100059296,0.006852328230176202,Ours
CCT,vit,kNN,contrast_0.375,contrast,Synthetic,0.012319711538461453,0.010009850879955429,0.0023098606585060244,Ours
CCT,vit,kNN,contrast_0.4,contrast,Synthetic,0.01352163461538436,0.014400408176746968,0.0008787735613626085,Ours
CCT,vit,kNN,contrast_0.42500000000000004,contrast,Synthetic,0.011418269230769162,0.011396342657889608,2.1926572879554795e-05,Ours
CCT,vit,kNN,contrast_0.45,contrast,Synthetic,0.011418269230769162,0.01411155572301065,0.0026932864922414868,Ours
CCT,vit,kNN,contrast_0.47500000000000003,contrast,Synthetic,0.017728365384615197,0.01416932621375791,0.0035590391708572866,Ours
CCT,vit,kNN,contrast_0.5,contrast,Synthetic,0.01171875,0.021332867066417807,0.009614117066417807,Ours
CCT,vit,kNN,fog_0.025,fog,Synthetic,0.2620192307692306,0.2649453368387618,0.002926106069531198,Ours
CCT,vit,kNN,fog_0.05,fog,Synthetic,0.2572115384615383,0.2629899498874973,0.005778411425958974,Ours
CCT,vit,kNN,fog_0.07500000000000001,fog,Synthetic,0.2451923076923076,0.27633259026083135,0.031140282568523747,Ours
CCT,vit,kNN,fog_0.1,fog,Synthetic,0.2572115384615383,0.2536731061785314,0.0035384322830069315,Ours
CCT,vit,kNN,fog_0.125,fog,Synthetic,0.26021634615384603,0.26241483607830196,0.0021984899244559264,Ours
CCT,vit,kNN,fog_0.15000000000000002,fog,Synthetic,0.266826923076923,0.26160967674542834,0.005217246331494674,Ours
CCT,vit,kNN,fog_0.17500000000000002,fog,Synthetic,0.23137019230769218,0.2604594491270375,0.02908925681934532,Ours
CCT,vit,kNN,fog_0.2,fog,Synthetic,0.26141826923076916,0.26920117902680796,0.007782909796038795,Ours
CCT,vit,kNN,fog_0.225,fog,Synthetic,0.2638221153846154,0.261149585698072,0.0026725296865434123,Ours
CCT,vit,kNN,fog_0.25,fog,Synthetic,0.28004807692307687,0.2559735614153131,0.024074515507763794,Ours
CCT,vit,kNN,fog_0.275,fog,Synthetic,0.27103365384615374,0.26805095140841717,0.002982702437736573,Ours
CCT,vit,kNN,fog_0.30000000000000004,fog,Synthetic,0.2716346153846154,0.25884913046129027,0.012785484923325152,Ours
CCT,vit,kNN,fog_0.325,fog,Synthetic,0.23978365384615374,0.24826703637209435,0.008483382525940608,Ours
CCT,vit,kNN,fog_0.35000000000000003,fog,Synthetic,0.27223557692307687,0.251717719227267,0.020517857695809882,Ours
CCT,vit,kNN,fog_0.375,fog,Synthetic,0.266826923076923,0.26851104245577345,0.001684119378850435,Ours
CCT,vit,kNN,fog_0.4,fog,Synthetic,0.2542067307692306,0.2627599043638192,0.00855317359458857,Ours
CCT,vit,kNN,fog_0.42500000000000004,fog,Synthetic,0.2620192307692306,0.25217781027462327,0.009841420494607345,Ours
CCT,vit,kNN,fog_0.45,fog,Synthetic,0.24218749999999978,0.28127856901991205,0.03909106901991227,Ours
CCT,vit,kNN,fog_0.47500000000000003,fog,Synthetic,0.24699519230769218,0.24608160389715172,0.0009135884105404557,Ours
CCT,vit,kNN,fog_0.5,fog,Synthetic,0.2734374999999998,0.2713866115017506,0.0020508884982491926,Ours
CCT,vit,kNN,hue_0.025,hue,Synthetic,-0.0282451923076924,-0.05609203404470946,0.027846841737017056,Ours
CCT,vit,kNN,hue_0.05,hue,Synthetic,-0.0234375,-0.03427104313340568,0.010833543133405683,Ours
CCT,vit,kNN,hue_0.07500000000000001,hue,Synthetic,-0.008413461538461564,-0.017847876289634898,0.009434414751173334,Ours
CCT,vit,kNN,hue_0.1,hue,Synthetic,0.0030048076923075984,0.006959144956899907,0.003954337264592309,Ours
CCT,vit,kNN,hue_0.125,hue,Synthetic,0.010216346153846034,0.018673571656652455,0.00845722550280642,Ours
CCT,vit,kNN,hue_0.15000000000000002,hue,Synthetic,0.013221153846153744,0.012816358306776202,0.0004047955393775421,Ours
CCT,vit,kNN,hue_0.17500000000000002,hue,Synthetic,0.021033653846153744,0.028435593906446247,0.007401940060292503,Ours
CCT,vit,kNN,hue_0.2,hue,Synthetic,0.019230769230769162,0.031766166203434754,0.012535396972665591,Ours
CCT,vit,kNN,hue_0.225,hue,Synthetic,0.029447115384615197,0.03567097510335224,0.00622385971873704,Ours
CCT,vit,kNN,hue_0.25,hue,Synthetic,0.019831730769230838,0.05232383658829459,0.032492105819063755,Ours
CCT,vit,kNN,hue_0.275,hue,Synthetic,0.016826923076923017,0.033144334050464436,0.01631741097354142,Ours
CCT,vit,kNN,hue_0.30000000000000004,hue,Synthetic,0.013822115384615197,0.04221727237674336,0.028395156992128162,Ours
CCT,vit,kNN,hue_0.325,hue,Synthetic,0.0234375,0.02659803677707334,0.0031605367770733417,Ours
CCT,vit,kNN,hue_0.35000000000000003,hue,Synthetic,0.012019230769230838,0.020740823427197033,0.008721592657966196,Ours
CCT,vit,kNN,hue_0.375,hue,Synthetic,0.009014423076923017,0.014194526153805911,0.005180103076882894,Ours
CCT,vit,kNN,hue_0.4,hue,Synthetic,0.018028846153846034,0.016032083283178858,0.0019967628706671764,Ours
CCT,vit,kNN,hue_0.42500000000000004,hue,Synthetic,0.013221153846153744,0.01741025113020858,0.004189097284054838,Ours
CCT,vit,kNN,hue_0.45,hue,Synthetic,0.016225961538461453,0.029584067112304394,0.01335810557384294,Ours
CCT,vit,kNN,hue_0.47500000000000003,hue,Synthetic,0.01442307692307676,0.025794105532972664,0.011371028609895903,Ours
CCT,vit,kNN,hue_0.5,hue,Synthetic,0.021634615384615197,0.0336037233328077,0.011969107948192503,Ours
CCT,vit,kNN,jpeg_0.025,jpeg,Synthetic,-0.030649038461538547,-0.06648613298914727,0.03583709452760872,Ours
CCT,vit,kNN,jpeg_0.05,jpeg,Synthetic,-0.030048076923076983,-0.06660267112060617,0.03655459419752918,Ours
CCT,vit,kNN,jpeg_0.07500000000000001,jpeg,Synthetic,-0.02944711538461564,-0.06625305672622943,0.03680594134161379,Ours
CCT,vit,kNN,jpeg_0.1,jpeg,Synthetic,-0.030649038461538547,-0.06578690420039375,0.035137865738855203,Ours
CCT,vit,kNN,jpeg_0.125,jpeg,Synthetic,-0.02944711538461564,-0.06613651859477052,0.036689403210154875,Ours
CCT,vit,kNN,jpeg_0.15000000000000002,jpeg,Synthetic,-0.028846153846153966,-0.06613651859477049,0.03729036474861652,Ours
CCT,vit,kNN,jpeg_0.17500000000000002,jpeg,Synthetic,-0.0282451923076924,-0.0666026711206062,0.03835747881291379,Ours
CCT,vit,kNN,jpeg_0.2,jpeg,Synthetic,-0.030048076923076983,-0.06683574738352405,0.036787670460447064,Ours
CCT,vit,kNN,jpeg_0.225,jpeg,Synthetic,-0.028846153846153966,-0.06567036606893481,0.036824212222780844,Ours
CCT,vit,kNN,jpeg_0.25,jpeg,Synthetic,-0.028846153846153966,-0.06567036606893481,0.036824212222780844,Ours
CCT,vit,kNN,jpeg_0.275,jpeg,Synthetic,-0.02944711538461564,-0.06555382793747588,0.03610671255286024,Ours
CCT,vit,kNN,jpeg_0.30000000000000004,jpeg,Synthetic,-0.028846153846153966,-0.06485459914872238,0.036008445302568415,Ours
CCT,vit,kNN,jpeg_0.325,jpeg,Synthetic,-0.027043269230769162,-0.0646215228858045,0.03757825365503534,Ours
CCT,vit,kNN,jpeg_0.35000000000000003,jpeg,Synthetic,-0.027644230769230838,-0.06485459914872235,0.037210368379491515,Ours
CCT,vit,kNN,jpeg_0.375,jpeg,Synthetic,-0.028846153846153966,-0.06532075167455807,0.03647459782840411,Ours
CCT,vit,kNN,jpeg_0.4,jpeg,Synthetic,-0.028846153846153966,-0.06543728980601697,0.036591135959863005,Ours
CCT,vit,kNN,jpeg_0.42500000000000004,jpeg,Synthetic,-0.0282451923076924,-0.06485459914872238,0.03660940684102998,Ours
CCT,vit,kNN,jpeg_0.45,jpeg,Synthetic,-0.0282451923076924,-0.06532075167455806,0.03707555936686566,Ours
CCT,vit,kNN,jpeg_0.47500000000000003,jpeg,Synthetic,-0.028846153846153966,-0.06625305672622941,0.03740690288007545,Ours
CCT,vit,kNN,jpeg_0.5,jpeg,Synthetic,-0.027043269230769162,-0.06555382793747588,0.03851055870670672,Ours
CCT,vit,kNN,multnoise_0.025,multnoise,Synthetic,-0.028846153846153966,-0.05818892883087492,0.029342774984720953,Ours
CCT,vit,kNN,multnoise_0.05,multnoise,Synthetic,-0.025240384615384803,-0.055075196511371,0.029834811895986198,Ours
CCT,vit,kNN,multnoise_0.07500000000000001,multnoise,Synthetic,-0.019230769230769162,-0.04812917826016997,0.028898409029400808,Ours
CCT,vit,kNN,multnoise_0.1,multnoise,Synthetic,-0.014423076923076983,-0.011243426167585127,0.0031796507554918557,Ours
CCT,vit,kNN,multnoise_0.125,multnoise,Synthetic,0.012019230769230838,0.09474323163091347,0.08272400086168263,Ours
CCT,vit,kNN,multnoise_0.15000000000000002,multnoise,Synthetic,0.07091346153846145,0.24228624000125284,0.1713727784627914,Ours
CCT,vit,kNN,multnoise_0.17500000000000002,multnoise,Synthetic,0.17007211538461542,0.36324276472044337,0.19317064933582795,Ours
CCT,vit,kNN,multnoise_0.2,multnoise,Synthetic,0.27223557692307687,0.4687503867774797,0.19651480985440284,Ours
CCT,vit,kNN,multnoise_0.225,multnoise,Synthetic,0.3485576923076922,0.5457553822175188,0.19719768990982667,Ours
CCT,vit,kNN,multnoise_0.25,multnoise,Synthetic,0.4044471153846153,0.5952158225234848,0.1907687071388695,Ours
CCT,vit,kNN,multnoise_0.275,multnoise,Synthetic,0.4567307692307692,0.6262333867831584,0.1695026175523892,Ours
CCT,vit,kNN,multnoise_0.30000000000000004,multnoise,Synthetic,0.5054086538461537,0.6522210757574797,0.14681242191132593,Ours
CCT,vit,kNN,multnoise_0.325,multnoise,Synthetic,0.540264423076923,0.6661131122598817,0.12584868918295866,Ours
CCT,vit,kNN,multnoise_0.35000000000000003,multnoise,Synthetic,0.5721153846153846,0.6780890057964353,0.10597362118105069,Ours
CCT,vit,kNN,multnoise_0.375,multnoise,Synthetic,0.596153846153846,0.6877894795610435,0.09163563340719749,Ours
CCT,vit,kNN,multnoise_0.4,multnoise,Synthetic,0.6171874999999999,0.6913822476220095,0.07419474762200962,Ours
CCT,vit,kNN,multnoise_0.42500000000000004,multnoise,Synthetic,0.6406249999999999,0.6944959799415135,0.053870979941513575,Ours
CCT,vit,kNN,multnoise_0.45,multnoise,Synthetic,0.658653846153846,0.6976097122610174,0.03895586610717139,Ours
CCT,vit,kNN,multnoise_0.47500000000000003,multnoise,Synthetic,0.6688701923076923,0.6992863373561349,0.03041614504844259,Ours
CCT,vit,kNN,multnoise_0.5,multnoise,Synthetic,0.6736778846153846,0.7014419981927146,0.027764113577329996,Ours
CCT,vit,kNN,noise_0.025,noise,Synthetic,-0.027043269230769162,-0.05327361373208078,0.02623034450131162,Ours
CCT,vit,kNN,noise_0.05,noise,Synthetic,-0.015625,-0.025651297111715265,0.010026297111715265,Ours
CCT,vit,kNN,noise_0.07500000000000001,noise,Synthetic,0.04747596153846145,0.1009603827440825,0.05348442120562105,Ours
CCT,vit,kNN,noise_0.1,noise,Synthetic,0.15264423076923062,0.2575620063591342,0.10491777558990356,Ours
CCT,vit,kNN,noise_0.125,noise,Synthetic,0.3155048076923076,0.37211006222154785,0.056605254529240256,Ours
CCT,vit,kNN,noise_0.15000000000000002,noise,Synthetic,0.42367788461538447,0.445055526929207,0.021377642313822554,Ours
CCT,vit,kNN,noise_0.17500000000000002,noise,Synthetic,0.48858173076923067,0.49635411493845716,0.007772384169226487,Ours
CCT,vit,kNN,noise_0.2,noise,Synthetic,0.5342548076923076,0.5526134455244262,0.01835863783211855,Ours
CCT,vit,kNN,noise_0.225,noise,Synthetic,0.5679086538461537,0.5936523159318261,0.02574366208567236,Ours
CCT,vit,kNN,noise_0.25,noise,Synthetic,0.6051682692307692,0.6178923080680653,0.012724038837296114,Ours
CCT,vit,kNN,noise_0.275,noise,Synthetic,0.635216346153846,0.6324363033498087,0.0027800428040373193,Ours
CCT,vit,kNN,noise_0.30000000000000004,noise,Synthetic,0.665264423076923,0.6393136964675324,0.025950726609390573,Ours
CCT,vit,kNN,noise_0.325,noise,Synthetic,0.6941105769230769,0.6437107182968967,0.05039985862618013,Ours
CCT,vit,kNN,noise_0.35000000000000003,noise,Synthetic,0.7127403846153846,0.6455146246884309,0.06722575992695368,Ours
CCT,vit,kNN,noise_0.375,noise,Synthetic,0.7301682692307692,0.6476567635283775,0.08251150570239163,Ours
CCT,vit,kNN,noise_0.4,noise,Synthetic,0.7421875,0.6484459725746736,0.09374152742532638,Ours
CCT,vit,kNN,noise_0.42500000000000004,noise,Synthetic,0.7475961538461537,0.6520537853577418,0.09554236848841191,Ours
CCT,vit,kNN,noise_0.45,noise,Synthetic,0.75,0.6535194593008633,0.0964805406991367,Ours
CCT,vit,kNN,noise_0.47500000000000003,noise,Synthetic,0.7578125,0.6552106215429264,0.10260187845707358,Ours
CCT,vit,kNN,noise_0.5,noise,Synthetic,0.7632211538461537,0.6567890396355187,0.10643211421063503,Ours
CCT,vit,kNN,saltpepper_0.025,saltpepper,Synthetic,0.6760817307692306,0.6310329818019049,0.04504874896732569,Ours
CCT,vit,kNN,saltpepper_0.05,saltpepper,Synthetic,0.6874999999999999,0.6315769593937302,0.055923040606269736,Ours
CCT,vit,kNN,saltpepper_0.07500000000000001,saltpepper,Synthetic,0.6893028846153846,0.6323385280222857,0.05696435659309884,Ours
CCT,vit,kNN,saltpepper_0.1,saltpepper,Synthetic,0.6953125,0.6329913011324759,0.062321198867524075,Ours
CCT,vit,kNN,saltpepper_0.125,saltpepper,Synthetic,0.7085336538461537,0.6340792563161266,0.07445439753002714,Ours
CCT,vit,kNN,saltpepper_0.15000000000000002,saltpepper,Synthetic,0.7109375,0.6351672114997771,0.07577028850022294,Ours
CCT,vit,kNN,saltpepper_0.17500000000000002,saltpepper,Synthetic,0.7139423076923076,0.6354935980548722,0.07844870963743544,Ours
CCT,vit,kNN,saltpepper_0.2,saltpepper,Synthetic,0.71875,0.6359287801283324,0.08282121987166757,Ours
CCT,vit,kNN,saltpepper_0.225,saltpepper,Synthetic,0.7193509615384615,0.6371255308303478,0.08222543070811361,Ours
CCT,vit,kNN,saltpepper_0.25,saltpepper,Synthetic,0.7235576923076922,0.6366903487568876,0.08686734355080461,Ours
CCT,vit,kNN,saltpepper_0.275,saltpepper,Synthetic,0.7295673076923076,0.6374519173854432,0.09211539030686444,Ours
CCT,vit,kNN,saltpepper_0.30000000000000004,saltpepper,Synthetic,0.7295673076923076,0.6374519173854432,0.09211539030686444,Ours
CCT,vit,kNN,saltpepper_0.325,saltpepper,Synthetic,0.7325721153846153,0.6374519173854432,0.09512019799917215,Ours
CCT,vit,kNN,saltpepper_0.35000000000000003,saltpepper,Synthetic,0.7313701923076922,0.6386486680874586,0.09272152422023361,Ours
CCT,vit,kNN,saltpepper_0.375,saltpepper,Synthetic,0.7313701923076922,0.6385398725690936,0.09283031973859857,Ours
CCT,vit,kNN,saltpepper_0.4,saltpepper,Synthetic,0.7319711538461537,0.6387574636058237,0.09321369024033,Ours
CCT,vit,kNN,saltpepper_0.42500000000000004,saltpepper,Synthetic,0.736778846153846,0.6387574636058237,0.09802138254802228,Ours
CCT,vit,kNN,saltpepper_0.45,saltpepper,Synthetic,0.7397836538461537,0.6387574636058237,0.10102619024033,Ours
CCT,vit,kNN,saltpepper_0.47500000000000003,saltpepper,Synthetic,0.7421875,0.6387574636058237,0.10343003639417625,Ours
CCT,vit,kNN,saltpepper_0.5,saltpepper,Synthetic,0.7463942307692307,0.6385398725690936,0.10785435820013711,Ours
CCT,vit,kNN,smear_0.025,smear,Synthetic,-0.025240384615384803,-0.050340465385765705,0.025100080770380902,Ours
CCT,vit,kNN,smear_0.05,smear,Synthetic,-0.027043269230769162,-0.04873411145555565,0.02169084222478649,Ours
CCT,vit,kNN,smear_0.07500000000000001,smear,Synthetic,-0.02644230769230782,-0.04609510142735349,0.019652793735045672,Ours
CCT,vit,kNN,smear_0.1,smear,Synthetic,-0.0234375,-0.04460348706358707,0.02116598706358707,Ours
CCT,vit,kNN,smear_0.125,smear,Synthetic,-0.021033653846153966,-0.04288239356693344,0.021848739720779477,Ours
CCT,vit,kNN,smear_0.15000000000000002,smear,Synthetic,-0.02163461538461564,-0.033473749118560506,0.011839133733944865,Ours
CCT,vit,kNN,smear_0.17500000000000002,smear,Synthetic,-0.0204326923076924,-0.02326192770508255,0.002829235397390148,Ours
CCT,vit,kNN,smear_0.2,smear,Synthetic,-0.015625,-0.012017450193612417,0.0036075498063875833,Ours
CCT,vit,kNN,smear_0.225,smear,Synthetic,-0.015024038461538547,-0.0028382848781265957,0.012185753583411951,Ours
CCT,vit,kNN,smear_0.25,smear,Synthetic,-0.0018028846153848033,0.025731867166323003,0.027534751781707806,Ours
CCT,vit,kNN,smear_0.275,smear,Synthetic,-0.0006009615384615641,0.03640264684557527,0.03700360838403684,Ours
CCT,vit,kNN,smear_0.30000000000000004,smear,Synthetic,0.0042067307692308376,0.05200722788190118,0.04780049711267034,Ours
CCT,vit,kNN,smear_0.325,smear,Synthetic,0.015625,0.08264269212233508,0.06701769212233508,Ours
CCT,vit,kNN,smear_0.35000000000000003,smear,Synthetic,0.03185096153846145,0.1001978457882017,0.06834688424974025,Ours
CCT,vit,kNN,smear_0.375,smear,Synthetic,0.02824519230769218,0.11511398942586612,0.08686879711817394,Ours
CCT,vit,kNN,smear_0.4,smear,Synthetic,0.05288461538461542,0.1526338276529144,0.09974921226829897,Ours
CCT,vit,kNN,smear_0.42500000000000004,smear,Synthetic,0.06790865384615374,0.15137169242203508,0.08346303857588133,Ours
CCT,vit,kNN,smear_0.45,smear,Synthetic,0.08173076923076916,0.1799418444664847,0.09821107523571554,Ours
CCT,vit,kNN,smear_0.47500000000000003,smear,Synthetic,0.09555288461538458,0.191415801110842,0.09586291649545742,Ours
CCT,vit,kNN,smear_0.5,smear,Synthetic,0.10697115384615374,0.2044961116854092,0.09752495783925547,Ours
CCT,vit,kNN,OoD Test,Organic,Organic,0.640687775090844,0.6483676321585516,0.007679857067707685,Ours
CCT,vit,kNN,OoD Val,Organic,Organic,0.6275473891959669,0.646903637667336,0.019356248471369186,Ours
CCT,vit,kNN,ind_test,Organic,Organic,-0.02944711538461564,-0.05927999437081484,0.0298328789861992,Ours
NICO,vit,Energy,brightness_0.025,brightness,Synthetic,-0.012820512820512775,-0.010327280457479271,0.002493232363033504,Ours
NICO,vit,Energy,brightness_0.05,brightness,Synthetic,-0.004006410256410242,0.02981270334616254,0.03381911360257278,Ours
NICO,vit,Energy,brightness_0.07500000000000001,brightness,Synthetic,0.01602564102564108,0.0778357087997294,0.06181006777408832,Ours
NICO,vit,Energy,brightness_0.1,brightness,Synthetic,0.0625,0.11779447371486712,0.05529447371486712,Ours
NICO,vit,Energy,brightness_0.125,brightness,Synthetic,0.09375,0.15213545308638005,0.058385453086380046,Ours
NICO,vit,Energy,brightness_0.15000000000000002,brightness,Synthetic,0.10576923076923073,0.15675653474323276,0.05098730397400203,Ours
NICO,vit,Energy,brightness_0.17500000000000002,brightness,Synthetic,0.1546474358974359,0.18085864691426817,0.02621121101683227,Ours
NICO,vit,Energy,brightness_0.2,brightness,Synthetic,0.17307692307692313,0.17288501582009108,0.0001919072568320468,Ours
NICO,vit,Energy,brightness_0.225,brightness,Synthetic,0.18669871794871795,0.19617164299285839,0.009472925044140434,Ours
NICO,vit,Energy,brightness_0.25,brightness,Synthetic,0.21314102564102566,0.21519962628578115,0.0020586006447554928,Ours
NICO,vit,Energy,brightness_0.275,brightness,Synthetic,0.24198717948717952,0.21184707684845672,0.0301401026387228,Ours
NICO,vit,Energy,brightness_0.30000000000000004,brightness,Synthetic,0.23397435897435903,0.20767904241286406,0.026295316561494975,Ours
NICO,vit,Energy,brightness_0.325,brightness,Synthetic,0.25,0.2267070257057867,0.023292974294213287,Ours
NICO,vit,Energy,brightness_0.35000000000000003,brightness,Synthetic,0.28044871794871795,0.22716007292704687,0.05328864502167108,Ours
NICO,vit,Energy,brightness_0.375,brightness,Synthetic,0.2548076923076923,0.228609824035079,0.02619786827261328,Ours
NICO,vit,Energy,brightness_0.4,brightness,Synthetic,0.2628205128205129,0.23033140347586734,0.03248910934464555,Ours
NICO,vit,Energy,brightness_0.42500000000000004,brightness,Synthetic,0.27403846153846156,0.2528931550946185,0.021145306443843048,Ours
NICO,vit,Energy,brightness_0.45,brightness,Synthetic,0.2516025641025641,0.23730833068327228,0.014294233419291813,Ours
NICO,vit,Energy,brightness_0.47500000000000003,brightness,Synthetic,0.29166666666666663,0.2473659789952457,0.044300687671420924,Ours
NICO,vit,Energy,brightness_0.5,brightness,Synthetic,0.31009615384615385,0.26376628840486005,0.046329865441293805,Ours
NICO,vit,Energy,contrast_0.025,contrast,Synthetic,0.010016025641025661,0.004242039607535386,0.005773986033490275,Ours
NICO,vit,Energy,contrast_0.05,contrast,Synthetic,0.029246794871794934,0.03451200182207309,0.005265206950278156,Ours
NICO,vit,Energy,contrast_0.07500000000000001,contrast,Synthetic,0.049278846153846145,0.07526526429381952,0.025986418139973377,Ours
NICO,vit,Energy,contrast_0.1,contrast,Synthetic,0.07371794871794868,0.11996678270659256,0.04624883398864388,Ours
NICO,vit,Energy,contrast_0.125,contrast,Synthetic,0.11418269230769229,0.1470599872674307,0.0328772949597384,Ours
NICO,vit,Energy,contrast_0.15000000000000002,contrast,Synthetic,0.13822115384615385,0.1727009597580061,0.034479805911852235,Ours
NICO,vit,Energy,contrast_0.17500000000000002,contrast,Synthetic,0.1594551282051283,0.18899318829626555,0.02953806009113724,Ours
NICO,vit,Energy,contrast_0.2,contrast,Synthetic,0.18229166666666663,0.20678303115698332,0.02449136449031669,Ours
NICO,vit,Energy,contrast_0.225,contrast,Synthetic,0.21674679487179493,0.22793116068018365,0.011184365808388719,Ours
NICO,vit,Energy,contrast_0.25,contrast,Synthetic,0.21474358974358976,0.21890009249323755,0.004156502749647795,Ours
NICO,vit,Energy,contrast_0.275,contrast,Synthetic,0.23157051282051289,0.22770424941920514,0.0038662634013077457,Ours
NICO,vit,Energy,contrast_0.30000000000000004,contrast,Synthetic,0.2580128205128205,0.23668993535395538,0.0213228851588651,Ours
NICO,vit,Energy,contrast_0.325,contrast,Synthetic,0.28044871794871795,0.24004822201643788,0.04040049593228007,Ours
NICO,vit,Energy,contrast_0.35000000000000003,contrast,Synthetic,0.2872596153846153,0.22402828699135274,0.06323132839326256,Ours
NICO,vit,Energy,contrast_0.375,contrast,Synthetic,0.27283653846153844,0.25334522190978054,0.019491316551757898,Ours
NICO,vit,Energy,contrast_0.4,contrast,Synthetic,0.26482371794871795,0.2658253412636004,0.0010016233148824605,Ours
NICO,vit,Energy,contrast_0.42500000000000004,contrast,Synthetic,0.2764423076923077,0.24885237894240536,0.027589928749902348,Ours
NICO,vit,Energy,contrast_0.45,contrast,Synthetic,0.2640224358974359,0.24662864858481565,0.017393787312620257,Ours
NICO,vit,Energy,contrast_0.47500000000000003,contrast,Synthetic,0.2876602564102564,0.24708247110677278,0.040577785303483604,Ours
NICO,vit,Energy,contrast_0.5,contrast,Synthetic,0.27724358974358976,0.2543436314580861,0.022899958285503674,Ours
NICO,vit,Energy,fog_0.025,fog,Synthetic,0.28205128205128205,0.3156014127097251,0.033550130658443034,Ours
NICO,vit,Energy,fog_0.05,fog,Synthetic,0.27083333333333337,0.3019548028729281,0.031121469539594715,Ours
NICO,vit,Energy,fog_0.07500000000000001,fog,Synthetic,0.2692307692307693,0.29676909113494543,0.027538321904176155,Ours
NICO,vit,Energy,fog_0.1,fog,Synthetic,0.2908653846153846,0.2920382663915223,0.0011728817761377242,Ours
NICO,vit,Energy,fog_0.125,fog,Synthetic,0.29647435897435903,0.3171480284912287,0.020673669516869664,Ours
NICO,vit,Energy,fog_0.15000000000000002,fog,Synthetic,0.2988782051282052,0.29631420414038545,0.0025640009878197256,Ours
NICO,vit,Energy,fog_0.17500000000000002,fog,Synthetic,0.2764423076923077,0.30522998923375955,0.028787681541451837,Ours
NICO,vit,Energy,fog_0.2,fog,Synthetic,0.2844551282051283,0.3041382604468156,0.019683132241687273,Ours
NICO,vit,Energy,fog_0.225,fog,Synthetic,0.2940705128205129,0.2855788710687719,0.008491641751740997,Ours
NICO,vit,Energy,fog_0.25,fog,Synthetic,0.27403846153846156,0.3151465257151653,0.04110806417670376,Ours
NICO,vit,Energy,fog_0.275,fog,Synthetic,0.2620192307692307,0.320332237453148,0.05831300668391726,Ours
NICO,vit,Energy,fog_0.30000000000000004,fog,Synthetic,0.2628205128205129,0.3276104293661064,0.06478991654559352,Ours
NICO,vit,Energy,fog_0.325,fog,Synthetic,0.2828525641025641,0.27457060580042236,0.008281958302141734,Ours
NICO,vit,Energy,fog_0.35000000000000003,fog,Synthetic,0.30208333333333337,0.320059305256412,0.01797597192307865,Ours
NICO,vit,Energy,fog_0.375,fog,Synthetic,0.28685897435897434,0.29431270136432186,0.007453727005347521,Ours
NICO,vit,Energy,fog_0.4,fog,Synthetic,0.28205128205128205,0.307231492009823,0.025180209958540978,Ours
NICO,vit,Energy,fog_0.42500000000000004,fog,Synthetic,0.28365384615384615,0.31687509629449284,0.033221250140646696,Ours
NICO,vit,Energy,fog_0.45,fog,Synthetic,0.29487179487179493,0.3009540514848964,0.006082256613101467,Ours
NICO,vit,Energy,fog_0.47500000000000003,fog,Synthetic,0.2692307692307693,0.3108705879663022,0.04163981873553291,Ours
NICO,vit,Energy,fog_0.5,fog,Synthetic,0.26522435897435903,0.2822127073090286,0.016988348334669556,Ours
NICO,vit,Energy,hue_0.025,hue,Synthetic,0.24439102564102566,0.23110333528697646,0.013287690354049198,Ours
NICO,vit,Energy,hue_0.05,hue,Synthetic,0.326923076923077,0.25491037414443596,0.07201270277864102,Ours
NICO,vit,Energy,hue_0.07500000000000001,hue,Synthetic,0.3637820512820513,0.2190166847901125,0.14476536649193883,Ours
NICO,vit,Energy,hue_0.1,hue,Synthetic,0.36778846153846156,0.25719951249611483,0.11058894904234673,Ours
NICO,vit,Energy,hue_0.125,hue,Synthetic,0.374198717948718,0.23742135713760992,0.13677736081110808,Ours
NICO,vit,Energy,hue_0.15000000000000002,hue,Synthetic,0.37500000000000006,0.23302621150238667,0.14197378849761338,Ours
NICO,vit,Energy,hue_0.17500000000000002,hue,Synthetic,0.4030448717948718,0.25701638142798044,0.14602849036689136,Ours
NICO,vit,Energy,hue_0.2,hue,Synthetic,0.3806089743589744,0.24099241296622886,0.13961656139274553,Ours
NICO,vit,Energy,hue_0.225,hue,Synthetic,0.41907051282051283,0.2405345852958931,0.17853592752461972,Ours
NICO,vit,Energy,hue_0.25,hue,Synthetic,0.374198717948718,0.22267930615279852,0.1515194117959195,Ours
NICO,vit,Energy,hue_0.275,hue,Synthetic,0.3894230769230769,0.24785982802126527,0.14156324890181166,Ours
NICO,vit,Energy,hue_0.30000000000000004,hue,Synthetic,0.4278846153846154,0.24099241296622886,0.18689220241838655,Ours
NICO,vit,Energy,hue_0.325,hue,Synthetic,0.4094551282051282,0.22835636926496194,0.18109875894016625,Ours
NICO,vit,Energy,hue_0.35000000000000003,hue,Synthetic,0.3942307692307692,0.26012960958626363,0.13410115964450559,Ours
NICO,vit,Energy,hue_0.375,hue,Synthetic,0.3822115384615385,0.2704765149358519,0.1117350235256866,Ours
NICO,vit,Energy,hue_0.4,hue,Synthetic,0.4038461538461539,0.27478009503700795,0.12906605880914596,Ours
NICO,vit,Energy,hue_0.42500000000000004,hue,Synthetic,0.374198717948718,0.27194156348092613,0.10225715446779188,Ours
NICO,vit,Energy,hue_0.45,hue,Synthetic,0.3934294871794873,0.24685260714652668,0.1465768800329606,Ours
NICO,vit,Energy,hue_0.47500000000000003,hue,Synthetic,0.3870192307692308,0.24245746151130332,0.14456176925792746,Ours
NICO,vit,Energy,hue_0.5,hue,Synthetic,0.3950320512820513,0.24108397850029606,0.15394807278175526,Ours
NICO,vit,Energy,jpeg_0.025,jpeg,Synthetic,0.0328525641025641,0.015754255845433995,0.0170983082571301,Ours
NICO,vit,Energy,jpeg_0.05,jpeg,Synthetic,0.0328525641025641,0.016761250392429372,0.016091313710134725,Ours
NICO,vit,Energy,jpeg_0.07500000000000001,jpeg,Synthetic,0.0328525641025641,0.017402065104153708,0.015450498998410389,Ours
NICO,vit,Energy,jpeg_0.1,jpeg,Synthetic,0.03205128205128205,0.014106446586714116,0.017944835464567932,Ours
NICO,vit,Energy,jpeg_0.125,jpeg,Synthetic,0.03205128205128205,0.015754255845433995,0.016297026205848053,Ours
NICO,vit,Energy,jpeg_0.15000000000000002,jpeg,Synthetic,0.03125,0.015754255845433995,0.015495744154566005,Ours
NICO,vit,Energy,jpeg_0.17500000000000002,jpeg,Synthetic,0.0328525641025641,0.01822596973351359,0.014626594369050505,Ours
NICO,vit,Energy,jpeg_0.2,jpeg,Synthetic,0.0328525641025641,0.01776824493942486,0.015084319163139237,Ours
NICO,vit,Energy,jpeg_0.225,jpeg,Synthetic,0.0328525641025641,0.01877523948642018,0.014077324616143916,Ours
NICO,vit,Energy,jpeg_0.25,jpeg,Synthetic,0.0328525641025641,0.01831751469233145,0.014535049410232648,Ours
NICO,vit,Energy,jpeg_0.275,jpeg,Synthetic,0.0328525641025641,0.01666970543361157,0.016182858668952527,Ours
NICO,vit,Energy,jpeg_0.30000000000000004,jpeg,Synthetic,0.03205128205128205,0.018958329404055785,0.013092952647226264,Ours
NICO,vit,Energy,jpeg_0.325,jpeg,Synthetic,0.0328525641025641,0.018958329404055785,0.013894234698508312,Ours
NICO,vit,Energy,jpeg_0.35000000000000003,jpeg,Synthetic,0.033653846153846145,0.021521588250953183,0.012132257902892962,Ours
NICO,vit,Energy,jpeg_0.375,jpeg,Synthetic,0.034455128205128305,0.021613133209770985,0.01284199499535732,Ours
NICO,vit,Energy,jpeg_0.4,jpeg,Synthetic,0.03205128205128205,0.016852795351247174,0.015198486700034874,Ours
NICO,vit,Energy,jpeg_0.42500000000000004,jpeg,Synthetic,0.03044871794871795,0.017402065104153708,0.013046652844564244,Ours
NICO,vit,Energy,jpeg_0.45,jpeg,Synthetic,0.0328525641025641,0.01978223403341567,0.013070330069148428,Ours
NICO,vit,Energy,jpeg_0.47500000000000003,jpeg,Synthetic,0.0328525641025641,0.022986307592037458,0.009866256510526639,Ours
NICO,vit,Energy,jpeg_0.5,jpeg,Synthetic,0.0328525641025641,0.023169397509673006,0.00968316659289109,Ours
NICO,vit,Energy,multnoise_0.025,multnoise,Synthetic,0.0024038461538461453,-0.005442160669847984,0.00784600682369413,Ours
NICO,vit,Energy,multnoise_0.05,multnoise,Synthetic,0.0032051282051283048,-0.0035105711084780222,0.006715699313606327,Ours
NICO,vit,Energy,multnoise_0.07500000000000001,multnoise,Synthetic,0.0032051282051283048,0.004123806681698594,0.0009186784765702893,Ours
NICO,vit,Energy,multnoise_0.1,multnoise,Synthetic,0.005608974358974339,0.024267526393128513,0.018658552034154174,Ours
NICO,vit,Energy,multnoise_0.125,multnoise,Synthetic,0.009615384615384581,0.057104548936418364,0.04748916432103378,Ours
NICO,vit,Energy,multnoise_0.15000000000000002,multnoise,Synthetic,0.016826923076923128,0.10199101112444486,0.08516408804752174,Ours
NICO,vit,Energy,multnoise_0.17500000000000002,multnoise,Synthetic,0.034455128205128305,0.16030661978675792,0.12585149158162962,Ours
NICO,vit,Energy,multnoise_0.2,multnoise,Synthetic,0.0625,0.2295679026301677,0.1670679026301677,Ours
NICO,vit,Energy,multnoise_0.225,multnoise,Synthetic,0.10576923076923073,0.2947820454402307,0.18901281467099995,Ours
NICO,vit,Energy,multnoise_0.25,multnoise,Synthetic,0.1498397435897436,0.3621117387222704,0.21227199513252681,Ours
NICO,vit,Energy,multnoise_0.275,multnoise,Synthetic,0.22275641025641024,0.41932358192094354,0.1965671716645333,Ours
NICO,vit,Energy,multnoise_0.30000000000000004,multnoise,Synthetic,0.29487179487179493,0.46954491051656333,0.1746731156447684,Ours
NICO,vit,Energy,multnoise_0.325,multnoise,Synthetic,0.35897435897435903,0.5058771903613799,0.14690283138702087,Ours
NICO,vit,Energy,multnoise_0.35000000000000003,multnoise,Synthetic,0.41746794871794873,0.541013724287253,0.1235457755693043,Ours
NICO,vit,Energy,multnoise_0.375,multnoise,Synthetic,0.4783653846153847,0.5574782257865495,0.0791128411711648,Ours
NICO,vit,Energy,multnoise_0.4,multnoise,Synthetic,0.5128205128205128,0.5774379845873728,0.06461747176686006,Ours
NICO,vit,Energy,multnoise_0.42500000000000004,multnoise,Synthetic,0.5496794871794872,0.5909591115169627,0.04127962433747545,Ours
NICO,vit,Energy,multnoise_0.45,multnoise,Synthetic,0.5697115384615385,0.595190212460916,0.02547867399937742,Ours
NICO,vit,Energy,multnoise_0.47500000000000003,multnoise,Synthetic,0.5897435897435899,0.6011689420556326,0.01142535231204278,Ours
NICO,vit,Energy,multnoise_0.5,multnoise,Synthetic,0.6065705128205128,0.6061358866420127,0.0004346261785000971,Ours
NICO,vit,Energy,noise_0.025,noise,Synthetic,0.04567307692307698,0.06851393367764164,0.022840856754564653,Ours
NICO,vit,Energy,noise_0.05,noise,Synthetic,0.10737179487179493,0.1312333800865252,0.023861585214730252,Ours
NICO,vit,Energy,noise_0.07500000000000001,noise,Synthetic,0.15224358974358976,0.19431694519734694,0.04207335545375718,Ours
NICO,vit,Energy,noise_0.1,noise,Synthetic,0.19631410256410253,0.25121049237521664,0.05489638981111411,Ours
NICO,vit,Energy,noise_0.125,noise,Synthetic,0.22596153846153844,0.3201199567170524,0.09415841825551396,Ours
NICO,vit,Energy,noise_0.15000000000000002,noise,Synthetic,0.2780448717948718,0.3755570290871686,0.09751215729229679,Ours
NICO,vit,Energy,noise_0.17500000000000002,noise,Synthetic,0.33493589743589747,0.42471305384884794,0.08977715641295048,Ours
NICO,vit,Energy,noise_0.2,noise,Synthetic,0.38621794871794873,0.4619441911220459,0.07572624240409714,Ours
NICO,vit,Energy,noise_0.225,noise,Synthetic,0.4318910256410257,0.5060935837320726,0.07420255809104687,Ours
NICO,vit,Energy,noise_0.25,noise,Synthetic,0.4727564102564103,0.5450542848394777,0.07229787458306741,Ours
NICO,vit,Energy,noise_0.275,noise,Synthetic,0.5184294871794872,0.5847432233507596,0.06631373617127234,Ours
NICO,vit,Energy,noise_0.30000000000000004,noise,Synthetic,0.5568910256410258,0.6186062626310276,0.06171523699000181,Ours
NICO,vit,Energy,noise_0.325,noise,Synthetic,0.6065705128205128,0.637449405456338,0.030878892635825217,Ours
NICO,vit,Energy,noise_0.35000000000000003,noise,Synthetic,0.639423076923077,0.6477357587860968,0.00831268186301981,Ours
NICO,vit,Energy,noise_0.375,noise,Synthetic,0.6770833333333334,0.6758639285108355,0.0012194048224978271,Ours
NICO,vit,Energy,noise_0.4,noise,Synthetic,0.7067307692307693,0.6946160416606615,0.012114727570107786,Ours
NICO,vit,Energy,noise_0.42500000000000004,noise,Synthetic,0.733173076923077,0.703172831156213,0.030000245766863998,Ours
NICO,vit,Energy,noise_0.45,noise,Synthetic,0.7500000000000001,0.7055396027188123,0.04446039728118778,Ours
NICO,vit,Energy,noise_0.47500000000000003,noise,Synthetic,0.7684294871794872,0.710546234870465,0.05788325230902225,Ours
NICO,vit,Energy,noise_0.5,noise,Synthetic,0.7836538461538463,0.7098179974665881,0.07383584868725812,Ours
NICO,vit,Energy,saltpepper_0.025,saltpepper,Synthetic,0.7804487179487181,0.7584360906954059,0.02201262725331221,Ours
NICO,vit,Energy,saltpepper_0.05,saltpepper,Synthetic,0.7820512820512822,0.7582587649403937,0.023792517110888478,Ours
NICO,vit,Energy,saltpepper_0.07500000000000001,saltpepper,Synthetic,0.7820512820512822,0.760209348245528,0.021841933805754166,Ours
NICO,vit,Energy,saltpepper_0.1,saltpepper,Synthetic,0.7820512820512822,0.7609186512655769,0.021132630785705264,Ours
NICO,vit,Energy,saltpepper_0.125,saltpepper,Synthetic,0.7868589743589745,0.7602980111230343,0.02656096323594015,Ours
NICO,vit,Energy,saltpepper_0.15000000000000002,saltpepper,Synthetic,0.7836538461538463,0.7604753368780462,0.023178509275800008,Ours
NICO,vit,Energy,saltpepper_0.17500000000000002,saltpepper,Synthetic,0.7820512820512822,0.7595000452254791,0.022551236825803067,Ours
NICO,vit,Energy,saltpepper_0.2,saltpepper,Synthetic,0.7828525641025641,0.7592340565929608,0.02361850750960326,Ours
NICO,vit,Energy,saltpepper_0.225,saltpepper,Synthetic,0.7836538461538463,0.7615392914081197,0.022114554745726545,Ours
NICO,vit,Energy,saltpepper_0.25,saltpepper,Synthetic,0.7804487179487181,0.7644651663658214,0.01598355158289666,Ours
NICO,vit,Energy,saltpepper_0.275,saltpepper,Synthetic,0.7852564102564104,0.7627805716932053,0.02247583856320501,Ours
NICO,vit,Energy,saltpepper_0.30000000000000004,saltpepper,Synthetic,0.7852564102564104,0.7620712686731562,0.023185141583254132,Ours
NICO,vit,Energy,saltpepper_0.325,saltpepper,Synthetic,0.7868589743589745,0.7595000452254791,0.027358929133495358,Ours
NICO,vit,Energy,saltpepper_0.35000000000000003,saltpepper,Synthetic,0.7852564102564104,0.7571948104103204,0.028061599846089913,Ours
NICO,vit,Energy,saltpepper_0.375,saltpepper,Synthetic,0.7836538461538463,0.7572834732878263,0.026370372866019953,Ours
NICO,vit,Energy,saltpepper_0.4,saltpepper,Synthetic,0.7860576923076924,0.7550669013501735,0.030990790957518888,Ours
NICO,vit,Energy,saltpepper_0.42500000000000004,saltpepper,Synthetic,0.7924679487179488,0.7548895755951616,0.03757837312278722,Ours
NICO,vit,Energy,saltpepper_0.45,saltpepper,Synthetic,0.7916666666666667,0.7503677688423499,0.04129889782431684,Ours
NICO,vit,Energy,saltpepper_0.47500000000000003,saltpepper,Synthetic,0.7892628205128206,0.752141026392472,0.03712179412034855,Ours
NICO,vit,Energy,saltpepper_0.5,saltpepper,Synthetic,0.795673076923077,0.7485945112922278,0.04707856563084922,Ours
NICO,vit,Energy,smear_0.025,smear,Synthetic,0.01041666666666663,0.0012173172374293495,0.00919934942923728,Ours
NICO,vit,Energy,smear_0.05,smear,Synthetic,0.009615384615384581,-0.001032678149883337,0.010648062765267918,Ours
NICO,vit,Energy,smear_0.07500000000000001,smear,Synthetic,0.007211538461538436,0.0012173172374293495,0.005994221224109086,Ours
NICO,vit,Energy,smear_0.1,smear,Synthetic,0.012820512820512886,0.012557293989485241,0.0002632188310276451,Ours
NICO,vit,Energy,smear_0.125,smear,Synthetic,0.011217948717948678,0.01939727996691576,0.008179331248967081,Ours
NICO,vit,Energy,smear_0.15000000000000002,smear,Synthetic,0.015224358974359031,0.013367292328917812,0.0018570666454412188,Ours
NICO,vit,Energy,smear_0.17500000000000002,smear,Synthetic,0.015224358974359031,0.02425727000351119,0.009032911029152157,Ours
NICO,vit,Energy,smear_0.2,smear,Synthetic,0.020032051282051322,0.03343725118374691,0.013405199901695586,Ours
NICO,vit,Energy,smear_0.225,smear,Synthetic,0.019230769230769273,0.023987270557033702,0.0047565013262644285,Ours
NICO,vit,Energy,smear_0.25,smear,Synthetic,0.021634615384615308,0.041357234947087484,0.019722619562472177,Ours
NICO,vit,Energy,smear_0.275,smear,Synthetic,0.019230769230769273,0.05638720413433623,0.03715643490356696,Ours
NICO,vit,Energy,smear_0.30000000000000004,smear,Synthetic,0.029647435897435903,0.06475718697513944,0.03510975107770353,Ours
NICO,vit,Energy,smear_0.325,smear,Synthetic,0.03685897435897434,0.07906715763844807,0.04220818327947373,Ours
NICO,vit,Energy,smear_0.35000000000000003,smear,Synthetic,0.04086538461538458,0.07942715690041802,0.038561772285033435,Ours
NICO,vit,Energy,smear_0.375,smear,Synthetic,0.043269230769230727,0.10345710763691746,0.06018787686768673,Ours
NICO,vit,Energy,smear_0.4,smear,Synthetic,0.05368589743589747,0.11560708272840592,0.06192118529250845,Ours
NICO,vit,Energy,smear_0.42500000000000004,smear,Synthetic,0.05849358974358976,0.14566702110290336,0.0871734313593136,Ours
NICO,vit,Energy,smear_0.45,smear,Synthetic,0.054487179487179516,0.1336070458269074,0.0791198663397279,Ours
NICO,vit,Energy,smear_0.47500000000000003,smear,Synthetic,0.08573717948717952,0.1306370519156546,0.044899872428475096,Ours
NICO,vit,Energy,smear_0.5,smear,Synthetic,0.09294871794871795,0.15916699342677942,0.06621827547806147,Ours
NICO,vit,Energy,autumn,Organic,Organic,0.8165865384615385,0.6452755025581229,0.17131103590341556,Ours
NICO,vit,Energy,grass,Organic,Organic,0.814568122034565,0.6408058201115556,0.17376230192300934,Ours
NICO,vit,Energy,ind_test,Organic,Organic,-0.004807692307692291,-0.009990515355275731,0.00518282304758344,Ours
NICO,vit,Energy,outdoor,Organic,Organic,0.8288811394005057,0.6869353504618756,0.14194578893863008,Ours
NICO,vit,Energy,rock,Organic,Organic,0.823078313588075,0.6664943664418579,0.15658394714621715,Ours
NICO,vit,Energy,water,Organic,Organic,0.8184484151019585,0.6083504514334201,0.2100979636685384,Ours
Office31,resnet,kNN,brightness_0.025,brightness,Synthetic,-0.046428571428571264,-0.05424673429890181,0.007818162870330547,Ours
Office31,resnet,kNN,brightness_0.05,brightness,Synthetic,-0.039285714285714146,-0.04260934128896113,0.0033236270032469817,Ours
Office31,resnet,kNN,brightness_0.07500000000000001,brightness,Synthetic,-0.039285714285714146,-0.03902860497821012,0.0002571093075040276,Ours
Office31,resnet,kNN,brightness_0.1,brightness,Synthetic,-0.028571428571428692,-0.014858634880640986,0.013712793690787706,Ours
Office31,resnet,kNN,brightness_0.125,brightness,Synthetic,-0.03214285714285703,0.004835414828489537,0.036978271971346566,Ours
Office31,resnet,kNN,brightness_0.15000000000000002,brightness,Synthetic,-0.028571428571428692,0.0200535441491812,0.048624972720609894,Ours
Office31,resnet,kNN,brightness_0.17500000000000002,brightness,Synthetic,-0.0071428571428571175,0.05586090725669107,0.06300376439954819,Ours
Office31,resnet,kNN,brightness_0.2,brightness,Synthetic,-0.0071428571428571175,0.08003087735426023,0.08717373449711735,Ours
Office31,resnet,kNN,brightness_0.225,brightness,Synthetic,0.0,0.11046713599564367,0.11046713599564367,Ours
Office31,resnet,kNN,brightness_0.25,brightness,Synthetic,0.010714285714285787,0.12299971308327207,0.11228542736898628,Ours
Office31,resnet,kNN,brightness_0.275,brightness,Synthetic,0.014285714285714346,0.15612152395771872,0.14183580967200438,Ours
Office31,resnet,kNN,brightness_0.30000000000000004,brightness,Synthetic,0.010714285714285787,0.17492038958916145,0.16420610387487566,Ours
Office31,resnet,kNN,brightness_0.325,brightness,Synthetic,0.017857142857142905,0.20804220046360805,0.19018505760646515,Ours
Office31,resnet,kNN,brightness_0.35000000000000003,brightness,Synthetic,0.014285714285714346,0.17044446920072265,0.1561587549150083,Ours
Office31,resnet,kNN,brightness_0.375,brightness,Synthetic,0.0035714285714285587,0.10330566337414171,0.09973423480271315,Ours
Office31,resnet,kNN,brightness_0.4,brightness,Synthetic,-0.028571428571428692,0.02363428045993221,0.0522057090313609,Ours
Office31,resnet,kNN,brightness_0.42500000000000004,brightness,Synthetic,-0.03214285714285703,-0.023810475657518426,0.008332381485338602,Ours
Office31,resnet,kNN,brightness_0.45,brightness,Synthetic,-0.046428571428571264,-0.05424673429890181,0.007818162870330547,Ours
Office31,resnet,kNN,brightness_0.47500000000000003,brightness,Synthetic,-0.06071428571428572,-0.044399709444336605,0.016314576269949116,Ours
Office31,resnet,kNN,brightness_0.5,brightness,Synthetic,-0.046428571428571264,-0.043504525366648894,0.0029240460619223696,Ours
Office31,resnet,kNN,contrast_0.025,contrast,Synthetic,-0.05357142857142838,-0.06166059889315148,0.0080891703217231,Ours
Office31,resnet,kNN,contrast_0.05,contrast,Synthetic,-0.048214285714285654,-0.06616104645000367,0.01794676073571802,Ours
Office31,resnet,kNN,contrast_0.07500000000000001,contrast,Synthetic,-0.046428571428571264,-0.06751118071705936,0.021082609288488097,Ours
Office31,resnet,kNN,contrast_0.1,contrast,Synthetic,-0.046428571428571264,-0.05851028560335497,0.012081714174783709,Ours
Office31,resnet,kNN,contrast_0.125,contrast,Synthetic,-0.04285714285714293,-0.054909927557873106,0.01205278470073018,Ours
Office31,resnet,kNN,contrast_0.15000000000000002,contrast,Synthetic,-0.04107142857142854,-0.054459882802187914,0.013388454230759378,Ours
Office31,resnet,kNN,contrast_0.17500000000000002,contrast,Synthetic,-0.03571428571428581,-0.0454589876884835,0.00974470197419769,Ours
Office31,resnet,kNN,contrast_0.2,contrast,Synthetic,-0.02499999999999991,-0.03825827159751993,0.013258271597520022,Ours
Office31,resnet,kNN,contrast_0.225,contrast,Synthetic,-0.019642857142857073,-0.02790724221675983,0.008264385073902758,Ours
Office31,resnet,kNN,contrast_0.25,contrast,Synthetic,-0.012499999999999956,-0.009005362477980505,0.0034946375220194503,Ours
Office31,resnet,kNN,contrast_0.275,contrast,Synthetic,-0.0035714285714285587,0.01484700957333629,0.018418438144764848,Ours
Office31,resnet,kNN,contrast_0.30000000000000004,contrast,Synthetic,0.0071428571428572285,0.03239875504505996,0.02525589790220273,Ours
Office31,resnet,kNN,contrast_0.325,contrast,Synthetic,0.019642857142857073,0.04184969491444962,0.022206837771592547,Ours
Office31,resnet,kNN,contrast_0.35000000000000003,contrast,Synthetic,0.023214285714285854,0.04094960540307918,0.017735319688793327,Ours
Office31,resnet,kNN,contrast_0.375,contrast,Synthetic,0.016071428571428736,0.03554906833485655,0.019477639763427812,Ours
Office31,resnet,kNN,contrast_0.4,contrast,Synthetic,0.010714285714285787,0.0323987550450599,0.021684469330774114,Ours
Office31,resnet,kNN,contrast_0.42500000000000004,contrast,Synthetic,0.0071428571428572285,0.02654817322115205,0.01940531607829482,Ours
Office31,resnet,kNN,contrast_0.45,contrast,Synthetic,0.0017857142857142794,0.0184473676188181,0.01666165333310382,Ours
Office31,resnet,kNN,contrast_0.47500000000000003,contrast,Synthetic,0.0,0.008546382993743162,0.008546382993743162,Ours
Office31,resnet,kNN,contrast_0.5,contrast,Synthetic,-0.0017857142857142794,0.000895622147094377,0.0026813364328086564,Ours
Office31,resnet,kNN,fog_0.025,fog,Synthetic,-0.046428571428571264,-0.06502084695652097,0.018592275527949703,Ours
Office31,resnet,kNN,fog_0.05,fog,Synthetic,-0.046428571428571264,-0.06502084695652097,0.018592275527949703,Ours
Office31,resnet,kNN,fog_0.07500000000000001,fog,Synthetic,-0.05714285714285716,-0.0596107887724642,0.0024679316296070397,Ours
Office31,resnet,kNN,fog_0.1,fog,Synthetic,-0.05357142857142838,-0.0596107887724642,0.0060393602010358205,Ours
Office31,resnet,kNN,fog_0.125,fog,Synthetic,-0.05357142857142838,-0.05870911240845475,0.005137683837026369,Ours
Office31,resnet,kNN,fog_0.15000000000000002,fog,Synthetic,-0.06071428571428572,-0.06411917059251152,0.0034048848782257946,Ours
Office31,resnet,kNN,fog_0.17500000000000002,fog,Synthetic,-0.05714285714285716,-0.06411917059251152,0.006976313449654353,Ours
Office31,resnet,kNN,fog_0.2,fog,Synthetic,-0.06071428571428572,-0.06502084695652097,0.004306561242235246,Ours
Office31,resnet,kNN,fog_0.225,fog,Synthetic,-0.05714285714285716,-0.06411917059251157,0.006976313449654409,Ours
Office31,resnet,kNN,fog_0.25,fog,Synthetic,-0.05714285714285716,-0.07133258150458716,0.014189724361729994,Ours
Office31,resnet,kNN,fog_0.275,fog,Synthetic,-0.05357142857142838,-0.06952922877656825,0.01595780020513987,Ours
Office31,resnet,kNN,fog_0.30000000000000004,fog,Synthetic,-0.039285714285714146,-0.04157726149227503,0.0022915472065608844,Ours
Office31,resnet,kNN,fog_0.325,fog,Synthetic,-0.03571428571428581,-0.04157726149227503,0.005862975777989221,Ours
Office31,resnet,kNN,fog_0.35000000000000003,fog,Synthetic,-0.039285714285714146,-0.04428229058430344,0.004996576298589295,Ours
Office31,resnet,kNN,fog_0.375,fog,Synthetic,-0.039285714285714146,-0.04338061422029399,0.004094899934579843,Ours
Office31,resnet,kNN,fog_0.4,fog,Synthetic,-0.039285714285714146,-0.04518396694831284,0.005898252662598691,Ours
Office31,resnet,kNN,fog_0.42500000000000004,fog,Synthetic,-0.04285714285714293,-0.04518396694831284,0.00232682409116991,Ours
Office31,resnet,kNN,fog_0.45,fog,Synthetic,-0.04285714285714293,-0.043380614220293934,0.0005234713631510068,Ours
Office31,resnet,kNN,fog_0.47500000000000003,fog,Synthetic,-0.04285714285714293,-0.04608564331232229,0.0032285004551793617,Ours
Office31,resnet,kNN,fog_0.5,fog,Synthetic,-0.04285714285714293,-0.04428229058430344,0.001425147727160514,Ours
Office31,resnet,kNN,hue_0.025,hue,Synthetic,-0.05357142857142838,-0.0541938663620512,0.0006224377906228207,Ours
Office31,resnet,kNN,hue_0.05,hue,Synthetic,-0.05357142857142838,-0.04165354632552845,0.01191788224589993,Ours
Office31,resnet,kNN,hue_0.07500000000000001,hue,Synthetic,-0.050000000000000044,-0.025530277707142,0.024469722292858043,Ours
Office31,resnet,kNN,hue_0.1,hue,Synthetic,-0.050000000000000044,-0.03090470057993755,0.019095299420062495,Ours
Office31,resnet,kNN,hue_0.125,hue,Synthetic,-0.050000000000000044,-0.020155854834346565,0.02984414516565348,Ours
Office31,resnet,kNN,hue_0.15000000000000002,hue,Synthetic,-0.046428571428571264,-0.01926011768888064,0.027168453739690623,Ours
Office31,resnet,kNN,hue_0.17500000000000002,hue,Synthetic,-0.039285714285714146,0.0031333109477671983,0.042419025233481344,Ours
Office31,resnet,kNN,hue_0.2,hue,Synthetic,-0.028571428571428692,0.01567363098428992,0.04424505955571861,Ours
Office31,resnet,kNN,hue_0.225,hue,Synthetic,-0.021428571428571352,0.021943791002551283,0.043372362431122635,Ours
Office31,resnet,kNN,hue_0.25,hue,Synthetic,-0.010714285714285676,0.021943791002551283,0.03265807671683696,Ours
Office31,resnet,kNN,hue_0.275,hue,Synthetic,-0.010714285714285676,0.012986419547892147,0.023700705262177824,Ours
Office31,resnet,kNN,hue_0.30000000000000004,hue,Synthetic,0.0035714285714285587,0.03179689960267629,0.02822547103124773,Ours
Office31,resnet,kNN,hue_0.325,hue,Synthetic,0.0035714285714285587,0.036275585330005855,0.032704156758577296,Ours
Office31,resnet,kNN,hue_0.35000000000000003,hue,Synthetic,0.0,0.03179689960267634,0.03179689960267634,Ours
Office31,resnet,kNN,hue_0.375,hue,Synthetic,0.010714285714285787,0.019256579566153564,0.008542293851867777,Ours
Office31,resnet,kNN,hue_0.4,hue,Synthetic,0.014285714285714346,0.022839528148017207,0.008553813862302861,Ours
Office31,resnet,kNN,hue_0.42500000000000004,hue,Synthetic,0.010714285714285787,0.03179689960267629,0.0210826138883905,Ours
Office31,resnet,kNN,hue_0.45,hue,Synthetic,0.010714285714285787,0.03806705962093776,0.027352773906651973,Ours
Office31,resnet,kNN,hue_0.47500000000000003,hue,Synthetic,0.014285714285714346,0.045232956784664935,0.03094724249895059,Ours
Office31,resnet,kNN,hue_0.5,hue,Synthetic,0.014285714285714346,0.046128693930130915,0.03184297964441657,Ours
Office31,resnet,kNN,jpeg_0.025,jpeg,Synthetic,-0.05714285714285716,-0.06357397211350083,0.006431114970643664,Ours
Office31,resnet,kNN,jpeg_0.05,jpeg,Synthetic,-0.05714285714285716,-0.06628389581865973,0.00914103867580257,Ours
Office31,resnet,kNN,jpeg_0.07500000000000001,jpeg,Synthetic,-0.05714285714285716,-0.06267066421178111,0.005527807068923946,Ours
Office31,resnet,kNN,jpeg_0.1,jpeg,Synthetic,-0.05714285714285716,-0.07080043532725802,0.01365757818440086,Ours
Office31,resnet,kNN,jpeg_0.125,jpeg,Synthetic,-0.05714285714285716,-0.0671872037203794,0.010044346577522234,Ours
Office31,resnet,kNN,jpeg_0.15000000000000002,jpeg,Synthetic,-0.05357142857142838,-0.0671872037203794,0.013615775148951015,Ours
Office31,resnet,kNN,jpeg_0.17500000000000002,jpeg,Synthetic,-0.05714285714285716,-0.06989712742553836,0.012754270282681196,Ours
Office31,resnet,kNN,jpeg_0.2,jpeg,Synthetic,-0.05357142857142838,-0.07170374322897768,0.018132314657549303,Ours
Office31,resnet,kNN,jpeg_0.225,jpeg,Synthetic,-0.05357142857142838,-0.06899381952381867,0.015422390952390286,Ours
Office31,resnet,kNN,jpeg_0.25,jpeg,Synthetic,-0.046428571428571264,-0.06628389581865973,0.01985532439008847,Ours
Office31,resnet,kNN,jpeg_0.275,jpeg,Synthetic,-0.05357142857142838,-0.06628389581865973,0.012712467247231352,Ours
Office31,resnet,kNN,jpeg_0.30000000000000004,jpeg,Synthetic,-0.050000000000000044,-0.07170374322897768,0.02170374322897764,Ours
Office31,resnet,kNN,jpeg_0.325,jpeg,Synthetic,-0.05357142857142838,-0.06447728001522043,0.010905851443792053,Ours
Office31,resnet,kNN,jpeg_0.35000000000000003,jpeg,Synthetic,-0.050000000000000044,-0.06989712742553836,0.019897127425538313,Ours
Office31,resnet,kNN,jpeg_0.375,jpeg,Synthetic,-0.046428571428571264,-0.0671872037203794,0.020758632291808132,Ours
Office31,resnet,kNN,jpeg_0.4,jpeg,Synthetic,-0.050000000000000044,-0.06267066421178111,0.012670664211781063,Ours
Office31,resnet,kNN,jpeg_0.42500000000000004,jpeg,Synthetic,-0.050000000000000044,-0.06086404840834178,0.010864048408341737,Ours
Office31,resnet,kNN,jpeg_0.45,jpeg,Synthetic,-0.050000000000000044,-0.06447728001522043,0.01447728001522039,Ours
Office31,resnet,kNN,jpeg_0.47500000000000003,jpeg,Synthetic,-0.05357142857142838,-0.05815412470318279,0.00458269613175441,Ours
Office31,resnet,kNN,jpeg_0.5,jpeg,Synthetic,-0.046428571428571264,-0.06357397211350077,0.017145400684929507,Ours
Office31,resnet,kNN,multnoise_0.025,multnoise,Synthetic,0.10000000000000009,0.2916032691033212,0.1916032691033211,Ours
Office31,resnet,kNN,multnoise_0.05,multnoise,Synthetic,0.37500000000000006,0.5565974016426267,0.18159740164262667,Ours
Office31,resnet,kNN,multnoise_0.07500000000000001,multnoise,Synthetic,0.5785714285714286,0.7152333449314625,0.13666191636003389,Ours
Office31,resnet,kNN,multnoise_0.1,multnoise,Synthetic,0.675,0.7179373666920679,0.042937366692067824,Ours
Office31,resnet,kNN,multnoise_0.125,multnoise,Synthetic,0.7035714285714286,0.7215427290395413,0.017971300468112683,Ours
Office31,resnet,kNN,multnoise_0.15000000000000002,multnoise,Synthetic,0.717857142857143,0.7215427290395413,0.003685586182398337,Ours
Office31,resnet,kNN,multnoise_0.17500000000000002,multnoise,Synthetic,0.7285714285714286,0.7215427290395413,0.007028699531887339,Ours
Office31,resnet,kNN,multnoise_0.2,multnoise,Synthetic,0.7357142857142858,0.7215427290395413,0.014171556674744457,Ours
Office31,resnet,kNN,multnoise_0.225,multnoise,Synthetic,0.7357142857142858,0.7215427290395413,0.014171556674744457,Ours
Office31,resnet,kNN,multnoise_0.25,multnoise,Synthetic,0.742857142857143,0.7215427290395413,0.021314413817601685,Ours
Office31,resnet,kNN,multnoise_0.275,multnoise,Synthetic,0.7392857142857143,0.7215427290395413,0.017742985246173015,Ours
Office31,resnet,kNN,multnoise_0.30000000000000004,multnoise,Synthetic,0.742857142857143,0.7215427290395413,0.021314413817601685,Ours
Office31,resnet,kNN,multnoise_0.325,multnoise,Synthetic,0.7464285714285714,0.7215427290395413,0.024885842389030133,Ours
Office31,resnet,kNN,multnoise_0.35000000000000003,multnoise,Synthetic,0.7464285714285714,0.7215427290395413,0.024885842389030133,Ours
Office31,resnet,kNN,multnoise_0.375,multnoise,Synthetic,0.7464285714285714,0.7215427290395413,0.024885842389030133,Ours
Office31,resnet,kNN,multnoise_0.4,multnoise,Synthetic,0.7464285714285714,0.7215427290395413,0.024885842389030133,Ours
Office31,resnet,kNN,multnoise_0.42500000000000004,multnoise,Synthetic,0.7464285714285714,0.7215427290395413,0.024885842389030133,Ours
Office31,resnet,kNN,multnoise_0.45,multnoise,Synthetic,0.7464285714285714,0.7215427290395413,0.024885842389030133,Ours
Office31,resnet,kNN,multnoise_0.47500000000000003,multnoise,Synthetic,0.7464285714285714,0.7215427290395413,0.024885842389030133,Ours
Office31,resnet,kNN,multnoise_0.5,multnoise,Synthetic,0.7464285714285714,0.7215427290395413,0.024885842389030133,Ours
Office31,resnet,kNN,noise_0.025,noise,Synthetic,0.046428571428571486,0.09926011594966505,0.052831544521093565,Ours
Office31,resnet,kNN,noise_0.05,noise,Synthetic,0.2750000000000001,0.44843027635442684,0.17343027635442676,Ours
Office31,resnet,kNN,noise_0.07500000000000001,noise,Synthetic,0.517857142857143,0.5155783841245734,0.0022787587325696634,Ours
Office31,resnet,kNN,noise_0.1,noise,Synthetic,0.6357142857142858,0.5854124162055259,0.05030186950875992,Ours
Office31,resnet,kNN,noise_0.125,noise,Synthetic,0.6857142857142857,0.6776291508765269,0.008085134837758856,Ours
Office31,resnet,kNN,noise_0.15000000000000002,noise,Synthetic,0.7142857142857144,0.7134414750206051,0.0008442392651093478,Ours
Office31,resnet,kNN,noise_0.17500000000000002,noise,Synthetic,0.717857142857143,0.716127399331411,0.0017297435257319638,Ours
Office31,resnet,kNN,noise_0.2,noise,Synthetic,0.7214285714285714,0.716127399331411,0.0053011720971604115,Ours
Office31,resnet,kNN,noise_0.225,noise,Synthetic,0.7214285714285714,0.716127399331411,0.0053011720971604115,Ours
Office31,resnet,kNN,noise_0.25,noise,Synthetic,0.717857142857143,0.716127399331411,0.0017297435257319638,Ours
Office31,resnet,kNN,noise_0.275,noise,Synthetic,0.7250000000000001,0.716127399331411,0.008872600668589081,Ours
Office31,resnet,kNN,noise_0.30000000000000004,noise,Synthetic,0.7357142857142858,0.716127399331411,0.019586886382874757,Ours
Office31,resnet,kNN,noise_0.325,noise,Synthetic,0.7357142857142858,0.716127399331411,0.019586886382874757,Ours
Office31,resnet,kNN,noise_0.35000000000000003,noise,Synthetic,0.7392857142857143,0.716127399331411,0.023158314954303316,Ours
Office31,resnet,kNN,noise_0.375,noise,Synthetic,0.7392857142857143,0.716127399331411,0.023158314954303316,Ours
Office31,resnet,kNN,noise_0.4,noise,Synthetic,0.742857142857143,0.716127399331411,0.026729743525731986,Ours
Office31,resnet,kNN,noise_0.42500000000000004,noise,Synthetic,0.742857142857143,0.716127399331411,0.026729743525731986,Ours
Office31,resnet,kNN,noise_0.45,noise,Synthetic,0.742857142857143,0.716127399331411,0.026729743525731986,Ours
Office31,resnet,kNN,noise_0.47500000000000003,noise,Synthetic,0.7464285714285714,0.716127399331411,0.030301172097160434,Ours
Office31,resnet,kNN,noise_0.5,noise,Synthetic,0.7464285714285714,0.716127399331411,0.030301172097160434,Ours
Office31,resnet,kNN,saltpepper_0.025,saltpepper,Synthetic,0.717857142857143,0.710931434145406,0.006925708711736922,Ours
Office31,resnet,kNN,saltpepper_0.05,saltpepper,Synthetic,0.717857142857143,0.710931434145406,0.006925708711736922,Ours
Office31,resnet,kNN,saltpepper_0.07500000000000001,saltpepper,Synthetic,0.7214285714285714,0.710931434145406,0.01049713728316537,Ours
Office31,resnet,kNN,saltpepper_0.1,saltpepper,Synthetic,0.7250000000000001,0.710931434145406,0.01406856585459404,Ours
Office31,resnet,kNN,saltpepper_0.125,saltpepper,Synthetic,0.7250000000000001,0.710931434145406,0.01406856585459404,Ours
Office31,resnet,kNN,saltpepper_0.15000000000000002,saltpepper,Synthetic,0.7250000000000001,0.710931434145406,0.01406856585459404,Ours
Office31,resnet,kNN,saltpepper_0.17500000000000002,saltpepper,Synthetic,0.7214285714285714,0.710931434145406,0.01049713728316537,Ours
Office31,resnet,kNN,saltpepper_0.2,saltpepper,Synthetic,0.7250000000000001,0.710931434145406,0.01406856585459404,Ours
Office31,resnet,kNN,saltpepper_0.225,saltpepper,Synthetic,0.7392857142857143,0.710931434145406,0.028354280140308274,Ours
Office31,resnet,kNN,saltpepper_0.25,saltpepper,Synthetic,0.7392857142857143,0.710931434145406,0.028354280140308274,Ours
Office31,resnet,kNN,saltpepper_0.275,saltpepper,Synthetic,0.7392857142857143,0.710931434145406,0.028354280140308274,Ours
Office31,resnet,kNN,saltpepper_0.30000000000000004,saltpepper,Synthetic,0.742857142857143,0.710931434145406,0.031925708711736944,Ours
Office31,resnet,kNN,saltpepper_0.325,saltpepper,Synthetic,0.742857142857143,0.710931434145406,0.031925708711736944,Ours
Office31,resnet,kNN,saltpepper_0.35000000000000003,saltpepper,Synthetic,0.742857142857143,0.710931434145406,0.031925708711736944,Ours
Office31,resnet,kNN,saltpepper_0.375,saltpepper,Synthetic,0.7464285714285714,0.710931434145406,0.03549713728316539,Ours
Office31,resnet,kNN,saltpepper_0.4,saltpepper,Synthetic,0.742857142857143,0.710931434145406,0.031925708711736944,Ours
Office31,resnet,kNN,saltpepper_0.42500000000000004,saltpepper,Synthetic,0.742857142857143,0.710931434145406,0.031925708711736944,Ours
Office31,resnet,kNN,saltpepper_0.45,saltpepper,Synthetic,0.7500000000000001,0.710931434145406,0.03906856585459406,Ours
Office31,resnet,kNN,saltpepper_0.47500000000000003,saltpepper,Synthetic,0.742857142857143,0.710931434145406,0.031925708711736944,Ours
Office31,resnet,kNN,saltpepper_0.5,saltpepper,Synthetic,0.7464285714285714,0.710931434145406,0.03549713728316539,Ours
Office31,resnet,kNN,smear_0.025,smear,Synthetic,-0.050000000000000044,-0.05953481066450325,0.009534810664503207,Ours
Office31,resnet,kNN,smear_0.05,smear,Synthetic,-0.03214285714285703,-0.0659519826535612,0.03380912551070417,Ours
Office31,resnet,kNN,smear_0.07500000000000001,smear,Synthetic,-0.046428571428571264,-0.07420263235377855,0.02777406092520729,Ours
Office31,resnet,kNN,smear_0.1,smear,Synthetic,-0.046428571428571264,-0.07878632663167712,0.032357755203105854,Ours
Office31,resnet,kNN,smear_0.125,smear,Synthetic,-0.02499999999999991,-0.0861202374763147,0.06112023747631479,Ours
Office31,resnet,kNN,smear_0.15000000000000002,smear,Synthetic,-0.03214285714285703,-0.08703697633189442,0.05489411918903739,Ours
Office31,resnet,kNN,smear_0.17500000000000002,smear,Synthetic,-0.014285714285714235,-0.09162067060979295,0.07733495632407872,Ours
Office31,resnet,kNN,smear_0.2,smear,Synthetic,-0.017857142857142794,-0.09712110374327115,0.07926396088612836,Ours
Office31,resnet,kNN,smear_0.225,smear,Synthetic,-0.017857142857142794,-0.09437088717653208,0.07651374431938929,Ours
Office31,resnet,kNN,smear_0.25,smear,Synthetic,-0.02499999999999991,-0.09253740946537264,0.06753740946537273,Ours
Office31,resnet,kNN,smear_0.275,smear,Synthetic,-0.014285714285714235,-0.0916206706097929,0.07733495632407866,Ours
Office31,resnet,kNN,smear_0.30000000000000004,smear,Synthetic,-0.0035714285714285587,-0.08703697633189442,0.08346554776046586,Ours
Office31,resnet,kNN,smear_0.325,smear,Synthetic,0.0071428571428572285,-0.08061980434283644,0.08776266148569367,Ours
Office31,resnet,kNN,smear_0.35000000000000003,smear,Synthetic,0.010714285714285787,-0.06411850494240179,0.07483279065668758,Ours
Office31,resnet,kNN,smear_0.375,smear,Synthetic,0.02857142857142858,-0.05678459409776415,0.08535602266919273,Ours
Office31,resnet,kNN,smear_0.4,smear,Synthetic,0.0357142857142857,-0.04670046668638744,0.08241475240067314,Ours
Office31,resnet,kNN,smear_0.42500000000000004,smear,Synthetic,0.03928571428571437,-0.04670046668638744,0.08598618097210181,Ours
Office31,resnet,kNN,smear_0.45,smear,Synthetic,0.0535714285714286,-0.05220089981986564,0.10577232839129425,Ours
Office31,resnet,kNN,smear_0.47500000000000003,smear,Synthetic,0.050000000000000044,-0.054034377531025024,0.10403437753102507,Ours
Office31,resnet,kNN,smear_0.5,smear,Synthetic,0.07857142857142874,-0.06136828837566269,0.13993971694709142,Ours
Office31,resnet,kNN,dslr,Organic,Organic,0.45489631336405534,0.627342727193938,0.17244641382988268,Ours
Office31,resnet,kNN,ind_test,Organic,Organic,-0.06071428571428572,-0.06290937865848178,0.0021950929441960643,Ours
Office31,resnet,kNN,webcam,Organic,Organic,0.5024891774891775,0.5789763900810052,0.07648721259182767,Ours
OfficeHome,vit,kNN,brightness_0.025,brightness,Synthetic,0.03935185185185186,0.030902066675165707,0.008449785176686153,Ours
OfficeHome,vit,kNN,brightness_0.05,brightness,Synthetic,0.03703703703703709,0.03133971188459472,0.005697325152442367,Ours
OfficeHome,vit,kNN,brightness_0.07500000000000001,brightness,Synthetic,0.03935185185185186,0.03177735709402396,0.007574494757827899,Ours
OfficeHome,vit,kNN,brightness_0.1,brightness,Synthetic,0.03472222222222221,0.03702909960717393,0.002306877384951722,Ours
OfficeHome,vit,kNN,brightness_0.125,brightness,Synthetic,0.04629629629629628,0.04403142295804041,0.0022648733382558683,Ours
OfficeHome,vit,kNN,brightness_0.15000000000000002,brightness,Synthetic,0.0625,0.03921732565431979,0.02328267434568021,Ours
OfficeHome,vit,kNN,brightness_0.17500000000000002,brightness,Synthetic,0.0532407407407407,0.041843196910894775,0.011397543829845924,Ours
OfficeHome,vit,kNN,brightness_0.2,brightness,Synthetic,0.0625,0.04928316547119049,0.013216834528809507,Ours
OfficeHome,vit,kNN,brightness_0.225,brightness,Synthetic,0.0625,0.05015845589004875,0.012341544109951252,Ours
OfficeHome,vit,kNN,brightness_0.25,brightness,Synthetic,0.06712962962962965,0.047094939424044746,0.020034690205584904,Ours
OfficeHome,vit,kNN,brightness_0.275,brightness,Synthetic,0.09259259259259256,0.054097262774911226,0.038495329817681334,Ours
OfficeHome,vit,kNN,brightness_0.30000000000000004,brightness,Synthetic,0.07638888888888895,0.06766426426721517,0.008724624621673782,Ours
OfficeHome,vit,kNN,brightness_0.325,brightness,Synthetic,0.08796296296296302,0.08035597534066086,0.007606987622302164,Ours
OfficeHome,vit,kNN,brightness_0.35000000000000003,brightness,Synthetic,0.07638888888888895,0.08298184659723584,0.0065929577083468915,Ours
OfficeHome,vit,kNN,brightness_0.375,brightness,Synthetic,0.11805555555555558,0.08867123431981494,0.02938432123574064,Ours
OfficeHome,vit,kNN,brightness_0.4,brightness,Synthetic,0.10185185185185186,0.07160307115207765,0.030248780699774214,Ours
OfficeHome,vit,kNN,brightness_0.42500000000000004,brightness,Synthetic,0.09027777777777779,0.08035597534066086,0.009921802437116933,Ours
OfficeHome,vit,kNN,brightness_0.45,brightness,Synthetic,0.10185185185185186,0.08123126575951922,0.020620586092332638,Ours
OfficeHome,vit,kNN,brightness_0.47500000000000003,brightness,Synthetic,0.10648148148148151,0.08910887952924407,0.017372601952237443,Ours
OfficeHome,vit,kNN,brightness_0.5,brightness,Synthetic,0.09027777777777779,0.10748997832526896,0.017212200547491174,Ours
OfficeHome,vit,kNN,contrast_0.025,contrast,Synthetic,0.03935185185185186,0.030872358603664163,0.008479493248187697,Ours
OfficeHome,vit,kNN,contrast_0.05,contrast,Synthetic,0.03125,0.031090031463524348,0.000159968536475652,Ours
OfficeHome,vit,kNN,contrast_0.07500000000000001,contrast,Synthetic,0.04166666666666663,0.035661161520589235,0.0060055051460773945,Ours
OfficeHome,vit,kNN,contrast_0.1,contrast,Synthetic,0.04745370370370372,0.03435512436142779,0.013098579342275929,Ours
OfficeHome,vit,kNN,contrast_0.125,contrast,Synthetic,0.0405092592592593,0.0319607229029652,0.0085485363562941,Ours
OfficeHome,vit,kNN,contrast_0.15000000000000002,contrast,Synthetic,0.04166666666666663,0.032613741482545866,0.009052925184120764,Ours
OfficeHome,vit,kNN,contrast_0.17500000000000002,contrast,Synthetic,0.04513888888888895,0.0365318529600302,0.008607035928858753,Ours
OfficeHome,vit,kNN,contrast_0.2,contrast,Synthetic,0.04513888888888895,0.037184871539610864,0.007954017349278086,Ours
OfficeHome,vit,kNN,contrast_0.225,contrast,Synthetic,0.04398148148148151,0.04785084167276249,0.0038693601912809794,Ours
OfficeHome,vit,kNN,contrast_0.25,contrast,Synthetic,0.04513888888888895,0.04132065587695527,0.0038182330119336805,Ours
OfficeHome,vit,kNN,contrast_0.275,contrast,Synthetic,0.05439814814814814,0.04719782309318182,0.007200325054966317,Ours
OfficeHome,vit,kNN,contrast_0.30000000000000004,contrast,Synthetic,0.0532407407407407,0.060911213264376596,0.007670472523635896,Ours
OfficeHome,vit,kNN,contrast_0.325,contrast,Synthetic,0.04629629629629628,0.05786379322633323,0.011567496930036947,Ours
OfficeHome,vit,kNN,contrast_0.35000000000000003,contrast,Synthetic,0.0717592592592593,0.060911213264376596,0.010848045994882705,Ours
OfficeHome,vit,kNN,contrast_0.375,contrast,Synthetic,0.06712962962962965,0.06352328758269948,0.0036063420469301666,Ours
OfficeHome,vit,kNN,contrast_0.4,contrast,Synthetic,0.06134259259259256,0.07266554769682926,0.011322955104236698,Ours
OfficeHome,vit,kNN,contrast_0.42500000000000004,contrast,Synthetic,0.05671296296296302,0.06482932474186082,0.008116361778897796,Ours
OfficeHome,vit,kNN,contrast_0.45,contrast,Synthetic,0.06597222222222221,0.069618127658786,0.00364590543656379,Ours
OfficeHome,vit,kNN,contrast_0.47500000000000003,contrast,Synthetic,0.07407407407407407,0.06156423184395726,0.012509842230116808,Ours
OfficeHome,vit,kNN,contrast_0.5,contrast,Synthetic,0.0625,0.07223020197710889,0.009730201977108888,Ours
OfficeHome,vit,kNN,fog_0.025,fog,Synthetic,0.1967592592592593,0.20534366267785753,0.00858440341859823,Ours
OfficeHome,vit,kNN,fog_0.05,fog,Synthetic,0.16435185185185186,0.21670833530121447,0.05235648344936261,Ours
OfficeHome,vit,kNN,fog_0.07500000000000001,fog,Synthetic,0.2060185185185185,0.18567403698358598,0.020344481534932513,Ours
OfficeHome,vit,kNN,fog_0.1,fog,Synthetic,0.15740740740740744,0.1729980559806109,0.01559064857320347,Ours
OfficeHome,vit,kNN,fog_0.125,fog,Synthetic,0.1875,0.1939789900545007,0.0064789900545006995,Ours
OfficeHome,vit,kNN,fog_0.15000000000000002,fog,Synthetic,0.16666666666666663,0.1939789900545007,0.02731232338783407,Ours
OfficeHome,vit,kNN,fog_0.17500000000000002,fog,Synthetic,0.20370370370370372,0.1992242235729731,0.004479480130730629,Ours
OfficeHome,vit,kNN,fog_0.2,fog,Synthetic,0.18981481481481488,0.20971469060991788,0.019899875795102995,Ours
OfficeHome,vit,kNN,fog_0.225,fog,Synthetic,0.1875,0.18654824256999802,0.000951757430001976,Ours
OfficeHome,vit,kNN,fog_0.25,fog,Synthetic,0.20370370370370372,0.22938431630418943,0.025680612600485708,Ours
OfficeHome,vit,kNN,fog_0.275,fog,Synthetic,0.2060185185185185,0.21015179340312395,0.0041332748846054645,Ours
OfficeHome,vit,kNN,fog_0.30000000000000004,fog,Synthetic,0.1782407407407407,0.211025998989536,0.0327852582487953,Ours
OfficeHome,vit,kNN,fog_0.325,fog,Synthetic,0.21990740740740744,0.22282777440609902,0.0029203669986915815,Ours
OfficeHome,vit,kNN,fog_0.35000000000000003,fog,Synthetic,0.1620370370370371,0.18261431743114376,0.020577280394106667,Ours
OfficeHome,vit,kNN,fog_0.375,fog,Synthetic,0.1875,0.2057807654710635,0.018280765471063498,Ours
OfficeHome,vit,kNN,fog_0.4,fog,Synthetic,0.16666666666666663,0.20621786826426958,0.03955120159760295,Ours
OfficeHome,vit,kNN,fog_0.42500000000000004,fog,Synthetic,0.2152777777777778,0.2092775878167118,0.006000189961065994,Ours
OfficeHome,vit,kNN,fog_0.45,fog,Synthetic,0.2060185185185185,0.19616450402053076,0.009854014497987729,Ours
OfficeHome,vit,kNN,fog_0.47500000000000003,fog,Synthetic,0.18981481481481488,0.1970387096069428,0.007223894792127927,Ours
OfficeHome,vit,kNN,fog_0.5,fog,Synthetic,0.18981481481481488,0.24074898892754637,0.05093417411273149,Ours
OfficeHome,vit,kNN,hue_0.025,hue,Synthetic,0.03009259259259256,0.036274123017773,0.006181530425180437,Ours
OfficeHome,vit,kNN,hue_0.05,hue,Synthetic,0.04861111111111116,0.054789164274683055,0.006178053163571895,Ours
OfficeHome,vit,kNN,hue_0.07500000000000001,hue,Synthetic,0.07407407407407407,0.07976294085377111,0.005688866779697044,Ours
OfficeHome,vit,kNN,hue_0.1,hue,Synthetic,0.07407407407407407,0.08320759969226599,0.009133525618191918,Ours
OfficeHome,vit,kNN,hue_0.125,hue,Synthetic,0.06481481481481488,0.09397215856256247,0.02915734374774759,Ours
OfficeHome,vit,kNN,hue_0.15000000000000002,hue,Synthetic,0.0625,0.0892357526596319,0.026735752659631906,Ours
OfficeHome,vit,kNN,hue_0.17500000000000002,hue,Synthetic,0.07407407407407407,0.09483332327218619,0.020759249198112117,Ours
OfficeHome,vit,kNN,hue_0.2,hue,Synthetic,0.06712962962962965,0.09268041149812678,0.02555078186849713,Ours
OfficeHome,vit,kNN,hue_0.225,hue,Synthetic,0.07407407407407407,0.11119545275503695,0.03712137868096288,Ours
OfficeHome,vit,kNN,hue_0.25,hue,Synthetic,0.05555555555555558,0.10043089388474025,0.044875338329184666,Ours
OfficeHome,vit,kNN,hue_0.275,hue,Synthetic,0.09027777777777779,0.10301438801361151,0.012736610235833723,Ours
OfficeHome,vit,kNN,hue_0.30000000000000004,hue,Synthetic,0.0717592592592593,0.08966633501444388,0.017907075755184576,Ours
OfficeHome,vit,kNN,hue_0.325,hue,Synthetic,0.06944444444444442,0.10818137627135405,0.038736931826909626,Ours
OfficeHome,vit,kNN,hue_0.35000000000000003,hue,Synthetic,0.0717592592592593,0.09397215856256247,0.02221289930330317,Ours
OfficeHome,vit,kNN,hue_0.375,hue,Synthetic,0.06018518518518523,0.07244304082196928,0.012257855636784054,Ours
OfficeHome,vit,kNN,hue_0.4,hue,Synthetic,0.05555555555555558,0.08105468791820658,0.025499132362651,Ours
OfficeHome,vit,kNN,hue_0.42500000000000004,hue,Synthetic,0.05555555555555558,0.09009691736925574,0.034541361813700155,Ours
OfficeHome,vit,kNN,hue_0.45,hue,Synthetic,0.06481481481481488,0.10000031152992861,0.03518549671511373,Ours
OfficeHome,vit,kNN,hue_0.47500000000000003,hue,Synthetic,0.0625,0.1086119586261658,0.046111958626165794,Ours
OfficeHome,vit,kNN,hue_0.5,hue,Synthetic,0.08101851851851849,0.08579109382113714,0.0047725753026186535,Ours
OfficeHome,vit,kNN,jpeg_0.025,jpeg,Synthetic,0.04166666666666663,0.031098453165651296,0.010568213501015333,Ours
OfficeHome,vit,kNN,jpeg_0.05,jpeg,Synthetic,0.04166666666666663,0.028018028294604314,0.013648638372062316,Ours
OfficeHome,vit,kNN,jpeg_0.07500000000000001,jpeg,Synthetic,0.04398148148148151,0.029338210382195862,0.014643271099285649,Ours
OfficeHome,vit,kNN,jpeg_0.1,jpeg,Synthetic,0.03472222222222221,0.026697846207012987,0.008024376015209223,Ours
OfficeHome,vit,kNN,jpeg_0.125,jpeg,Synthetic,0.03472222222222221,0.028898149686332086,0.0058240725358901235,Ours
OfficeHome,vit,kNN,jpeg_0.15000000000000002,jpeg,Synthetic,0.03472222222222221,0.027137906902876763,0.007584315319345447,Ours
OfficeHome,vit,kNN,jpeg_0.17500000000000002,jpeg,Synthetic,0.03703703703703709,0.03505899942842572,0.0019780376086113716,Ours
OfficeHome,vit,kNN,jpeg_0.2,jpeg,Synthetic,0.05787037037037035,0.029338210382195862,0.028532159988174488,Ours
OfficeHome,vit,kNN,jpeg_0.225,jpeg,Synthetic,0.0532407407407407,0.028898149686332086,0.024342591054408613,Ours
OfficeHome,vit,kNN,jpeg_0.25,jpeg,Synthetic,0.04398148148148151,0.03285869594910651,0.011122785532375001,Ours
OfficeHome,vit,kNN,jpeg_0.275,jpeg,Synthetic,0.04398148148148151,0.03373881734083428,0.010242664140647229,Ours
OfficeHome,vit,kNN,jpeg_0.30000000000000004,jpeg,Synthetic,0.05092592592592593,0.0262577855111491,0.02466814041477683,Ours
OfficeHome,vit,kNN,jpeg_0.325,jpeg,Synthetic,0.05092592592592593,0.027577967598740538,0.023347958327185392,Ours
OfficeHome,vit,kNN,jpeg_0.35000000000000003,jpeg,Synthetic,0.0532407407407407,0.028018028294604314,0.025222712446136386,Ours
OfficeHome,vit,kNN,jpeg_0.375,jpeg,Synthetic,0.05787037037037035,0.031098453165651185,0.026771917204719164,Ours
OfficeHome,vit,kNN,jpeg_0.4,jpeg,Synthetic,0.04398148148148151,0.036819242211881154,0.007162239269600357,Ours
OfficeHome,vit,kNN,jpeg_0.42500000000000004,jpeg,Synthetic,0.0532407407407407,0.031098453165651185,0.022142287575089514,Ours
OfficeHome,vit,kNN,jpeg_0.45,jpeg,Synthetic,0.04861111111111116,0.029338210382195862,0.0192729007289153,Ours
OfficeHome,vit,kNN,jpeg_0.47500000000000003,jpeg,Synthetic,0.05092592592592593,0.031098453165651185,0.019827472760274745,Ours
OfficeHome,vit,kNN,jpeg_0.5,jpeg,Synthetic,0.05092592592592593,0.030218331773923635,0.020707594152002295,Ours
OfficeHome,vit,kNN,multnoise_0.025,multnoise,Synthetic,0.04166666666666663,0.03455872683446831,0.007107939832198318,Ours
OfficeHome,vit,kNN,multnoise_0.05,multnoise,Synthetic,0.05092592592592593,0.04160622120014762,0.00931970472577831,Ours
OfficeHome,vit,kNN,multnoise_0.07500000000000001,multnoise,Synthetic,0.06712962962962965,0.05482027313579646,0.01230935649383319,Ours
OfficeHome,vit,kNN,multnoise_0.1,multnoise,Synthetic,0.08564814814814814,0.06759385667359036,0.018054291474557782,Ours
OfficeHome,vit,kNN,multnoise_0.125,multnoise,Synthetic,0.10648148148148151,0.08961727656633839,0.01686420491514312,Ours
OfficeHome,vit,kNN,multnoise_0.15000000000000002,multnoise,Synthetic,0.13194444444444442,0.10591460728697183,0.02602983715747259,Ours
OfficeHome,vit,kNN,multnoise_0.17500000000000002,multnoise,Synthetic,0.16666666666666663,0.14291395270678847,0.023752713959878158,Ours
OfficeHome,vit,kNN,multnoise_0.2,multnoise,Synthetic,0.18287037037037035,0.17022299337379604,0.012647376996574311,Ours
OfficeHome,vit,kNN,multnoise_0.225,multnoise,Synthetic,0.20138888888888895,0.1926868816643989,0.00870200722449005,Ours
OfficeHome,vit,kNN,multnoise_0.25,multnoise,Synthetic,0.20833333333333337,0.21691264354642176,0.008579310213088387,Ours
OfficeHome,vit,kNN,multnoise_0.275,multnoise,Synthetic,0.22916666666666669,0.23761465824560507,0.008447991578938385,Ours
OfficeHome,vit,kNN,multnoise_0.30000000000000004,multnoise,Synthetic,0.24305555555555558,0.258757141342643,0.015701585787087413,Ours
OfficeHome,vit,kNN,multnoise_0.325,multnoise,Synthetic,0.25462962962962965,0.2825424348268109,0.027912805197181256,Ours
OfficeHome,vit,kNN,multnoise_0.35000000000000003,multnoise,Synthetic,0.27083333333333337,0.3023635127302841,0.03153017939695074,Ours
OfficeHome,vit,kNN,multnoise_0.375,multnoise,Synthetic,0.2870370370370371,0.31866084345091766,0.03162380641388057,Ours
OfficeHome,vit,kNN,multnoise_0.4,multnoise,Synthetic,0.3171296296296297,0.33319630058013144,0.016066670950501738,Ours
OfficeHome,vit,kNN,multnoise_0.42500000000000004,multnoise,Synthetic,0.3217592592592593,0.3415652001393756,0.01980594088011628,Ours
OfficeHome,vit,kNN,multnoise_0.45,multnoise,Synthetic,0.3310185185185186,0.35610065726858936,0.02508213875007076,Ours
OfficeHome,vit,kNN,multnoise_0.47500000000000003,multnoise,Synthetic,0.3587962962962964,0.3715170511935129,0.012720754897216524,Ours
OfficeHome,vit,kNN,multnoise_0.5,multnoise,Synthetic,0.3680555555555556,0.3842906347313068,0.016235079175751232,Ours
OfficeHome,vit,kNN,noise_0.025,noise,Synthetic,0.04861111111111116,0.037369452906852674,0.011241658204258487,Ours
OfficeHome,vit,kNN,noise_0.05,noise,Synthetic,0.0532407407407407,0.04039394808157026,0.012846792659170436,Ours
OfficeHome,vit,kNN,noise_0.07500000000000001,noise,Synthetic,0.06018518518518523,0.04946743360572303,0.010717751579462198,Ours
OfficeHome,vit,kNN,noise_0.1,noise,Synthetic,0.06712962962962965,0.065886121697047,0.0012435079325826548,Ours
OfficeHome,vit,kNN,noise_0.125,noise,Synthetic,0.09490740740740744,0.0805765268313896,0.014330880576017835,Ours
OfficeHome,vit,kNN,noise_0.15000000000000002,noise,Synthetic,0.10648148148148151,0.12378360075592643,0.017302119274444916,Ours
OfficeHome,vit,kNN,noise_0.17500000000000002,noise,Synthetic,0.1342592592592593,0.15013991584989395,0.015880656590634645,Ours
OfficeHome,vit,kNN,noise_0.2,noise,Synthetic,0.16435185185185186,0.17649623094386147,0.012144379092009605,Ours
OfficeHome,vit,kNN,noise_0.225,noise,Synthetic,0.17361111111111116,0.19421113125292155,0.020600020141810393,Ours
OfficeHome,vit,kNN,noise_0.25,noise,Synthetic,0.20833333333333337,0.2292088611317965,0.020875527798463134,Ours
OfficeHome,vit,kNN,noise_0.275,noise,Synthetic,0.25462962962962965,0.25902174213972684,0.00439211251009719,Ours
OfficeHome,vit,kNN,noise_0.30000000000000004,noise,Synthetic,0.2731481481481482,0.2871063401906758,0.013958192042527628,Ours
OfficeHome,vit,kNN,noise_0.325,noise,Synthetic,0.3148148148148149,0.31043816010992575,0.004376654704889127,Ours
OfficeHome,vit,kNN,noise_0.35000000000000003,noise,Synthetic,0.3310185185185186,0.32901720189747663,0.002001316621041971,Ours
OfficeHome,vit,kNN,noise_0.375,noise,Synthetic,0.3564814814814815,0.3519169510774811,0.0045645304040004,Ours
OfficeHome,vit,kNN,noise_0.4,noise,Synthetic,0.3680555555555556,0.37006392212578665,0.0020083665702310682,Ours
OfficeHome,vit,kNN,noise_0.42500000000000004,noise,Synthetic,0.4074074074074075,0.3851863979993745,0.02222100940803301,Ours
OfficeHome,vit,kNN,noise_0.45,noise,Synthetic,0.425925925925926,0.4063578642223976,0.019568061703528372,Ours
OfficeHome,vit,kNN,noise_0.47500000000000003,noise,Synthetic,0.44907407407407407,0.41931998639975865,0.02975408767431542,Ours
OfficeHome,vit,kNN,noise_0.5,noise,Synthetic,0.4675925925925927,0.44654044297221684,0.021052149620375882,Ours
OfficeHome,vit,kNN,saltpepper_0.025,saltpepper,Synthetic,0.3171296296296297,0.3216449165543904,0.00451528692476072,Ours
OfficeHome,vit,kNN,saltpepper_0.05,saltpepper,Synthetic,0.3425925925925926,0.3344565025098579,0.008136090082734693,Ours
OfficeHome,vit,kNN,saltpepper_0.07500000000000001,saltpepper,Synthetic,0.3402777777777778,0.338589272172912,0.0016885056048657754,Ours
OfficeHome,vit,kNN,saltpepper_0.1,saltpepper,Synthetic,0.3541666666666667,0.33817599520660635,0.015990671460060335,Ours
OfficeHome,vit,kNN,saltpepper_0.125,saltpepper,Synthetic,0.3564814814814815,0.3398291030718281,0.01665237840965339,Ours
OfficeHome,vit,kNN,saltpepper_0.15000000000000002,saltpepper,Synthetic,0.3564814814814815,0.3385892721729118,0.017892209308569718,Ours
OfficeHome,vit,kNN,saltpepper_0.17500000000000002,saltpepper,Synthetic,0.3680555555555556,0.343961872734882,0.02409368282067359,Ours
OfficeHome,vit,kNN,saltpepper_0.2,saltpepper,Synthetic,0.3819444444444445,0.3567734586903495,0.025170985754094988,Ours
OfficeHome,vit,kNN,saltpepper_0.225,saltpepper,Synthetic,0.3912037037037038,0.35760001262296026,0.033603691080743514,Ours
OfficeHome,vit,kNN,saltpepper_0.25,saltpepper,Synthetic,0.3935185185185186,0.3741310912751762,0.019387427243342414,Ours
OfficeHome,vit,kNN,saltpepper_0.275,saltpepper,Synthetic,0.4050925925925926,0.37371781430887085,0.03137477828372176,Ours
OfficeHome,vit,kNN,saltpepper_0.30000000000000004,saltpepper,Synthetic,0.4189814814814815,0.3766107530730085,0.042370728408473,Ours
OfficeHome,vit,kNN,saltpepper_0.325,saltpepper,Synthetic,0.4351851851851852,0.3840497384665059,0.051135446718679256,Ours
OfficeHome,vit,kNN,saltpepper_0.35000000000000003,saltpepper,Synthetic,0.4375,0.3914887238600031,0.04601127613999689,Ours
OfficeHome,vit,kNN,saltpepper_0.375,saltpepper,Synthetic,0.4513888888888889,0.4030604789165543,0.04832840997233462,Ours
OfficeHome,vit,kNN,saltpepper_0.4,saltpepper,Synthetic,0.4513888888888889,0.4129791261078838,0.03840976278100511,Ours
OfficeHome,vit,kNN,saltpepper_0.42500000000000004,saltpepper,Synthetic,0.4560185185185186,0.42124466543399175,0.03477385308452685,Ours
OfficeHome,vit,kNN,saltpepper_0.45,saltpepper,Synthetic,0.46296296296296297,0.42992348172640515,0.03303948123655781,Ours
OfficeHome,vit,kNN,saltpepper_0.47500000000000003,saltpepper,Synthetic,0.4722222222222223,0.4315765895916267,0.04064563263059562,Ours
OfficeHome,vit,kNN,saltpepper_0.5,saltpepper,Synthetic,0.48148148148148145,0.439015574985124,0.04246590649635745,Ours
OfficeHome,vit,kNN,smear_0.025,smear,Synthetic,0.05555555555555558,0.040553570455637344,0.015001985099918236,Ours
OfficeHome,vit,kNN,smear_0.05,smear,Synthetic,0.05787037037037035,0.04577063016834937,0.012099740202020981,Ours
OfficeHome,vit,kNN,smear_0.07500000000000001,smear,Synthetic,0.04398148148148151,0.04359685528805268,0.00038462619342882753,Ours
OfficeHome,vit,kNN,smear_0.1,smear,Synthetic,0.04629629629629628,0.0431621003119933,0.0031341959843029787,Ours
OfficeHome,vit,kNN,smear_0.125,smear,Synthetic,0.04861111111111116,0.0470748950965274,0.0015362160145837578,Ours
OfficeHome,vit,kNN,smear_0.15000000000000002,smear,Synthetic,0.05555555555555558,0.041423080407756,0.014132475147799584,Ours
OfficeHome,vit,kNN,smear_0.17500000000000002,smear,Synthetic,0.05555555555555558,0.06011754437830774,0.004561988822752161,Ours
OfficeHome,vit,kNN,smear_0.2,smear,Synthetic,0.06481481481481488,0.054900484665595495,0.009914330149219386,Ours
OfficeHome,vit,kNN,smear_0.225,smear,Synthetic,0.06018518518518523,0.06533460409101988,0.005149418905834646,Ours
OfficeHome,vit,kNN,smear_0.25,smear,Synthetic,0.05787037037037035,0.06055229935436701,0.002681928983996662,Ours
OfficeHome,vit,kNN,smear_0.275,smear,Synthetic,0.05555555555555558,0.06446509413890122,0.008909538583345644,Ours
OfficeHome,vit,kNN,smear_0.30000000000000004,smear,Synthetic,0.08101851851851849,0.07968151830097814,0.0013370002175403517,Ours
OfficeHome,vit,kNN,smear_0.325,smear,Synthetic,0.07870370370370372,0.08185529318127482,0.003151589477571104,Ours
OfficeHome,vit,kNN,smear_0.35000000000000003,smear,Synthetic,0.09259259259259256,0.09315892255881775,0.0005663299662251875,Ours
OfficeHome,vit,kNN,smear_0.375,smear,Synthetic,0.07638888888888895,0.09446318748699578,0.01807429859810683,Ours
OfficeHome,vit,kNN,smear_0.4,smear,Synthetic,0.11342592592592593,0.1253307907872091,0.011904864861283171,Ours
OfficeHome,vit,kNN,smear_0.42500000000000004,smear,Synthetic,0.09259259259259256,0.10359304198424202,0.011000449391649458,Ours
OfficeHome,vit,kNN,smear_0.45,smear,Synthetic,0.10648148148148151,0.12315701590691241,0.016675534425430905,Ours
OfficeHome,vit,kNN,smear_0.47500000000000003,smear,Synthetic,0.12037037037037035,0.15576363911136315,0.0353932687409928,Ours
OfficeHome,vit,kNN,smear_0.5,smear,Synthetic,0.10879629629629628,0.1527203542789477,0.04392405798265142,Ours
OfficeHome,vit,kNN,Art,Organic,Organic,0.3027777777777778,0.36737873681485816,0.06460095903708035,Ours
OfficeHome,vit,kNN,Clipart,Organic,Organic,0.3773148148148149,0.3424397544060173,0.034875060408797565,Ours
OfficeHome,vit,kNN,Product,Organic,Organic,0.12664141414141417,0.14086610406506345,0.01422468992364928,Ours
OfficeHome,vit,kNN,ind_test,Organic,Organic,0.03703703703703709,0.033961052136383396,0.0030759849006536943,Ours
Polyp,deeplabv3plus,Entropy,brightness_0.025,brightness,Synthetic,0.10624999999999984,0.1603723977017915,0.05412239770179167,Ours
Polyp,deeplabv3plus,Entropy,brightness_0.05,brightness,Synthetic,0.09583333333333321,0.17730879520291437,0.08147546186958116,Ours
Polyp,deeplabv3plus,Entropy,brightness_0.07500000000000001,brightness,Synthetic,0.10624999999999984,0.19424519270403723,0.08799519270403738,Ours
Polyp,deeplabv3plus,Entropy,brightness_0.1,brightness,Synthetic,0.09583333333333321,0.228117987706283,0.13228465437294978,Ours
Polyp,deeplabv3plus,Entropy,brightness_0.125,brightness,Synthetic,0.07499999999999984,0.21118159020516014,0.1361815902051603,Ours
Polyp,deeplabv3plus,Entropy,brightness_0.15000000000000002,brightness,Synthetic,0.09583333333333321,0.19424519270403723,0.09841185937070401,Ours
Polyp,deeplabv3plus,Entropy,brightness_0.17500000000000002,brightness,Synthetic,0.09583333333333321,0.22811798770628297,0.13228465437294976,Ours
Polyp,deeplabv3plus,Entropy,brightness_0.2,brightness,Synthetic,0.09583333333333321,0.19424519270403723,0.09841185937070401,Ours
Polyp,deeplabv3plus,Entropy,brightness_0.225,brightness,Synthetic,0.08541666666666647,0.21118159020516009,0.1257649235384936,Ours
Polyp,deeplabv3plus,Entropy,brightness_0.25,brightness,Synthetic,0.09583333333333321,0.1603723977017915,0.0645390643684583,Ours
Polyp,deeplabv3plus,Entropy,brightness_0.275,brightness,Synthetic,0.10624999999999984,0.21118159020516009,0.10493159020516024,Ours
Polyp,deeplabv3plus,Entropy,brightness_0.30000000000000004,brightness,Synthetic,0.10624999999999984,0.17730879520291437,0.07105879520291453,Ours
Polyp,deeplabv3plus,Entropy,brightness_0.325,brightness,Synthetic,0.11666666666666647,0.17730879520291437,0.0606421285362479,Ours
Polyp,deeplabv3plus,Entropy,brightness_0.35000000000000003,brightness,Synthetic,0.07499999999999984,0.21118159020516009,0.13618159020516024,Ours
Polyp,deeplabv3plus,Entropy,brightness_0.375,brightness,Synthetic,0.09583333333333321,0.21118159020516014,0.11534825687182693,Ours
Polyp,deeplabv3plus,Entropy,brightness_0.4,brightness,Synthetic,0.09583333333333321,0.17730879520291437,0.08147546186958116,Ours
Polyp,deeplabv3plus,Entropy,brightness_0.42500000000000004,brightness,Synthetic,0.09583333333333321,0.21118159020516009,0.11534825687182687,Ours
Polyp,deeplabv3plus,Entropy,brightness_0.45,brightness,Synthetic,0.11666666666666647,0.19424519270403723,0.07757852603737075,Ours
Polyp,deeplabv3plus,Entropy,brightness_0.47500000000000003,brightness,Synthetic,0.11666666666666647,0.17730879520291437,0.0606421285362479,Ours
Polyp,deeplabv3plus,Entropy,brightness_0.5,brightness,Synthetic,0.10624999999999984,0.1603723977017915,0.05412239770179167,Ours
Polyp,deeplabv3plus,Entropy,contrast_0.025,contrast,Synthetic,0.10104166666666647,0.1981666935644845,0.09712502689781802,Ours
Polyp,deeplabv3plus,Entropy,contrast_0.05,contrast,Synthetic,0.10104166666666647,0.18111297375945962,0.08007130709279314,Ours
Polyp,deeplabv3plus,Entropy,contrast_0.07500000000000001,contrast,Synthetic,0.10104166666666647,0.23227413317453421,0.13123246650786774,Ours
Polyp,deeplabv3plus,Entropy,contrast_0.1,contrast,Synthetic,0.09583333333333321,0.18963983366197204,0.09380650032863883,Ours
Polyp,deeplabv3plus,Entropy,contrast_0.125,contrast,Synthetic,0.11666666666666647,0.19816669356448446,0.08150002689781799,Ours
Polyp,deeplabv3plus,Entropy,contrast_0.15000000000000002,contrast,Synthetic,0.11145833333333321,0.2152204133695093,0.1037620800361761,Ours
Polyp,deeplabv3plus,Entropy,contrast_0.17500000000000002,contrast,Synthetic,0.12187499999999984,0.18111297375945962,0.05923797375945977,Ours
Polyp,deeplabv3plus,Entropy,contrast_0.2,contrast,Synthetic,0.13749999999999984,0.21522041336950937,0.07772041336950952,Ours
Polyp,deeplabv3plus,Entropy,contrast_0.225,contrast,Synthetic,0.12708333333333321,0.23227413317453424,0.10519079984120103,Ours
Polyp,deeplabv3plus,Entropy,contrast_0.25,contrast,Synthetic,0.13749999999999984,0.18963983366197207,0.052139833661972224,Ours
Polyp,deeplabv3plus,Entropy,contrast_0.275,contrast,Synthetic,0.13749999999999984,0.18963983366197204,0.052139833661972196,Ours
Polyp,deeplabv3plus,Entropy,contrast_0.30000000000000004,contrast,Synthetic,0.14791666666666647,0.18963983366197204,0.041723166995305566,Ours
Polyp,deeplabv3plus,Entropy,contrast_0.325,contrast,Synthetic,0.14270833333333321,0.18111297375945962,0.0384046404261264,Ours
Polyp,deeplabv3plus,Entropy,contrast_0.35000000000000003,contrast,Synthetic,0.15833333333333321,0.20669355346699692,0.0483602201336637,Ours
Polyp,deeplabv3plus,Entropy,contrast_0.375,contrast,Synthetic,0.14791666666666647,0.18963983366197204,0.041723166995305566,Ours
Polyp,deeplabv3plus,Entropy,contrast_0.4,contrast,Synthetic,0.15312499999999984,0.2237472732720218,0.07062227327202195,Ours
Polyp,deeplabv3plus,Entropy,contrast_0.42500000000000004,contrast,Synthetic,0.14270833333333321,0.20669355346699692,0.0639852201336637,Ours
Polyp,deeplabv3plus,Entropy,contrast_0.45,contrast,Synthetic,0.13229166666666647,0.16405925395443477,0.031767587287768295,Ours
Polyp,deeplabv3plus,Entropy,contrast_0.47500000000000003,contrast,Synthetic,0.13749999999999984,0.18111297375945962,0.04361297375945977,Ours
Polyp,deeplabv3plus,Entropy,contrast_0.5,contrast,Synthetic,0.13749999999999984,0.1725861138569472,0.03508611385694735,Ours
Polyp,deeplabv3plus,Entropy,fog_0.025,fog,Synthetic,0.09583333333333321,0.17695172713523222,0.081118393801899,Ours
Polyp,deeplabv3plus,Entropy,fog_0.05,fog,Synthetic,0.10624999999999984,0.17695172713523222,0.07070172713523237,Ours
Polyp,deeplabv3plus,Entropy,fog_0.07500000000000001,fog,Synthetic,0.09583333333333321,0.17695172713523222,0.081118393801899,Ours
Polyp,deeplabv3plus,Entropy,fog_0.1,fog,Synthetic,0.10624999999999984,0.1600089664465053,0.05375896644650546,Ours
Polyp,deeplabv3plus,Entropy,fog_0.125,fog,Synthetic,0.12708333333333321,0.17695172713523222,0.049868393801899,Ours
Polyp,deeplabv3plus,Entropy,fog_0.15000000000000002,fog,Synthetic,0.11666666666666647,0.17695172713523222,0.06028506046856574,Ours
Polyp,deeplabv3plus,Entropy,fog_0.17500000000000002,fog,Synthetic,0.11666666666666647,0.21083724851268604,0.09417058184601956,Ours
Polyp,deeplabv3plus,Entropy,fog_0.2,fog,Synthetic,0.10624999999999984,0.19389448782395913,0.08764448782395928,Ours
Polyp,deeplabv3plus,Entropy,fog_0.225,fog,Synthetic,0.10624999999999984,0.22778000920141295,0.1215300092014131,Ours
Polyp,deeplabv3plus,Entropy,fog_0.25,fog,Synthetic,0.10624999999999984,0.1600089664465053,0.05375896644650546,Ours
Polyp,deeplabv3plus,Entropy,fog_0.275,fog,Synthetic,0.10624999999999984,0.2447227698901399,0.13847276989014007,Ours
Polyp,deeplabv3plus,Entropy,fog_0.30000000000000004,fog,Synthetic,0.08541666666666647,0.19389448782395916,0.10847782115729268,Ours
Polyp,deeplabv3plus,Entropy,fog_0.325,fog,Synthetic,0.06458333333333321,0.19389448782395913,0.1293111544906259,Ours
Polyp,deeplabv3plus,Entropy,fog_0.35000000000000003,fog,Synthetic,0.08541666666666647,0.19389448782395913,0.10847782115729265,Ours
Polyp,deeplabv3plus,Entropy,fog_0.375,fog,Synthetic,0.08541666666666647,0.19389448782395913,0.10847782115729265,Ours
Polyp,deeplabv3plus,Entropy,fog_0.4,fog,Synthetic,0.09583333333333321,0.17695172713523222,0.081118393801899,Ours
Polyp,deeplabv3plus,Entropy,fog_0.42500000000000004,fog,Synthetic,0.09583333333333321,0.21083724851268604,0.11500391517935282,Ours
Polyp,deeplabv3plus,Entropy,fog_0.45,fog,Synthetic,0.08541666666666647,0.21083724851268607,0.1254205818460196,Ours
Polyp,deeplabv3plus,Entropy,fog_0.47500000000000003,fog,Synthetic,0.09583333333333321,0.1430662057577784,0.04723287242444518,Ours
Polyp,deeplabv3plus,Entropy,fog_0.5,fog,Synthetic,0.08541666666666647,0.21083724851268604,0.12542058184601956,Ours
Polyp,deeplabv3plus,Entropy,hue_0.025,hue,Synthetic,0.10624999999999984,0.17529513028499003,0.06904513028499018,Ours
Polyp,deeplabv3plus,Entropy,hue_0.05,hue,Synthetic,0.09583333333333321,0.2097007387035125,0.11386740537017928,Ours
Polyp,deeplabv3plus,Entropy,hue_0.07500000000000001,hue,Synthetic,0.11666666666666647,0.12368671765720635,0.007020050990539872,Ours
Polyp,deeplabv3plus,Entropy,hue_0.1,hue,Synthetic,0.22083333333333321,0.17529513028499003,0.04553820304834319,Ours
Polyp,deeplabv3plus,Entropy,hue_0.125,hue,Synthetic,0.26249999999999984,0.17529513028499003,0.08720486971500982,Ours
Polyp,deeplabv3plus,Entropy,hue_0.15000000000000002,hue,Synthetic,0.19999999999999984,0.20970073870351252,0.009700738703512679,Ours
Polyp,deeplabv3plus,Entropy,hue_0.17500000000000002,hue,Synthetic,0.2833333333333332,0.2613091513312962,0.02202418200203704,Ours
Polyp,deeplabv3plus,Entropy,hue_0.2,hue,Synthetic,0.32499999999999984,0.34732317237760235,0.022323172377602507,Ours
Polyp,deeplabv3plus,Entropy,hue_0.225,hue,Synthetic,0.3979166666666665,0.43333719342390853,0.035420526757242055,Ours
Polyp,deeplabv3plus,Entropy,hue_0.25,hue,Synthetic,0.48124999999999984,0.5365540186794759,0.0553040186794761,Ours
Polyp,deeplabv3plus,Entropy,hue_0.275,hue,Synthetic,0.5229166666666665,0.5193512144702146,0.0035654521964518793,Ours
Polyp,deeplabv3plus,Entropy,hue_0.30000000000000004,hue,Synthetic,0.5958333333333332,0.5365540186794759,0.059279314653857273,Ours
Polyp,deeplabv3plus,Entropy,hue_0.325,hue,Synthetic,0.6583333333333332,0.5365540186794759,0.12177931465385727,Ours
Polyp,deeplabv3plus,Entropy,hue_0.35000000000000003,hue,Synthetic,0.6791666666666665,0.5365540186794759,0.14261264798719053,Ours
Polyp,deeplabv3plus,Entropy,hue_0.375,hue,Synthetic,0.6895833333333332,0.5365540186794759,0.15302931465385727,Ours
Polyp,deeplabv3plus,Entropy,hue_0.4,hue,Synthetic,0.6791666666666665,0.5365540186794759,0.14261264798719053,Ours
Polyp,deeplabv3plus,Entropy,hue_0.42500000000000004,hue,Synthetic,0.6687499999999998,0.5365540186794759,0.1321959813205239,Ours
Polyp,deeplabv3plus,Entropy,hue_0.45,hue,Synthetic,0.6374999999999998,0.5365540186794759,0.1009459813205239,Ours
Polyp,deeplabv3plus,Entropy,hue_0.47500000000000003,hue,Synthetic,0.6166666666666665,0.5365540186794759,0.08011264798719053,Ours
Polyp,deeplabv3plus,Entropy,hue_0.5,hue,Synthetic,0.6062499999999998,0.5193512144702146,0.08689878552978525,Ours
Polyp,deeplabv3plus,Entropy,jpeg_0.025,jpeg,Synthetic,0.10624999999999984,0.22728381104989154,0.12103381104989169,Ours
Polyp,deeplabv3plus,Entropy,jpeg_0.05,jpeg,Synthetic,0.11666666666666647,0.15939314270226343,0.042726476035596955,Ours
Polyp,deeplabv3plus,Entropy,jpeg_0.07500000000000001,jpeg,Synthetic,0.11666666666666647,0.22728381104989154,0.11061714438322506,Ours
Polyp,deeplabv3plus,Entropy,jpeg_0.1,jpeg,Synthetic,0.10624999999999984,0.19333847687607747,0.08708847687607763,Ours
Polyp,deeplabv3plus,Entropy,jpeg_0.125,jpeg,Synthetic,0.11666666666666647,0.21031114396298448,0.093644477296318,Ours
Polyp,deeplabv3plus,Entropy,jpeg_0.15000000000000002,jpeg,Synthetic,0.09583333333333321,0.21031114396298448,0.11447781062965126,Ours
Polyp,deeplabv3plus,Entropy,jpeg_0.17500000000000002,jpeg,Synthetic,0.10624999999999984,0.17636580978917044,0.07011580978917059,Ours
Polyp,deeplabv3plus,Entropy,jpeg_0.2,jpeg,Synthetic,0.11666666666666647,0.21031114396298448,0.093644477296318,Ours
Polyp,deeplabv3plus,Entropy,jpeg_0.225,jpeg,Synthetic,0.12708333333333321,0.15939314270226343,0.032309809368930215,Ours
Polyp,deeplabv3plus,Entropy,jpeg_0.25,jpeg,Synthetic,0.09583333333333321,0.17636580978917044,0.08053247645583722,Ours
Polyp,deeplabv3plus,Entropy,jpeg_0.275,jpeg,Synthetic,0.11666666666666647,0.26122914522370555,0.14456247855703908,Ours
Polyp,deeplabv3plus,Entropy,jpeg_0.30000000000000004,jpeg,Synthetic,0.10624999999999984,0.19333847687607747,0.08708847687607763,Ours
Polyp,deeplabv3plus,Entropy,jpeg_0.325,jpeg,Synthetic,0.11666666666666647,0.15939314270226343,0.042726476035596955,Ours
Polyp,deeplabv3plus,Entropy,jpeg_0.35000000000000003,jpeg,Synthetic,0.09583333333333321,0.15939314270226343,0.06355980936893021,Ours
Polyp,deeplabv3plus,Entropy,jpeg_0.375,jpeg,Synthetic,0.11666666666666647,0.24425647813679852,0.12758981147013204,Ours
Polyp,deeplabv3plus,Entropy,jpeg_0.4,jpeg,Synthetic,0.09583333333333321,0.14242047561535642,0.04658714228202321,Ours
Polyp,deeplabv3plus,Entropy,jpeg_0.42500000000000004,jpeg,Synthetic,0.10624999999999984,0.21031114396298448,0.10406114396298463,Ours
Polyp,deeplabv3plus,Entropy,jpeg_0.45,jpeg,Synthetic,0.11666666666666647,0.22728381104989154,0.11061714438322506,Ours
Polyp,deeplabv3plus,Entropy,jpeg_0.47500000000000003,jpeg,Synthetic,0.11666666666666647,0.26122914522370555,0.14456247855703908,Ours
Polyp,deeplabv3plus,Entropy,jpeg_0.5,jpeg,Synthetic,0.09583333333333321,0.19333847687607747,0.09750514354274425,Ours
Polyp,deeplabv3plus,Entropy,multnoise_0.025,multnoise,Synthetic,0.10624999999999984,0.1610857227363306,0.05483572273633075,Ours
Polyp,deeplabv3plus,Entropy,multnoise_0.05,multnoise,Synthetic,0.09583333333333321,0.1959595459429252,0.10012621260959198,Ours
Polyp,deeplabv3plus,Entropy,multnoise_0.07500000000000001,multnoise,Synthetic,0.15833333333333321,0.2133964575462225,0.05506312421288928,Ours
Polyp,deeplabv3plus,Entropy,multnoise_0.1,multnoise,Synthetic,0.26249999999999984,0.2831441039594117,0.020644103959411853,Ours
Polyp,deeplabv3plus,Entropy,multnoise_0.125,multnoise,Synthetic,0.3666666666666665,0.2133964575462225,0.15327020912044398,Ours
Polyp,deeplabv3plus,Entropy,multnoise_0.15000000000000002,multnoise,Synthetic,0.5749999999999998,0.47495013159568206,0.10004986840431779,Ours
Polyp,deeplabv3plus,Entropy,multnoise_0.17500000000000002,multnoise,Synthetic,0.7833333333333332,0.8236883636616281,0.040355030328294905,Ours
Polyp,deeplabv3plus,Entropy,multnoise_0.2,multnoise,Synthetic,0.8666666666666666,0.9631836564880065,0.09651698982133994,Ours
Polyp,deeplabv3plus,Entropy,multnoise_0.225,multnoise,Synthetic,0.9291666666666666,0.9631836564880065,0.03401698982133994,Ours
Polyp,deeplabv3plus,Entropy,multnoise_0.25,multnoise,Synthetic,0.9499999999999998,0.9631836564880065,0.013183656488006679,Ours
Polyp,deeplabv3plus,Entropy,multnoise_0.275,multnoise,Synthetic,0.9499999999999998,0.9631836564880065,0.013183656488006679,Ours
Polyp,deeplabv3plus,Entropy,multnoise_0.30000000000000004,multnoise,Synthetic,0.9499999999999998,0.9631836564880065,0.013183656488006679,Ours
Polyp,deeplabv3plus,Entropy,multnoise_0.325,multnoise,Synthetic,0.9499999999999998,0.9631836564880065,0.013183656488006679,Ours
Polyp,deeplabv3plus,Entropy,multnoise_0.35000000000000003,multnoise,Synthetic,0.9499999999999998,0.9631836564880065,0.013183656488006679,Ours
Polyp,deeplabv3plus,Entropy,multnoise_0.375,multnoise,Synthetic,0.9499999999999998,0.9631836564880065,0.013183656488006679,Ours
Polyp,deeplabv3plus,Entropy,multnoise_0.4,multnoise,Synthetic,0.9499999999999998,0.9631836564880065,0.013183656488006679,Ours
Polyp,deeplabv3plus,Entropy,multnoise_0.42500000000000004,multnoise,Synthetic,0.9499999999999998,0.9631836564880065,0.013183656488006679,Ours
Polyp,deeplabv3plus,Entropy,multnoise_0.45,multnoise,Synthetic,0.9499999999999998,0.9631836564880065,0.013183656488006679,Ours
Polyp,deeplabv3plus,Entropy,multnoise_0.47500000000000003,multnoise,Synthetic,0.9499999999999998,0.9631836564880065,0.013183656488006679,Ours
Polyp,deeplabv3plus,Entropy,multnoise_0.5,multnoise,Synthetic,0.9499999999999998,0.9631836564880065,0.013183656488006679,Ours
Polyp,deeplabv3plus,Entropy,noise_0.025,noise,Synthetic,0.13749999999999984,0.1252183338064981,0.012281666193501739,Ours
Polyp,deeplabv3plus,Entropy,noise_0.05,noise,Synthetic,0.10624999999999984,0.2467664493635159,0.14051644936351607,Ours
Polyp,deeplabv3plus,Entropy,noise_0.07500000000000001,noise,Synthetic,0.17916666666666647,0.2120384163472251,0.032871749680558615,Ours
Polyp,deeplabv3plus,Entropy,noise_0.1,noise,Synthetic,0.29374999999999984,0.2120384163472251,0.08171158365277476,Ours
Polyp,deeplabv3plus,Entropy,noise_0.125,noise,Synthetic,0.3666666666666665,0.26413046587166134,0.10253620079500514,Ours
Polyp,deeplabv3plus,Entropy,noise_0.15000000000000002,noise,Synthetic,0.5333333333333332,0.4204066144449699,0.11292671888836331,Ours
Polyp,deeplabv3plus,Entropy,noise_0.17500000000000002,noise,Synthetic,0.7312499999999998,0.6287748125427146,0.10247518745728523,Ours
Polyp,deeplabv3plus,Entropy,noise_0.2,noise,Synthetic,0.8666666666666666,0.854507027148605,0.012159639518061538,Ours
Polyp,deeplabv3plus,Entropy,noise_0.225,noise,Synthetic,0.9083333333333332,0.9586911261974773,0.0503577928641441,Ours
Polyp,deeplabv3plus,Entropy,noise_0.25,noise,Synthetic,0.9499999999999998,0.9586911261974773,0.008691126197477472,Ours
Polyp,deeplabv3plus,Entropy,noise_0.275,noise,Synthetic,0.9499999999999998,0.9586911261974773,0.008691126197477472,Ours
Polyp,deeplabv3plus,Entropy,noise_0.30000000000000004,noise,Synthetic,0.9499999999999998,0.9586911261974773,0.008691126197477472,Ours
Polyp,deeplabv3plus,Entropy,noise_0.325,noise,Synthetic,0.9499999999999998,0.9586911261974773,0.008691126197477472,Ours
Polyp,deeplabv3plus,Entropy,noise_0.35000000000000003,noise,Synthetic,0.9499999999999998,0.9586911261974773,0.008691126197477472,Ours
Polyp,deeplabv3plus,Entropy,noise_0.375,noise,Synthetic,0.9499999999999998,0.9586911261974773,0.008691126197477472,Ours
Polyp,deeplabv3plus,Entropy,noise_0.4,noise,Synthetic,0.9499999999999998,0.9586911261974773,0.008691126197477472,Ours
Polyp,deeplabv3plus,Entropy,noise_0.42500000000000004,noise,Synthetic,0.9499999999999998,0.9586911261974773,0.008691126197477472,Ours
Polyp,deeplabv3plus,Entropy,noise_0.45,noise,Synthetic,0.9499999999999998,0.9586911261974773,0.008691126197477472,Ours
Polyp,deeplabv3plus,Entropy,noise_0.47500000000000003,noise,Synthetic,0.9499999999999998,0.9586911261974773,0.008691126197477472,Ours
Polyp,deeplabv3plus,Entropy,noise_0.5,noise,Synthetic,0.9499999999999998,0.9586911261974773,0.008691126197477472,Ours
Polyp,deeplabv3plus,Entropy,saltpepper_0.025,saltpepper,Synthetic,0.9187499999999998,0.9654632351634855,0.04671323516348569,Ours
Polyp,deeplabv3plus,Entropy,saltpepper_0.05,saltpepper,Synthetic,0.9291666666666666,0.9654632351634855,0.03629656849681895,Ours
Polyp,deeplabv3plus,Entropy,saltpepper_0.07500000000000001,saltpepper,Synthetic,0.9395833333333332,0.9654632351634855,0.02587990183015232,Ours
Polyp,deeplabv3plus,Entropy,saltpepper_0.1,saltpepper,Synthetic,0.9395833333333332,0.9654632351634855,0.02587990183015232,Ours
Polyp,deeplabv3plus,Entropy,saltpepper_0.125,saltpepper,Synthetic,0.9499999999999998,0.9654632351634855,0.015463235163485689,Ours
Polyp,deeplabv3plus,Entropy,saltpepper_0.15000000000000002,saltpepper,Synthetic,0.9499999999999998,0.9654632351634855,0.015463235163485689,Ours
Polyp,deeplabv3plus,Entropy,saltpepper_0.17500000000000002,saltpepper,Synthetic,0.9499999999999998,0.9654632351634855,0.015463235163485689,Ours
Polyp,deeplabv3plus,Entropy,saltpepper_0.2,saltpepper,Synthetic,0.9499999999999998,0.9654632351634855,0.015463235163485689,Ours
Polyp,deeplabv3plus,Entropy,saltpepper_0.225,saltpepper,Synthetic,0.9499999999999998,0.9654632351634855,0.015463235163485689,Ours
Polyp,deeplabv3plus,Entropy,saltpepper_0.25,saltpepper,Synthetic,0.9499999999999998,0.9654632351634855,0.015463235163485689,Ours
Polyp,deeplabv3plus,Entropy,saltpepper_0.275,saltpepper,Synthetic,0.9499999999999998,0.9654632351634855,0.015463235163485689,Ours
Polyp,deeplabv3plus,Entropy,saltpepper_0.30000000000000004,saltpepper,Synthetic,0.9499999999999998,0.9654632351634855,0.015463235163485689,Ours
Polyp,deeplabv3plus,Entropy,saltpepper_0.325,saltpepper,Synthetic,0.9499999999999998,0.9654632351634855,0.015463235163485689,Ours
Polyp,deeplabv3plus,Entropy,saltpepper_0.35000000000000003,saltpepper,Synthetic,0.9499999999999998,0.9654632351634855,0.015463235163485689,Ours
Polyp,deeplabv3plus,Entropy,saltpepper_0.375,saltpepper,Synthetic,0.9499999999999998,0.9654632351634855,0.015463235163485689,Ours
Polyp,deeplabv3plus,Entropy,saltpepper_0.4,saltpepper,Synthetic,0.9499999999999998,0.9654632351634855,0.015463235163485689,Ours
Polyp,deeplabv3plus,Entropy,saltpepper_0.42500000000000004,saltpepper,Synthetic,0.9499999999999998,0.9654632351634855,0.015463235163485689,Ours
Polyp,deeplabv3plus,Entropy,saltpepper_0.45,saltpepper,Synthetic,0.9499999999999998,0.9654632351634855,0.015463235163485689,Ours
Polyp,deeplabv3plus,Entropy,saltpepper_0.47500000000000003,saltpepper,Synthetic,0.9499999999999998,0.9654632351634855,0.015463235163485689,Ours
Polyp,deeplabv3plus,Entropy,saltpepper_0.5,saltpepper,Synthetic,0.9499999999999998,0.9654632351634855,0.015463235163485689,Ours
Polyp,deeplabv3plus,Entropy,smear_0.025,smear,Synthetic,0.12708333333333321,0.18256581341115,0.05548248007781678,Ours
Polyp,deeplabv3plus,Entropy,smear_0.05,smear,Synthetic,0.10624999999999984,0.12704269355197365,0.0207926935519738,Ours
Polyp,deeplabv3plus,Entropy,smear_0.07500000000000001,smear,Synthetic,0.09583333333333321,0.09002728031252272,0.005806053020810498,Ours
Polyp,deeplabv3plus,Entropy,smear_0.1,smear,Synthetic,0.11666666666666647,0.12704269355197362,0.010376026885307144,Ours
Polyp,deeplabv3plus,Entropy,smear_0.125,smear,Synthetic,0.13749999999999984,0.14555040017169912,0.008050400171699279,Ours
Polyp,deeplabv3plus,Entropy,smear_0.15000000000000002,smear,Synthetic,0.17916666666666647,0.16405810679142455,0.015108559875241928,Ours
Polyp,deeplabv3plus,Entropy,smear_0.17500000000000002,smear,Synthetic,0.21041666666666647,0.12704269355197365,0.08337397311469283,Ours
Polyp,deeplabv3plus,Entropy,smear_0.2,smear,Synthetic,0.29374999999999984,0.10853498693224817,0.18521501306775168,Ours
Polyp,deeplabv3plus,Entropy,smear_0.225,smear,Synthetic,0.3354166666666665,0.12704269355197362,0.20837397311469286,Ours
Polyp,deeplabv3plus,Entropy,smear_0.25,smear,Synthetic,0.44999999999999984,0.12704269355197362,0.3229573064480262,Ours
Polyp,deeplabv3plus,Entropy,smear_0.275,smear,Synthetic,0.5437499999999998,0.16405810679142455,0.3796918932085753,Ours
Polyp,deeplabv3plus,Entropy,smear_0.30000000000000004,smear,Synthetic,0.6166666666666665,0.14555040017169907,0.4711162664949674,Ours
Polyp,deeplabv3plus,Entropy,smear_0.325,smear,Synthetic,0.6687499999999998,0.10853498693224817,0.5602150130677517,Ours
Polyp,deeplabv3plus,Entropy,smear_0.35000000000000003,smear,Synthetic,0.6895833333333332,0.20107352003087547,0.48850981330245774,Ours
Polyp,deeplabv3plus,Entropy,smear_0.375,smear,Synthetic,0.7104166666666666,0.12704269355197362,0.583373973114693,Ours
Polyp,deeplabv3plus,Entropy,smear_0.4,smear,Synthetic,0.7208333333333332,0.16405810679142457,0.5567752265419086,Ours
Polyp,deeplabv3plus,Entropy,smear_0.42500000000000004,smear,Synthetic,0.7729166666666666,0.16405810679142457,0.6088585598752421,Ours
Polyp,deeplabv3plus,Entropy,smear_0.45,smear,Synthetic,0.7937499999999998,0.18256581341115002,0.6111841865888499,Ours
Polyp,deeplabv3plus,Entropy,smear_0.47500000000000003,smear,Synthetic,0.8041666666666666,0.16405810679142457,0.6401085598752421,Ours
Polyp,deeplabv3plus,Entropy,smear_0.5,smear,Synthetic,0.8145833333333332,0.10853498693224817,0.706048346401085,Ours
Polyp,deeplabv3plus,Entropy,CVC-ClinicDB,Organic,Organic,0.2343137254901959,0.48004893032382046,0.24573520483362454,Ours
Polyp,deeplabv3plus,Entropy,EndoCV2020,Organic,Organic,0.19409448818897623,0.4865531105977011,0.2924586224087249,Ours
Polyp,deeplabv3plus,Entropy,EtisLaribDB,Organic,Organic,0.6081632653061224,0.7637417673855578,0.15557850207943535,Ours
Polyp,deeplabv3plus,Entropy,ind_test,Organic,Organic,0.029999999999999694,0.35933230683471595,0.32933230683471626,Ours
CCT,resnet,cross_entropy,OoD Test,Organic,Organic,0.5615047948973848,-0.04544796624699321,0.606952761144378,ATC-NE
CCT,resnet,cross_entropy,OoD Val,Organic,Organic,0.5462020670198066,-0.04494896425098516,0.5911510312707917,ATC-NE
CCT,resnet,cross_entropy,brightness_0.025,brightness,Synthetic,-0.03305288461538458,-0.0036057692307692735,0.029447115384615308,ATC-NE
CCT,resnet,cross_entropy,brightness_0.05,brightness,Synthetic,-0.03305288461538458,-0.0042067307692307265,0.028846153846153855,ATC-NE
CCT,resnet,cross_entropy,brightness_0.07500000000000001,brightness,Synthetic,-0.03245192307692302,-0.005408653846153855,0.027043269230769162,ATC-NE
CCT,resnet,cross_entropy,brightness_0.1,brightness,Synthetic,-0.03245192307692302,-0.006009615384615419,0.0264423076923076,ATC-NE
CCT,resnet,cross_entropy,brightness_0.125,brightness,Synthetic,-0.03245192307692302,-0.005408653846153855,0.027043269230769162,ATC-NE
CCT,resnet,cross_entropy,brightness_0.15000000000000002,brightness,Synthetic,-0.031850961538461564,-0.005408653846153855,0.02644230769230771,ATC-NE
CCT,resnet,cross_entropy,brightness_0.17500000000000002,brightness,Synthetic,-0.031850961538461564,-0.006610576923076872,0.025240384615384692,ATC-NE
CCT,resnet,cross_entropy,brightness_0.2,brightness,Synthetic,-0.03125,-0.007211538461538436,0.024038461538461564,ATC-NE
CCT,resnet,cross_entropy,brightness_0.225,brightness,Synthetic,-0.031850961538461564,-0.0078125,0.024038461538461564,ATC-NE
CCT,resnet,cross_entropy,brightness_0.25,brightness,Synthetic,-0.031850961538461564,-0.007211538461538436,0.024639423076923128,ATC-NE
CCT,resnet,cross_entropy,brightness_0.275,brightness,Synthetic,-0.03125,-0.006610576923076872,0.024639423076923128,ATC-NE
CCT,resnet,cross_entropy,brightness_0.30000000000000004,brightness,Synthetic,-0.031850961538461564,-0.007211538461538436,0.024639423076923128,ATC-NE
CCT,resnet,cross_entropy,brightness_0.325,brightness,Synthetic,-0.03305288461538458,-0.009615384615384581,0.0234375,ATC-NE
CCT,resnet,cross_entropy,brightness_0.35000000000000003,brightness,Synthetic,-0.031850961538461564,-0.007211538461538436,0.024639423076923128,ATC-NE
CCT,resnet,cross_entropy,brightness_0.375,brightness,Synthetic,-0.031850961538461564,-0.0078125,0.024038461538461564,ATC-NE
CCT,resnet,cross_entropy,brightness_0.4,brightness,Synthetic,-0.031850961538461564,-0.006009615384615419,0.025841346153846145,ATC-NE
CCT,resnet,cross_entropy,brightness_0.42500000000000004,brightness,Synthetic,-0.03245192307692302,-0.004807692307692291,0.027644230769230727,ATC-NE
CCT,resnet,cross_entropy,brightness_0.45,brightness,Synthetic,-0.03305288461538458,-0.0036057692307692735,0.029447115384615308,ATC-NE
CCT,resnet,cross_entropy,brightness_0.47500000000000003,brightness,Synthetic,-0.033653846153846145,-0.0006009615384615641,0.03305288461538458,ATC-NE
CCT,resnet,cross_entropy,brightness_0.5,brightness,Synthetic,-0.03245192307692302,0.0012019230769231282,0.033653846153846145,ATC-NE
CCT,resnet,cross_entropy,contrast_0.025,contrast,Synthetic,-0.03305288461538458,-0.0021033653846154188,0.030949519230769162,ATC-NE
CCT,resnet,cross_entropy,contrast_0.05,contrast,Synthetic,-0.032752403846153855,-0.0009014423076922906,0.031850961538461564,ATC-NE
CCT,resnet,cross_entropy,contrast_0.07500000000000001,contrast,Synthetic,-0.03245192307692302,-0.0015024038461538547,0.030949519230769162,ATC-NE
CCT,resnet,cross_entropy,contrast_0.1,contrast,Synthetic,-0.03215144230769229,-0.004807692307692291,0.02734375,ATC-NE
CCT,resnet,cross_entropy,contrast_0.125,contrast,Synthetic,-0.031550480769230727,-0.004507211538461564,0.027043269230769162,ATC-NE
CCT,resnet,cross_entropy,contrast_0.15000000000000002,contrast,Synthetic,-0.030048076923076872,-0.00390625,0.026141826923076872,ATC-NE
CCT,resnet,cross_entropy,contrast_0.17500000000000002,contrast,Synthetic,-0.02824519230769229,-0.00390625,0.02433894230769229,ATC-NE
CCT,resnet,cross_entropy,contrast_0.2,contrast,Synthetic,-0.02644230769230771,-0.006911057692307709,0.01953125,ATC-NE
CCT,resnet,cross_entropy,contrast_0.225,contrast,Synthetic,-0.024038461538461564,-0.006911057692307709,0.017127403846153855,ATC-NE
CCT,resnet,cross_entropy,contrast_0.25,contrast,Synthetic,-0.019230769230769273,-0.009014423076923017,0.010216346153846256,ATC-NE
CCT,resnet,cross_entropy,contrast_0.275,contrast,Synthetic,-0.00871394230769229,-0.010216346153846145,0.0015024038461538547,ATC-NE
CCT,resnet,cross_entropy,contrast_0.30000000000000004,contrast,Synthetic,0.00030048076923072653,-0.012920673076923017,0.013221153846153744,ATC-NE
CCT,resnet,cross_entropy,contrast_0.325,contrast,Synthetic,0.012019230769230727,-0.015925480769230727,0.027944711538461453,ATC-NE
CCT,resnet,cross_entropy,contrast_0.35000000000000003,contrast,Synthetic,0.012019230769230727,-0.016826923076923017,0.028846153846153744,ATC-NE
CCT,resnet,cross_entropy,contrast_0.375,contrast,Synthetic,0.006009615384615419,-0.014122596153846145,0.020132211538461564,ATC-NE
CCT,resnet,cross_entropy,contrast_0.4,contrast,Synthetic,-0.00030048076923072653,-0.01171875,0.011418269230769273,ATC-NE
CCT,resnet,cross_entropy,contrast_0.42500000000000004,contrast,Synthetic,-0.004807692307692291,-0.009915865384615419,0.005108173076923128,ATC-NE
CCT,resnet,cross_entropy,contrast_0.45,contrast,Synthetic,-0.010216346153846145,-0.009615384615384581,0.0006009615384615641,ATC-NE
CCT,resnet,cross_entropy,contrast_0.47500000000000003,contrast,Synthetic,-0.015625,-0.008413461538461564,0.007211538461538436,ATC-NE
CCT,resnet,cross_entropy,contrast_0.5,contrast,Synthetic,-0.020132211538461564,-0.007211538461538436,0.012920673076923128,ATC-NE
CCT,resnet,cross_entropy,fog_0.025,fog,Synthetic,-0.031850961538461564,-0.007211538461538436,0.024639423076923128,ATC-NE
CCT,resnet,cross_entropy,fog_0.05,fog,Synthetic,-0.03125,-0.006610576923076872,0.024639423076923128,ATC-NE
CCT,resnet,cross_entropy,fog_0.07500000000000001,fog,Synthetic,-0.028846153846153855,0.0006009615384615641,0.02944711538461542,ATC-NE
CCT,resnet,cross_entropy,fog_0.1,fog,Synthetic,-0.028846153846153855,0.0,0.028846153846153855,ATC-NE
CCT,resnet,cross_entropy,fog_0.125,fog,Synthetic,-0.030649038461538436,-0.0042067307692307265,0.02644230769230771,ATC-NE
CCT,resnet,cross_entropy,fog_0.15000000000000002,fog,Synthetic,-0.030649038461538436,-0.0036057692307692735,0.027043269230769162,ATC-NE
CCT,resnet,cross_entropy,fog_0.17500000000000002,fog,Synthetic,-0.027644230769230727,-0.004807692307692291,0.022836538461538436,ATC-NE
CCT,resnet,cross_entropy,fog_0.2,fog,Synthetic,-0.027043269230769273,-0.0042067307692307265,0.022836538461538547,ATC-NE
CCT,resnet,cross_entropy,fog_0.225,fog,Synthetic,-0.02824519230769229,-0.005408653846153855,0.022836538461538436,ATC-NE
CCT,resnet,cross_entropy,fog_0.25,fog,Synthetic,-0.031850961538461564,-0.006009615384615419,0.025841346153846145,ATC-NE
CCT,resnet,cross_entropy,fog_0.275,fog,Synthetic,-0.030649038461538436,-0.006610576923076872,0.024038461538461564,ATC-NE
CCT,resnet,cross_entropy,fog_0.30000000000000004,fog,Synthetic,0.10997596153846156,-0.03245192307692302,0.14242788461538458,ATC-NE
CCT,resnet,cross_entropy,fog_0.325,fog,Synthetic,0.11237980769230771,-0.03245192307692302,0.14483173076923073,ATC-NE
CCT,resnet,cross_entropy,fog_0.35000000000000003,fog,Synthetic,0.11538461538461542,-0.03245192307692302,0.14783653846153844,ATC-NE
CCT,resnet,cross_entropy,fog_0.375,fog,Synthetic,0.11478365384615385,-0.03245192307692302,0.14723557692307687,ATC-NE
CCT,resnet,cross_entropy,fog_0.4,fog,Synthetic,0.13100961538461542,-0.03425480769230771,0.16526442307692313,ATC-NE
CCT,resnet,cross_entropy,fog_0.42500000000000004,fog,Synthetic,0.13221153846153844,-0.03425480769230771,0.16646634615384615,ATC-NE
CCT,resnet,cross_entropy,fog_0.45,fog,Synthetic,0.13641826923076927,-0.033653846153846145,0.17007211538461542,ATC-NE
CCT,resnet,cross_entropy,fog_0.47500000000000003,fog,Synthetic,0.13461538461538458,-0.03305288461538458,0.16766826923076916,ATC-NE
CCT,resnet,cross_entropy,fog_0.5,fog,Synthetic,0.16346153846153844,-0.03305288461538458,0.19651442307692302,ATC-NE
CCT,resnet,cross_entropy,hue_0.025,hue,Synthetic,-0.033653846153846145,-0.0036057692307692735,0.030048076923076872,ATC-NE
CCT,resnet,cross_entropy,hue_0.05,hue,Synthetic,-0.033653846153846145,-0.0018028846153845812,0.031850961538461564,ATC-NE
CCT,resnet,cross_entropy,hue_0.07500000000000001,hue,Synthetic,-0.03125,-0.0078125,0.0234375,ATC-NE
CCT,resnet,cross_entropy,hue_0.1,hue,Synthetic,-0.015024038461538436,-0.007211538461538436,0.0078125,ATC-NE
CCT,resnet,cross_entropy,hue_0.125,hue,Synthetic,0.01262019230769229,-0.006610576923076872,0.019230769230769162,ATC-NE
CCT,resnet,cross_entropy,hue_0.15000000000000002,hue,Synthetic,0.041466346153846145,-0.005408653846153855,0.046875,ATC-NE
CCT,resnet,cross_entropy,hue_0.17500000000000002,hue,Synthetic,0.0703125,-0.004807692307692291,0.07512019230769229,ATC-NE
CCT,resnet,cross_entropy,hue_0.2,hue,Synthetic,0.09014423076923073,-0.004807692307692291,0.09495192307692302,ATC-NE
CCT,resnet,cross_entropy,hue_0.225,hue,Synthetic,0.09735576923076927,-0.0036057692307692735,0.10096153846153855,ATC-NE
CCT,resnet,cross_entropy,hue_0.25,hue,Synthetic,0.109375,-0.004807692307692291,0.11418269230769229,ATC-NE
CCT,resnet,cross_entropy,hue_0.275,hue,Synthetic,0.11778846153846156,-0.006009615384615419,0.12379807692307698,ATC-NE
CCT,resnet,cross_entropy,hue_0.30000000000000004,hue,Synthetic,0.12319711538461542,-0.006610576923076872,0.1298076923076923,ATC-NE
CCT,resnet,cross_entropy,hue_0.325,hue,Synthetic,0.12439903846153844,-0.006009615384615419,0.13040865384615385,ATC-NE
CCT,resnet,cross_entropy,hue_0.35000000000000003,hue,Synthetic,0.1280048076923077,-0.007211538461538436,0.13521634615384615,ATC-NE
CCT,resnet,cross_entropy,hue_0.375,hue,Synthetic,0.12920673076923073,-0.009014423076923017,0.13822115384615374,ATC-NE
CCT,resnet,cross_entropy,hue_0.4,hue,Synthetic,0.13521634615384615,-0.009615384615384581,0.14483173076923073,ATC-NE
CCT,resnet,cross_entropy,hue_0.42500000000000004,hue,Synthetic,0.13641826923076927,-0.01262019230769229,0.14903846153846156,ATC-NE
CCT,resnet,cross_entropy,hue_0.45,hue,Synthetic,0.1358173076923077,-0.012019230769230727,0.14783653846153844,ATC-NE
CCT,resnet,cross_entropy,hue_0.47500000000000003,hue,Synthetic,0.13341346153846156,-0.013221153846153855,0.14663461538461542,ATC-NE
CCT,resnet,cross_entropy,hue_0.5,hue,Synthetic,0.1328125,-0.016826923076923017,0.14963942307692302,ATC-NE
CCT,resnet,cross_entropy,ind_test,ind_test,Organic,-0.033653846153846145,-0.0024038461538461453,0.03125,ATC-NE
CCT,resnet,cross_entropy,jpeg_0.025,jpeg,Synthetic,-0.03305288461538458,-0.0006009615384615641,0.03245192307692302,ATC-NE
CCT,resnet,cross_entropy,jpeg_0.05,jpeg,Synthetic,-0.03305288461538458,0.0012019230769231282,0.03425480769230771,ATC-NE
CCT,resnet,cross_entropy,jpeg_0.07500000000000001,jpeg,Synthetic,-0.03245192307692302,0.0,0.03245192307692302,ATC-NE
CCT,resnet,cross_entropy,jpeg_0.1,jpeg,Synthetic,-0.030649038461538436,-0.0018028846153845812,0.028846153846153855,ATC-NE
CCT,resnet,cross_entropy,jpeg_0.125,jpeg,Synthetic,-0.031850961538461564,-0.0012019230769230171,0.030649038461538547,ATC-NE
CCT,resnet,cross_entropy,jpeg_0.15000000000000002,jpeg,Synthetic,-0.031850961538461564,-0.0042067307692307265,0.027644230769230838,ATC-NE
CCT,resnet,cross_entropy,jpeg_0.17500000000000002,jpeg,Synthetic,-0.030649038461538436,-0.0036057692307692735,0.027043269230769162,ATC-NE
CCT,resnet,cross_entropy,jpeg_0.2,jpeg,Synthetic,-0.030048076923076872,-0.006009615384615419,0.024038461538461453,ATC-NE
CCT,resnet,cross_entropy,jpeg_0.225,jpeg,Synthetic,-0.02824519230769229,-0.0018028846153845812,0.02644230769230771,ATC-NE
CCT,resnet,cross_entropy,jpeg_0.25,jpeg,Synthetic,-0.028846153846153855,-0.004807692307692291,0.024038461538461564,ATC-NE
CCT,resnet,cross_entropy,jpeg_0.275,jpeg,Synthetic,-0.02644230769230771,-0.009014423076923017,0.017427884615384692,ATC-NE
CCT,resnet,cross_entropy,jpeg_0.30000000000000004,jpeg,Synthetic,-0.02824519230769229,-0.008413461538461564,0.019831730769230727,ATC-NE
CCT,resnet,cross_entropy,jpeg_0.325,jpeg,Synthetic,-0.027043269230769273,-0.009615384615384581,0.017427884615384692,ATC-NE
CCT,resnet,cross_entropy,jpeg_0.35000000000000003,jpeg,Synthetic,-0.028846153846153855,-0.0078125,0.021033653846153855,ATC-NE
CCT,resnet,cross_entropy,jpeg_0.375,jpeg,Synthetic,-0.02163461538461542,-0.010216346153846145,0.011418269230769273,ATC-NE
CCT,resnet,cross_entropy,jpeg_0.4,jpeg,Synthetic,-0.022836538461538436,-0.013221153846153855,0.009615384615384581,ATC-NE
CCT,resnet,cross_entropy,jpeg_0.42500000000000004,jpeg,Synthetic,-0.024639423076923017,-0.01262019230769229,0.012019230769230727,ATC-NE
CCT,resnet,cross_entropy,jpeg_0.45,jpeg,Synthetic,-0.022235576923076872,-0.014423076923076872,0.0078125,ATC-NE
CCT,resnet,cross_entropy,jpeg_0.47500000000000003,jpeg,Synthetic,-0.0234375,-0.015625,0.0078125,ATC-NE
CCT,resnet,cross_entropy,jpeg_0.5,jpeg,Synthetic,-0.013221153846153855,-0.014423076923076872,0.0012019230769230171,ATC-NE
CCT,resnet,cross_entropy,multnoise_0.025,multnoise,Synthetic,-0.016826923076923017,-0.031850961538461564,0.015024038461538547,ATC-NE
CCT,resnet,cross_entropy,multnoise_0.05,multnoise,Synthetic,0.2614182692307693,-0.047475961538461564,0.30889423076923084,ATC-NE
CCT,resnet,cross_entropy,multnoise_0.07500000000000001,multnoise,Synthetic,0.5492788461538461,-0.052283653846153855,0.6015625,ATC-NE
CCT,resnet,cross_entropy,multnoise_0.1,multnoise,Synthetic,0.7133413461538461,-0.047475961538461564,0.7608173076923077,ATC-NE
CCT,resnet,cross_entropy,multnoise_0.125,multnoise,Synthetic,0.7926682692307693,-0.05168269230769229,0.8443509615384616,ATC-NE
CCT,resnet,cross_entropy,multnoise_0.15000000000000002,multnoise,Synthetic,0.8449519230769231,-0.05649038461538458,0.9014423076923077,ATC-NE
CCT,resnet,cross_entropy,multnoise_0.17500000000000002,multnoise,Synthetic,0.8443509615384616,-0.039663461538461564,0.8840144230769231,ATC-NE
CCT,resnet,cross_entropy,multnoise_0.2,multnoise,Synthetic,0.8359375,0.15805288461538458,0.6778846153846154,ATC-NE
CCT,resnet,cross_entropy,multnoise_0.225,multnoise,Synthetic,0.8443509615384616,0.4801682692307692,0.36418269230769235,ATC-NE
CCT,resnet,cross_entropy,multnoise_0.25,multnoise,Synthetic,0.890625,0.5913461538461539,0.29927884615384615,ATC-NE
CCT,resnet,cross_entropy,multnoise_0.275,multnoise,Synthetic,0.9020432692307693,0.6760817307692308,0.22596153846153844,ATC-NE
CCT,resnet,cross_entropy,multnoise_0.30000000000000004,multnoise,Synthetic,0.9110576923076923,0.7103365384615384,0.20072115384615385,ATC-NE
CCT,resnet,cross_entropy,multnoise_0.325,multnoise,Synthetic,0.9152644230769231,0.7349759615384616,0.18028846153846156,ATC-NE
CCT,resnet,cross_entropy,multnoise_0.35000000000000003,multnoise,Synthetic,0.9230769230769231,0.7620192307692308,0.1610576923076923,ATC-NE
CCT,resnet,cross_entropy,multnoise_0.375,multnoise,Synthetic,0.9236778846153846,0.7824519230769231,0.14122596153846145,ATC-NE
CCT,resnet,cross_entropy,multnoise_0.4,multnoise,Synthetic,0.9224759615384616,0.8004807692307693,0.12199519230769229,ATC-NE
CCT,resnet,cross_entropy,multnoise_0.42500000000000004,multnoise,Synthetic,0.920673076923077,0.8125,0.10817307692307698,ATC-NE
CCT,resnet,cross_entropy,multnoise_0.45,multnoise,Synthetic,0.9212740384615384,0.8413461538461539,0.07992788461538458,ATC-NE
CCT,resnet,cross_entropy,multnoise_0.47500000000000003,multnoise,Synthetic,0.9212740384615384,0.8647836538461539,0.05649038461538458,ATC-NE
CCT,resnet,cross_entropy,multnoise_0.5,multnoise,Synthetic,0.9194711538461539,0.8713942307692308,0.04807692307692302,ATC-NE
CCT,resnet,cross_entropy,noise_0.025,noise,Synthetic,0.23197115384615385,-0.038461538461538436,0.2704326923076923,ATC-NE
CCT,resnet,cross_entropy,noise_0.05,noise,Synthetic,0.5522836538461539,-0.05348557692307687,0.6057692307692307,ATC-NE
CCT,resnet,cross_entropy,noise_0.07500000000000001,noise,Synthetic,0.6844951923076923,-0.05348557692307687,0.7379807692307692,ATC-NE
CCT,resnet,cross_entropy,noise_0.1,noise,Synthetic,0.7920673076923077,-0.04867788461538458,0.8407451923076923,ATC-NE
CCT,resnet,cross_entropy,noise_0.125,noise,Synthetic,0.8137019230769231,-0.050480769230769273,0.8641826923076924,ATC-NE
CCT,resnet,cross_entropy,noise_0.15000000000000002,noise,Synthetic,0.8599759615384616,-0.05168269230769229,0.9116586538461539,ATC-NE
CCT,resnet,cross_entropy,noise_0.17500000000000002,noise,Synthetic,0.8347355769230769,0.4759615384615385,0.3587740384615384,ATC-NE
CCT,resnet,cross_entropy,noise_0.2,noise,Synthetic,0.8563701923076923,0.6039663461538461,0.25240384615384615,ATC-NE
CCT,resnet,cross_entropy,noise_0.225,noise,Synthetic,0.8930288461538461,0.7794471153846154,0.11358173076923073,ATC-NE
CCT,resnet,cross_entropy,noise_0.25,noise,Synthetic,0.9122596153846154,0.9122596153846154,0.0,ATC-NE
CCT,resnet,cross_entropy,noise_0.275,noise,Synthetic,0.921875,0.9393028846153846,0.01742788461538458,ATC-NE
CCT,resnet,cross_entropy,noise_0.30000000000000004,noise,Synthetic,0.9266826923076923,0.9429086538461539,0.016225961538461564,ATC-NE
CCT,resnet,cross_entropy,noise_0.325,noise,Synthetic,0.9332932692307693,0.9429086538461539,0.009615384615384581,ATC-NE
CCT,resnet,cross_entropy,noise_0.35000000000000003,noise,Synthetic,0.9399038461538461,0.9429086538461539,0.0030048076923077094,ATC-NE
CCT,resnet,cross_entropy,noise_0.375,noise,Synthetic,0.9417067307692307,0.9429086538461539,0.0012019230769231282,ATC-NE
CCT,resnet,cross_entropy,noise_0.4,noise,Synthetic,0.9417067307692307,0.9429086538461539,0.0012019230769231282,ATC-NE
CCT,resnet,cross_entropy,noise_0.42500000000000004,noise,Synthetic,0.9411057692307693,0.9429086538461539,0.0018028846153845812,ATC-NE
CCT,resnet,cross_entropy,noise_0.45,noise,Synthetic,0.9368990384615384,0.9429086538461539,0.006009615384615419,ATC-NE
CCT,resnet,cross_entropy,noise_0.47500000000000003,noise,Synthetic,0.9014423076923077,0.9429086538461539,0.041466346153846145,ATC-NE
CCT,resnet,cross_entropy,noise_0.5,noise,Synthetic,0.8653846153846154,0.9429086538461539,0.07752403846153844,ATC-NE
CCT,resnet,cross_entropy,saltpepper_0.025,saltpepper,Synthetic,0.8936298076923077,0.9110576923076923,0.01742788461538458,ATC-NE
CCT,resnet,cross_entropy,saltpepper_0.05,saltpepper,Synthetic,0.897235576923077,0.928485576923077,0.03125,ATC-NE
CCT,resnet,cross_entropy,saltpepper_0.07500000000000001,saltpepper,Synthetic,0.9008413461538461,0.9326923076923077,0.031850961538461564,ATC-NE
CCT,resnet,cross_entropy,saltpepper_0.1,saltpepper,Synthetic,0.9008413461538461,0.9387019230769231,0.03786057692307698,ATC-NE
CCT,resnet,cross_entropy,saltpepper_0.125,saltpepper,Synthetic,0.9032451923076923,0.9429086538461539,0.039663461538461564,ATC-NE
CCT,resnet,cross_entropy,saltpepper_0.15000000000000002,saltpepper,Synthetic,0.9080528846153846,0.9429086538461539,0.034855769230769273,ATC-NE
CCT,resnet,cross_entropy,saltpepper_0.17500000000000002,saltpepper,Synthetic,0.9092548076923077,0.9429086538461539,0.033653846153846145,ATC-NE
CCT,resnet,cross_entropy,saltpepper_0.2,saltpepper,Synthetic,0.9152644230769231,0.9429086538461539,0.027644230769230727,ATC-NE
CCT,resnet,cross_entropy,saltpepper_0.225,saltpepper,Synthetic,0.912860576923077,0.9429086538461539,0.030048076923076872,ATC-NE
CCT,resnet,cross_entropy,saltpepper_0.25,saltpepper,Synthetic,0.9140625,0.9429086538461539,0.028846153846153855,ATC-NE
CCT,resnet,cross_entropy,saltpepper_0.275,saltpepper,Synthetic,0.920673076923077,0.9429086538461539,0.022235576923076872,ATC-NE
CCT,resnet,cross_entropy,saltpepper_0.30000000000000004,saltpepper,Synthetic,0.9230769230769231,0.9429086538461539,0.019831730769230727,ATC-NE
CCT,resnet,cross_entropy,saltpepper_0.325,saltpepper,Synthetic,0.9248798076923077,0.9429086538461539,0.018028846153846145,ATC-NE
CCT,resnet,cross_entropy,saltpepper_0.35000000000000003,saltpepper,Synthetic,0.9266826923076923,0.9429086538461539,0.016225961538461564,ATC-NE
CCT,resnet,cross_entropy,saltpepper_0.375,saltpepper,Synthetic,0.9296875,0.9429086538461539,0.013221153846153855,ATC-NE
CCT,resnet,cross_entropy,saltpepper_0.4,saltpepper,Synthetic,0.9344951923076923,0.9429086538461539,0.008413461538461564,ATC-NE
CCT,resnet,cross_entropy,saltpepper_0.42500000000000004,saltpepper,Synthetic,0.9338942307692307,0.9429086538461539,0.009014423076923128,ATC-NE
CCT,resnet,cross_entropy,saltpepper_0.45,saltpepper,Synthetic,0.9308894230769231,0.9429086538461539,0.012019230769230727,ATC-NE
CCT,resnet,cross_entropy,saltpepper_0.47500000000000003,saltpepper,Synthetic,0.9314903846153846,0.9429086538461539,0.011418269230769273,ATC-NE
CCT,resnet,cross_entropy,saltpepper_0.5,saltpepper,Synthetic,0.9296875,0.9429086538461539,0.013221153846153855,ATC-NE
CCT,resnet,cross_entropy,smear_0.025,smear,Synthetic,-0.009615384615384581,-0.025841346153846145,0.016225961538461564,ATC-NE
CCT,resnet,cross_entropy,smear_0.05,smear,Synthetic,0.006610576923076983,-0.02824519230769229,0.034855769230769273,ATC-NE
CCT,resnet,cross_entropy,smear_0.07500000000000001,smear,Synthetic,-0.0024038461538461453,-0.02944711538461542,0.027043269230769273,ATC-NE
CCT,resnet,cross_entropy,smear_0.1,smear,Synthetic,0.015625,-0.031850961538461564,0.047475961538461564,ATC-NE
CCT,resnet,cross_entropy,smear_0.125,smear,Synthetic,0.0234375,-0.030048076923076872,0.05348557692307687,ATC-NE
CCT,resnet,cross_entropy,smear_0.15000000000000002,smear,Synthetic,0.044471153846153855,-0.03305288461538458,0.07752403846153844,ATC-NE
CCT,resnet,cross_entropy,smear_0.17500000000000002,smear,Synthetic,0.05769230769230771,-0.03305288461538458,0.09074519230769229,ATC-NE
CCT,resnet,cross_entropy,smear_0.2,smear,Synthetic,0.06129807692307698,-0.035456730769230727,0.09675480769230771,ATC-NE
CCT,resnet,cross_entropy,smear_0.225,smear,Synthetic,0.08473557692307698,-0.02824519230769229,0.11298076923076927,ATC-NE
CCT,resnet,cross_entropy,smear_0.25,smear,Synthetic,0.08713942307692313,-0.02824519230769229,0.11538461538461542,ATC-NE
CCT,resnet,cross_entropy,smear_0.275,smear,Synthetic,0.11358173076923073,-0.025841346153846145,0.13942307692307687,ATC-NE
CCT,resnet,cross_entropy,smear_0.30000000000000004,smear,Synthetic,0.13401442307692313,-0.02824519230769229,0.16225961538461542,ATC-NE
CCT,resnet,cross_entropy,smear_0.325,smear,Synthetic,0.16286057692307698,-0.03425480769230771,0.1971153846153847,ATC-NE
CCT,resnet,cross_entropy,smear_0.35000000000000003,smear,Synthetic,0.1983173076923077,-0.03786057692307687,0.23617788461538458,ATC-NE
CCT,resnet,cross_entropy,smear_0.375,smear,Synthetic,0.22235576923076927,-0.0390625,0.2614182692307693,ATC-NE
CCT,resnet,cross_entropy,smear_0.4,smear,Synthetic,0.2518028846153846,-0.04026442307692302,0.2920673076923076,ATC-NE
CCT,resnet,cross_entropy,smear_0.42500000000000004,smear,Synthetic,0.2872596153846154,-0.041466346153846145,0.32872596153846156,ATC-NE
CCT,resnet,cross_entropy,smear_0.45,smear,Synthetic,0.3185096153846154,-0.041466346153846145,0.35997596153846156,ATC-NE
CCT,resnet,cross_entropy,smear_0.47500000000000003,smear,Synthetic,0.3467548076923077,-0.042668269230769273,0.389423076923077,ATC-NE
CCT,resnet,cross_entropy,smear_0.5,smear,Synthetic,0.3575721153846154,-0.04387019230769229,0.4014423076923077,ATC-NE
CCT,vit,softmax,OoD Test,Organic,Organic,0.640687775090844,0.48790999731306617,0.1527777777777778,ATC-MC
CCT,vit,softmax,OoD Val,Organic,Organic,0.6275473891959671,0.4751854464148626,0.1523619427811045,ATC-MC
CCT,vit,softmax,brightness_0.025,brightness,Synthetic,-0.02824519230769229,-0.009615384615384581,0.01862980769230771,ATC-MC
CCT,vit,softmax,brightness_0.05,brightness,Synthetic,-0.02824519230769229,-0.0078125,0.02043269230769229,ATC-MC
CCT,vit,softmax,brightness_0.07500000000000001,brightness,Synthetic,-0.030048076923076872,-0.0078125,0.022235576923076872,ATC-MC
CCT,vit,softmax,brightness_0.1,brightness,Synthetic,-0.02644230769230771,-0.0012019230769230171,0.025240384615384692,ATC-MC
CCT,vit,softmax,brightness_0.125,brightness,Synthetic,-0.02824519230769229,-0.006009615384615419,0.022235576923076872,ATC-MC
CCT,vit,softmax,brightness_0.15000000000000002,brightness,Synthetic,-0.025841346153846145,0.0030048076923077094,0.028846153846153855,ATC-MC
CCT,vit,softmax,brightness_0.17500000000000002,brightness,Synthetic,-0.02043269230769229,0.010216346153846145,0.030649038461538436,ATC-MC
CCT,vit,softmax,brightness_0.2,brightness,Synthetic,-0.01742788461538458,0.006610576923076983,0.024038461538461564,ATC-MC
CCT,vit,softmax,brightness_0.225,brightness,Synthetic,-0.0078125,0.01262019230769229,0.02043269230769229,ATC-MC
CCT,vit,softmax,brightness_0.25,brightness,Synthetic,0.0078125,0.030649038461538436,0.022836538461538436,ATC-MC
CCT,vit,softmax,brightness_0.275,brightness,Synthetic,0.015625,0.031850961538461564,0.016225961538461564,ATC-MC
CCT,vit,softmax,brightness_0.30000000000000004,brightness,Synthetic,0.034855769230769273,0.05949519230769229,0.024639423076923017,ATC-MC
CCT,vit,softmax,brightness_0.325,brightness,Synthetic,0.054086538461538436,0.05288461538461542,0.0012019230769230171,ATC-MC
CCT,vit,softmax,brightness_0.35000000000000003,brightness,Synthetic,0.04867788461538458,0.04867788461538458,0.0,ATC-MC
CCT,vit,softmax,brightness_0.375,brightness,Synthetic,0.061899038461538436,0.0546875,0.007211538461538436,ATC-MC
CCT,vit,softmax,brightness_0.4,brightness,Synthetic,0.046875,0.05288461538461542,0.006009615384615419,ATC-MC
CCT,vit,softmax,brightness_0.42500000000000004,brightness,Synthetic,0.05288461538461542,0.05588942307692313,0.0030048076923077094,ATC-MC
CCT,vit,softmax,brightness_0.45,brightness,Synthetic,0.060096153846153855,0.06370192307692313,0.0036057692307692735,ATC-MC
CCT,vit,softmax,brightness_0.47500000000000003,brightness,Synthetic,0.06610576923076927,0.06430288461538458,0.0018028846153846922,ATC-MC
CCT,vit,softmax,brightness_0.5,brightness,Synthetic,0.05769230769230771,0.07572115384615385,0.018028846153846145,ATC-MC
CCT,vit,softmax,contrast_0.025,contrast,Synthetic,-0.028545673076923017,-0.006911057692307709,0.021634615384615308,ATC-MC
CCT,vit,softmax,contrast_0.05,contrast,Synthetic,-0.02914663461538458,-0.008112980769230727,0.021033653846153855,ATC-MC
CCT,vit,softmax,contrast_0.07500000000000001,contrast,Synthetic,-0.02944711538461542,-0.006911057692307709,0.02253605769230771,ATC-MC
CCT,vit,softmax,contrast_0.1,contrast,Synthetic,-0.027644230769230727,-0.006610576923076872,0.021033653846153855,ATC-MC
CCT,vit,softmax,contrast_0.125,contrast,Synthetic,-0.02524038461538458,-0.005408653846153855,0.019831730769230727,ATC-MC
CCT,vit,softmax,contrast_0.15000000000000002,contrast,Synthetic,-0.025841346153846145,-0.0012019230769230171,0.024639423076923128,ATC-MC
CCT,vit,softmax,contrast_0.17500000000000002,contrast,Synthetic,-0.023737980769230727,0.0012019230769231282,0.024939903846153855,ATC-MC
CCT,vit,softmax,contrast_0.2,contrast,Synthetic,-0.018329326923076872,0.005108173076923128,0.0234375,ATC-MC
CCT,vit,softmax,contrast_0.225,contrast,Synthetic,-0.015625,0.012019230769230838,0.027644230769230838,ATC-MC
CCT,vit,softmax,contrast_0.25,contrast,Synthetic,-0.010516826923076872,0.01472355769230771,0.02524038461538458,ATC-MC
CCT,vit,softmax,contrast_0.275,contrast,Synthetic,-0.00030048076923072653,0.025841346153846145,0.026141826923076872,ATC-MC
CCT,vit,softmax,contrast_0.30000000000000004,contrast,Synthetic,-0.002704326923076872,0.027043269230769273,0.029747596153846145,ATC-MC
CCT,vit,softmax,contrast_0.325,contrast,Synthetic,0.013521634615384581,0.03215144230769229,0.01862980769230771,ATC-MC
CCT,vit,softmax,contrast_0.35000000000000003,contrast,Synthetic,0.019230769230769273,0.032752403846153855,0.013521634615384581,ATC-MC
CCT,vit,softmax,contrast_0.375,contrast,Synthetic,0.012319711538461564,0.030949519230769273,0.01862980769230771,ATC-MC
CCT,vit,softmax,contrast_0.4,contrast,Synthetic,0.013521634615384581,0.03635817307692313,0.022836538461538547,ATC-MC
CCT,vit,softmax,contrast_0.42500000000000004,contrast,Synthetic,0.011418269230769273,0.03786057692307698,0.02644230769230771,ATC-MC
CCT,vit,softmax,contrast_0.45,contrast,Synthetic,0.011418269230769273,0.02944711538461542,0.018028846153846145,ATC-MC
CCT,vit,softmax,contrast_0.47500000000000003,contrast,Synthetic,0.01772836538461542,0.03034855769230771,0.01262019230769229,ATC-MC
CCT,vit,softmax,contrast_0.5,contrast,Synthetic,0.01171875,0.03605769230769229,0.02433894230769229,ATC-MC
CCT,vit,softmax,fog_0.025,fog,Synthetic,0.26201923076923084,0.22055288461538458,0.041466346153846256,ATC-MC
CCT,vit,softmax,fog_0.05,fog,Synthetic,0.25721153846153844,0.22776442307692313,0.029447115384615308,ATC-MC
CCT,vit,softmax,fog_0.07500000000000001,fog,Synthetic,0.2451923076923077,0.23257211538461542,0.01262019230769229,ATC-MC
CCT,vit,softmax,fog_0.1,fog,Synthetic,0.25721153846153844,0.21514423076923084,0.0420673076923076,ATC-MC
CCT,vit,softmax,fog_0.125,fog,Synthetic,0.26021634615384615,0.23377403846153844,0.02644230769230771,ATC-MC
CCT,vit,softmax,fog_0.15000000000000002,fog,Synthetic,0.26682692307692313,0.2265625,0.04026442307692313,ATC-MC
CCT,vit,softmax,fog_0.17500000000000002,fog,Synthetic,0.2313701923076923,0.22596153846153844,0.005408653846153855,ATC-MC
CCT,vit,softmax,fog_0.2,fog,Synthetic,0.2614182692307693,0.23076923076923084,0.030649038461538436,ATC-MC
CCT,vit,softmax,fog_0.225,fog,Synthetic,0.2638221153846154,0.2235576923076923,0.04026442307692313,ATC-MC
CCT,vit,softmax,fog_0.25,fog,Synthetic,0.280048076923077,0.20973557692307698,0.0703125,ATC-MC
CCT,vit,softmax,fog_0.275,fog,Synthetic,0.27103365384615385,0.21875,0.052283653846153855,ATC-MC
CCT,vit,softmax,fog_0.30000000000000004,fog,Synthetic,0.2716346153846154,0.22475961538461542,0.046875,ATC-MC
CCT,vit,softmax,fog_0.325,fog,Synthetic,0.23978365384615385,0.2061298076923077,0.033653846153846145,ATC-MC
CCT,vit,softmax,fog_0.35000000000000003,fog,Synthetic,0.272235576923077,0.21213942307692313,0.060096153846153855,ATC-MC
CCT,vit,softmax,fog_0.375,fog,Synthetic,0.26682692307692313,0.2373798076923077,0.02944711538461542,ATC-MC
CCT,vit,softmax,fog_0.4,fog,Synthetic,0.25420673076923084,0.23197115384615385,0.022235576923076983,ATC-MC
CCT,vit,softmax,fog_0.42500000000000004,fog,Synthetic,0.26201923076923084,0.21754807692307698,0.044471153846153855,ATC-MC
CCT,vit,softmax,fog_0.45,fog,Synthetic,0.2421875,0.24459134615384615,0.0024038461538461453,ATC-MC
CCT,vit,softmax,fog_0.47500000000000003,fog,Synthetic,0.2469951923076923,0.20733173076923084,0.03966346153846145,ATC-MC
CCT,vit,softmax,fog_0.5,fog,Synthetic,0.2734375,0.2373798076923077,0.03605769230769229,ATC-MC
CCT,vit,softmax,hue_0.025,hue,Synthetic,-0.02824519230769229,-0.0078125,0.02043269230769229,ATC-MC
CCT,vit,softmax,hue_0.05,hue,Synthetic,-0.0234375,-0.0018028846153845812,0.02163461538461542,ATC-MC
CCT,vit,softmax,hue_0.07500000000000001,hue,Synthetic,-0.008413461538461564,0.009615384615384581,0.018028846153846145,ATC-MC
CCT,vit,softmax,hue_0.1,hue,Synthetic,0.0030048076923077094,0.02524038461538458,0.022235576923076872,ATC-MC
CCT,vit,softmax,hue_0.125,hue,Synthetic,0.010216346153846145,0.030649038461538436,0.02043269230769229,ATC-MC
CCT,vit,softmax,hue_0.15000000000000002,hue,Synthetic,0.013221153846153855,0.02824519230769229,0.015024038461538436,ATC-MC
CCT,vit,softmax,hue_0.17500000000000002,hue,Synthetic,0.021033653846153855,0.038461538461538436,0.01742788461538458,ATC-MC
CCT,vit,softmax,hue_0.2,hue,Synthetic,0.019230769230769273,0.03786057692307698,0.01862980769230771,ATC-MC
CCT,vit,softmax,hue_0.225,hue,Synthetic,0.02944711538461542,0.03786057692307698,0.008413461538461564,ATC-MC
CCT,vit,softmax,hue_0.25,hue,Synthetic,0.019831730769230838,0.05588942307692313,0.03605769230769229,ATC-MC
CCT,vit,softmax,hue_0.275,hue,Synthetic,0.016826923076923128,0.041466346153846145,0.024639423076923017,ATC-MC
CCT,vit,softmax,hue_0.30000000000000004,hue,Synthetic,0.013822115384615419,0.047475961538461564,0.033653846153846145,ATC-MC
CCT,vit,softmax,hue_0.325,hue,Synthetic,0.0234375,0.04206730769230771,0.01862980769230771,ATC-MC
CCT,vit,softmax,hue_0.35000000000000003,hue,Synthetic,0.012019230769230838,0.03605769230769229,0.024038461538461453,ATC-MC
CCT,vit,softmax,hue_0.375,hue,Synthetic,0.009014423076923128,0.02944711538461542,0.02043269230769229,ATC-MC
CCT,vit,softmax,hue_0.4,hue,Synthetic,0.018028846153846145,0.024038461538461564,0.006009615384615419,ATC-MC
CCT,vit,softmax,hue_0.42500000000000004,hue,Synthetic,0.013221153846153855,0.02824519230769229,0.015024038461538436,ATC-MC
CCT,vit,softmax,hue_0.45,hue,Synthetic,0.016225961538461564,0.04206730769230771,0.025841346153846145,ATC-MC
CCT,vit,softmax,hue_0.47500000000000003,hue,Synthetic,0.014423076923076983,0.038461538461538436,0.024038461538461453,ATC-MC
CCT,vit,softmax,hue_0.5,hue,Synthetic,0.02163461538461542,0.041466346153846145,0.019831730769230727,ATC-MC
CCT,vit,softmax,ind_test,ind_test,Organic,-0.02944711538461542,-0.008413461538461564,0.021033653846153855,ATC-MC
CCT,vit,softmax,jpeg_0.025,jpeg,Synthetic,-0.030649038461538436,-0.008413461538461564,0.022235576923076872,ATC-MC
CCT,vit,softmax,jpeg_0.05,jpeg,Synthetic,-0.030048076923076872,-0.009014423076923017,0.021033653846153855,ATC-MC
CCT,vit,softmax,jpeg_0.07500000000000001,jpeg,Synthetic,-0.02944711538461542,-0.009615384615384581,0.019831730769230838,ATC-MC
CCT,vit,softmax,jpeg_0.1,jpeg,Synthetic,-0.030649038461538436,-0.0078125,0.022836538461538436,ATC-MC
CCT,vit,softmax,jpeg_0.125,jpeg,Synthetic,-0.02944711538461542,-0.008413461538461564,0.021033653846153855,ATC-MC
CCT,vit,softmax,jpeg_0.15000000000000002,jpeg,Synthetic,-0.028846153846153855,-0.007211538461538436,0.02163461538461542,ATC-MC
CCT,vit,softmax,jpeg_0.17500000000000002,jpeg,Synthetic,-0.02824519230769229,-0.008413461538461564,0.019831730769230727,ATC-MC
CCT,vit,softmax,jpeg_0.2,jpeg,Synthetic,-0.030048076923076872,-0.005408653846153855,0.024639423076923017,ATC-MC
CCT,vit,softmax,jpeg_0.225,jpeg,Synthetic,-0.028846153846153855,-0.008413461538461564,0.02043269230769229,ATC-MC
CCT,vit,softmax,jpeg_0.25,jpeg,Synthetic,-0.028846153846153855,-0.009615384615384581,0.019230769230769273,ATC-MC
CCT,vit,softmax,jpeg_0.275,jpeg,Synthetic,-0.02944711538461542,-0.007211538461538436,0.022235576923076983,ATC-MC
CCT,vit,softmax,jpeg_0.30000000000000004,jpeg,Synthetic,-0.028846153846153855,-0.007211538461538436,0.02163461538461542,ATC-MC
CCT,vit,softmax,jpeg_0.325,jpeg,Synthetic,-0.027043269230769162,-0.004807692307692291,0.022235576923076872,ATC-MC
CCT,vit,softmax,jpeg_0.35000000000000003,jpeg,Synthetic,-0.027644230769230727,-0.006610576923076872,0.021033653846153855,ATC-MC
CCT,vit,softmax,jpeg_0.375,jpeg,Synthetic,-0.028846153846153855,-0.0078125,0.021033653846153855,ATC-MC
CCT,vit,softmax,jpeg_0.4,jpeg,Synthetic,-0.028846153846153855,-0.006009615384615419,0.022836538461538436,ATC-MC
CCT,vit,softmax,jpeg_0.42500000000000004,jpeg,Synthetic,-0.02824519230769229,-0.006009615384615419,0.022235576923076872,ATC-MC
CCT,vit,softmax,jpeg_0.45,jpeg,Synthetic,-0.02824519230769229,-0.006009615384615419,0.022235576923076872,ATC-MC
CCT,vit,softmax,jpeg_0.47500000000000003,jpeg,Synthetic,-0.028846153846153855,-0.006610576923076872,0.022235576923076983,ATC-MC
CCT,vit,softmax,jpeg_0.5,jpeg,Synthetic,-0.027043269230769162,-0.005408653846153855,0.021634615384615308,ATC-MC
CCT,vit,softmax,multnoise_0.025,multnoise,Synthetic,-0.028846153846153855,-0.0078125,0.021033653846153855,ATC-MC
CCT,vit,softmax,multnoise_0.05,multnoise,Synthetic,-0.02524038461538458,-0.0018028846153845812,0.0234375,ATC-MC
CCT,vit,softmax,multnoise_0.07500000000000001,multnoise,Synthetic,-0.019230769230769162,0.005408653846153855,0.024639423076923017,ATC-MC
CCT,vit,softmax,multnoise_0.1,multnoise,Synthetic,-0.014423076923076872,0.018028846153846145,0.03245192307692302,ATC-MC
CCT,vit,softmax,multnoise_0.125,multnoise,Synthetic,0.012019230769230838,0.06610576923076927,0.054086538461538436,ATC-MC
CCT,vit,softmax,multnoise_0.15000000000000002,multnoise,Synthetic,0.07091346153846156,0.1484375,0.07752403846153844,ATC-MC
CCT,vit,softmax,multnoise_0.17500000000000002,multnoise,Synthetic,0.17007211538461542,0.21995192307692313,0.04987980769230771,ATC-MC
CCT,vit,softmax,multnoise_0.2,multnoise,Synthetic,0.272235576923077,0.24338942307692313,0.028846153846153855,ATC-MC
CCT,vit,softmax,multnoise_0.225,multnoise,Synthetic,0.3485576923076923,0.2469951923076923,0.1015625,ATC-MC
CCT,vit,softmax,multnoise_0.25,multnoise,Synthetic,0.4044471153846154,0.24579326923076927,0.15865384615384615,ATC-MC
CCT,vit,softmax,multnoise_0.275,multnoise,Synthetic,0.4567307692307693,0.25420673076923084,0.20252403846153844,ATC-MC
CCT,vit,softmax,multnoise_0.30000000000000004,multnoise,Synthetic,0.5054086538461539,0.265625,0.23978365384615385,ATC-MC
CCT,vit,softmax,multnoise_0.325,multnoise,Synthetic,0.5402644230769231,0.2638221153846154,0.2764423076923077,ATC-MC
CCT,vit,softmax,multnoise_0.35000000000000003,multnoise,Synthetic,0.5721153846153846,0.2608173076923077,0.31129807692307687,ATC-MC
CCT,vit,softmax,multnoise_0.375,multnoise,Synthetic,0.5961538461538461,0.25540865384615385,0.3407451923076923,ATC-MC
CCT,vit,softmax,multnoise_0.4,multnoise,Synthetic,0.6171875,0.2451923076923077,0.3719951923076923,ATC-MC
CCT,vit,softmax,multnoise_0.42500000000000004,multnoise,Synthetic,0.640625,0.2373798076923077,0.4032451923076923,ATC-MC
CCT,vit,softmax,multnoise_0.45,multnoise,Synthetic,0.6586538461538461,0.23617788461538458,0.42247596153846156,ATC-MC
CCT,vit,softmax,multnoise_0.47500000000000003,multnoise,Synthetic,0.6688701923076923,0.22716346153846156,0.4417067307692307,ATC-MC
CCT,vit,softmax,multnoise_0.5,multnoise,Synthetic,0.6736778846153846,0.2217548076923077,0.45192307692307687,ATC-MC
CCT,vit,softmax,noise_0.025,noise,Synthetic,-0.027043269230769162,-0.0036057692307691624,0.0234375,ATC-MC
CCT,vit,softmax,noise_0.05,noise,Synthetic,-0.015625,0.015625,0.03125,ATC-MC
CCT,vit,softmax,noise_0.07500000000000001,noise,Synthetic,0.047475961538461564,0.08413461538461542,0.036658653846153855,ATC-MC
CCT,vit,softmax,noise_0.1,noise,Synthetic,0.15264423076923084,0.18088942307692313,0.02824519230769229,ATC-MC
CCT,vit,softmax,noise_0.125,noise,Synthetic,0.3155048076923077,0.22295673076923084,0.09254807692307687,ATC-MC
CCT,vit,softmax,noise_0.15000000000000002,noise,Synthetic,0.4236778846153846,0.16346153846153844,0.26021634615384615,ATC-MC
CCT,vit,softmax,noise_0.17500000000000002,noise,Synthetic,0.4885817307692308,0.11658653846153844,0.37199519230769235,ATC-MC
CCT,vit,softmax,noise_0.2,noise,Synthetic,0.5342548076923077,0.09314903846153844,0.4411057692307693,ATC-MC
CCT,vit,softmax,noise_0.225,noise,Synthetic,0.5679086538461539,0.09675480769230771,0.47115384615384615,ATC-MC
CCT,vit,softmax,noise_0.25,noise,Synthetic,0.6051682692307693,0.10396634615384615,0.5012019230769231,ATC-MC
CCT,vit,softmax,noise_0.275,noise,Synthetic,0.6352163461538461,0.09855769230769229,0.5366586538461539,ATC-MC
CCT,vit,softmax,noise_0.30000000000000004,noise,Synthetic,0.6652644230769231,0.10637019230769229,0.5588942307692308,ATC-MC
CCT,vit,softmax,noise_0.325,noise,Synthetic,0.6941105769230769,0.09675480769230771,0.5973557692307692,ATC-MC
CCT,vit,softmax,noise_0.35000000000000003,noise,Synthetic,0.7127403846153846,0.09134615384615385,0.6213942307692307,ATC-MC
CCT,vit,softmax,noise_0.375,noise,Synthetic,0.7301682692307693,0.08774038461538458,0.6424278846153847,ATC-MC
CCT,vit,softmax,noise_0.4,noise,Synthetic,0.7421875,0.09435096153846156,0.6478365384615384,ATC-MC
CCT,vit,softmax,noise_0.42500000000000004,noise,Synthetic,0.7475961538461539,0.10757211538461542,0.6400240384615384,ATC-MC
CCT,vit,softmax,noise_0.45,noise,Synthetic,0.75,0.11598557692307698,0.634014423076923,ATC-MC
CCT,vit,softmax,noise_0.47500000000000003,noise,Synthetic,0.7578125,0.12319711538461542,0.6346153846153846,ATC-MC
CCT,vit,softmax,noise_0.5,noise,Synthetic,0.7632211538461539,0.12680288461538458,0.6364182692307693,ATC-MC
CCT,vit,softmax,saltpepper_0.025,saltpepper,Synthetic,0.6760817307692308,0.4465144230769231,0.22956730769230776,ATC-MC
CCT,vit,softmax,saltpepper_0.05,saltpepper,Synthetic,0.6875,0.42247596153846156,0.26502403846153844,ATC-MC
CCT,vit,softmax,saltpepper_0.07500000000000001,saltpepper,Synthetic,0.6893028846153846,0.45012019230769235,0.23918269230769224,ATC-MC
CCT,vit,softmax,saltpepper_0.1,saltpepper,Synthetic,0.6953125,0.4278846153846154,0.2674278846153846,ATC-MC
CCT,vit,softmax,saltpepper_0.125,saltpepper,Synthetic,0.7085336538461539,0.43509615384615385,0.2734375,ATC-MC
CCT,vit,softmax,saltpepper_0.15000000000000002,saltpepper,Synthetic,0.7109375,0.41045673076923084,0.30048076923076916,ATC-MC
CCT,vit,softmax,saltpepper_0.17500000000000002,saltpepper,Synthetic,0.7139423076923077,0.40384615384615385,0.31009615384615385,ATC-MC
CCT,vit,softmax,saltpepper_0.2,saltpepper,Synthetic,0.71875,0.39122596153846156,0.32752403846153844,ATC-MC
CCT,vit,softmax,saltpepper_0.225,saltpepper,Synthetic,0.7193509615384616,0.40865384615384615,0.3106971153846154,ATC-MC
CCT,vit,softmax,saltpepper_0.25,saltpepper,Synthetic,0.7235576923076923,0.39783653846153844,0.32572115384615385,ATC-MC
CCT,vit,softmax,saltpepper_0.275,saltpepper,Synthetic,0.7295673076923077,0.4573317307692308,0.2722355769230769,ATC-MC
CCT,vit,softmax,saltpepper_0.30000000000000004,saltpepper,Synthetic,0.7295673076923077,0.4278846153846154,0.3016826923076923,ATC-MC
CCT,vit,softmax,saltpepper_0.325,saltpepper,Synthetic,0.7325721153846154,0.37740384615384615,0.3551682692307693,ATC-MC
CCT,vit,softmax,saltpepper_0.35000000000000003,saltpepper,Synthetic,0.7313701923076923,0.3719951923076923,0.359375,ATC-MC
CCT,vit,softmax,saltpepper_0.375,saltpepper,Synthetic,0.7313701923076923,0.41646634615384615,0.31490384615384615,ATC-MC
CCT,vit,softmax,saltpepper_0.4,saltpepper,Synthetic,0.7319711538461539,0.4332932692307693,0.2986778846153846,ATC-MC
CCT,vit,softmax,saltpepper_0.42500000000000004,saltpepper,Synthetic,0.7367788461538461,0.41045673076923084,0.3263221153846153,ATC-MC
CCT,vit,softmax,saltpepper_0.45,saltpepper,Synthetic,0.7397836538461539,0.453125,0.28665865384615385,ATC-MC
CCT,vit,softmax,saltpepper_0.47500000000000003,saltpepper,Synthetic,0.7421875,0.4699519230769231,0.2722355769230769,ATC-MC
CCT,vit,softmax,saltpepper_0.5,saltpepper,Synthetic,0.7463942307692308,0.47115384615384615,0.2752403846153847,ATC-MC
CCT,vit,softmax,smear_0.025,smear,Synthetic,-0.02524038461538458,-0.006610576923076872,0.01862980769230771,ATC-MC
CCT,vit,softmax,smear_0.05,smear,Synthetic,-0.027043269230769162,-0.006610576923076872,0.02043269230769229,ATC-MC
CCT,vit,softmax,smear_0.07500000000000001,smear,Synthetic,-0.02644230769230771,-0.0024038461538461453,0.024038461538461564,ATC-MC
CCT,vit,softmax,smear_0.1,smear,Synthetic,-0.0234375,-0.0006009615384615641,0.022836538461538436,ATC-MC
CCT,vit,softmax,smear_0.125,smear,Synthetic,-0.021033653846153855,-0.0024038461538461453,0.01862980769230771,ATC-MC
CCT,vit,softmax,smear_0.15000000000000002,smear,Synthetic,-0.02163461538461542,-0.0018028846153845812,0.019831730769230838,ATC-MC
CCT,vit,softmax,smear_0.17500000000000002,smear,Synthetic,-0.02043269230769229,0.010216346153846145,0.030649038461538436,ATC-MC
CCT,vit,softmax,smear_0.2,smear,Synthetic,-0.015625,0.009014423076923128,0.024639423076923128,ATC-MC
CCT,vit,softmax,smear_0.225,smear,Synthetic,-0.015024038461538436,0.01862980769230771,0.033653846153846145,ATC-MC
CCT,vit,softmax,smear_0.25,smear,Synthetic,-0.0018028846153845812,0.019831730769230838,0.02163461538461542,ATC-MC
CCT,vit,softmax,smear_0.275,smear,Synthetic,-0.0006009615384615641,0.03305288461538458,0.033653846153846145,ATC-MC
CCT,vit,softmax,smear_0.30000000000000004,smear,Synthetic,0.0042067307692308376,0.04326923076923084,0.0390625,ATC-MC
CCT,vit,softmax,smear_0.325,smear,Synthetic,0.015625,0.052283653846153855,0.036658653846153855,ATC-MC
CCT,vit,softmax,smear_0.35000000000000003,smear,Synthetic,0.031850961538461564,0.060096153846153855,0.02824519230769229,ATC-MC
CCT,vit,softmax,smear_0.375,smear,Synthetic,0.02824519230769229,0.08052884615384615,0.052283653846153855,ATC-MC
CCT,vit,softmax,smear_0.4,smear,Synthetic,0.05288461538461542,0.09555288461538458,0.04266826923076916,ATC-MC
CCT,vit,softmax,smear_0.42500000000000004,smear,Synthetic,0.06790865384615385,0.08834134615384615,0.02043269230769229,ATC-MC
CCT,vit,softmax,smear_0.45,smear,Synthetic,0.08173076923076927,0.13161057692307698,0.04987980769230771,ATC-MC
CCT,vit,softmax,smear_0.47500000000000003,smear,Synthetic,0.09555288461538458,0.12259615384615385,0.027043269230769273,ATC-MC
CCT,vit,softmax,smear_0.5,smear,Synthetic,0.10697115384615385,0.13822115384615385,0.03125,ATC-MC
NICO,resnet,cross_entropy,autumn,Organic,Organic,0.7633086177320332,-0.07218874142289644,0.8354973591549296,ATC-NE
NICO,resnet,cross_entropy,brightness_0.025,brightness,Synthetic,0.013621794871794823,0.012019230769230727,0.0016025641025640969,ATC-NE
NICO,resnet,cross_entropy,brightness_0.05,brightness,Synthetic,0.011217948717948678,0.009615384615384581,0.0016025641025640969,ATC-NE
NICO,resnet,cross_entropy,brightness_0.07500000000000001,brightness,Synthetic,0.011217948717948678,0.005608974358974339,0.005608974358974339,ATC-NE
NICO,resnet,cross_entropy,brightness_0.1,brightness,Synthetic,0.01041666666666663,0.0016025641025640969,0.008814102564102533,ATC-NE
NICO,resnet,cross_entropy,brightness_0.125,brightness,Synthetic,0.012820512820512775,-0.0008012820512820484,0.013621794871794823,ATC-NE
NICO,resnet,cross_entropy,brightness_0.15000000000000002,brightness,Synthetic,0.01522435897435892,-0.0024038461538461453,0.017628205128205066,ATC-NE
NICO,resnet,cross_entropy,brightness_0.17500000000000002,brightness,Synthetic,0.01522435897435892,-0.004807692307692402,0.020032051282051322,ATC-NE
NICO,resnet,cross_entropy,brightness_0.2,brightness,Synthetic,0.01602564102564097,-0.008814102564102644,0.024839743589743613,ATC-NE
NICO,resnet,cross_entropy,brightness_0.225,brightness,Synthetic,0.018429487179487114,-0.01041666666666674,0.028846153846153855,ATC-NE
NICO,resnet,cross_entropy,brightness_0.25,brightness,Synthetic,0.023237179487179405,-0.013621794871794934,0.03685897435897434,ATC-NE
NICO,resnet,cross_entropy,brightness_0.275,brightness,Synthetic,0.0248397435897435,-0.016826923076923128,0.04166666666666663,ATC-NE
NICO,resnet,cross_entropy,brightness_0.30000000000000004,brightness,Synthetic,0.024038461538461453,-0.02083333333333337,0.04487179487179482,ATC-NE
NICO,resnet,cross_entropy,brightness_0.325,brightness,Synthetic,0.0264423076923076,-0.023237179487179516,0.049679487179487114,ATC-NE
NICO,resnet,cross_entropy,brightness_0.35000000000000003,brightness,Synthetic,0.0248397435897435,-0.019230769230769273,0.044070512820512775,ATC-NE
NICO,resnet,cross_entropy,brightness_0.375,brightness,Synthetic,0.017628205128205066,-0.01041666666666674,0.028044871794871806,ATC-NE
NICO,resnet,cross_entropy,brightness_0.4,brightness,Synthetic,0.01522435897435892,-0.0032051282051281937,0.018429487179487114,ATC-NE
NICO,resnet,cross_entropy,brightness_0.42500000000000004,brightness,Synthetic,0.01041666666666663,0.0016025641025640969,0.008814102564102533,ATC-NE
NICO,resnet,cross_entropy,brightness_0.45,brightness,Synthetic,0.013621794871794823,0.012820512820512775,0.0008012820512820484,ATC-NE
NICO,resnet,cross_entropy,brightness_0.47500000000000003,brightness,Synthetic,0.012019230769230727,0.014423076923076872,0.0024038461538461453,ATC-NE
NICO,resnet,cross_entropy,brightness_0.5,brightness,Synthetic,0.01522435897435892,0.012820512820512775,0.0024038461538461453,ATC-NE
NICO,resnet,cross_entropy,contrast_0.025,contrast,Synthetic,0.005608974358974339,-0.008814102564102644,0.014423076923076983,ATC-NE
NICO,resnet,cross_entropy,contrast_0.05,contrast,Synthetic,0.006810897435897356,-0.013621794871794934,0.02043269230769229,ATC-NE
NICO,resnet,cross_entropy,contrast_0.07500000000000001,contrast,Synthetic,0.006810897435897356,-0.018429487179487225,0.02524038461538458,ATC-NE
NICO,resnet,cross_entropy,contrast_0.1,contrast,Synthetic,0.010817307692307598,-0.022435897435897467,0.033253205128205066,ATC-NE
NICO,resnet,cross_entropy,contrast_0.125,contrast,Synthetic,0.022435897435897356,-0.024439102564102644,0.046875,ATC-NE
NICO,resnet,cross_entropy,contrast_0.15000000000000002,contrast,Synthetic,0.03725961538461531,-0.028846153846153855,0.06610576923076916,ATC-NE
NICO,resnet,cross_entropy,contrast_0.17500000000000002,contrast,Synthetic,0.0625,-0.03165064102564108,0.09415064102564108,ATC-NE
NICO,resnet,cross_entropy,contrast_0.2,contrast,Synthetic,0.09975961538461531,-0.03525641025641024,0.13501602564102555,ATC-NE
NICO,resnet,cross_entropy,contrast_0.225,contrast,Synthetic,0.140625,-0.03645833333333337,0.17708333333333337,ATC-NE
NICO,resnet,cross_entropy,contrast_0.25,contrast,Synthetic,0.17708333333333326,-0.0376602564102565,0.21474358974358976,ATC-NE
NICO,resnet,cross_entropy,contrast_0.275,contrast,Synthetic,0.21915064102564097,-0.03846153846153855,0.2576121794871795,ATC-NE
NICO,resnet,cross_entropy,contrast_0.30000000000000004,contrast,Synthetic,0.26041666666666663,-0.039262820512820595,0.2996794871794872,ATC-NE
NICO,resnet,cross_entropy,contrast_0.325,contrast,Synthetic,0.3000801282051282,-0.039663461538461564,0.33974358974358976,ATC-NE
NICO,resnet,cross_entropy,contrast_0.35000000000000003,contrast,Synthetic,0.29927884615384615,-0.04046474358974361,0.33974358974358976,ATC-NE
NICO,resnet,cross_entropy,contrast_0.375,contrast,Synthetic,0.2792467948717948,-0.04086538461538469,0.3201121794871795,ATC-NE
NICO,resnet,cross_entropy,contrast_0.4,contrast,Synthetic,0.2596153846153846,-0.040064102564102644,0.2996794871794872,ATC-NE
NICO,resnet,cross_entropy,contrast_0.42500000000000004,contrast,Synthetic,0.2375801282051282,-0.038862179487179516,0.2764423076923077,ATC-NE
NICO,resnet,cross_entropy,contrast_0.45,contrast,Synthetic,0.21113782051282048,-0.03806089743589747,0.24919871794871795,ATC-NE
NICO,resnet,cross_entropy,contrast_0.47500000000000003,contrast,Synthetic,0.18990384615384615,-0.03725961538461542,0.22716346153846156,ATC-NE
NICO,resnet,cross_entropy,contrast_0.5,contrast,Synthetic,0.16786858974358976,-0.0360576923076924,0.20392628205128216,ATC-NE
NICO,resnet,cross_entropy,fog_0.025,fog,Synthetic,0.004807692307692291,-0.004807692307692402,0.009615384615384692,ATC-NE
NICO,resnet,cross_entropy,fog_0.05,fog,Synthetic,0.004807692307692291,-0.004807692307692402,0.009615384615384692,ATC-NE
NICO,resnet,cross_entropy,fog_0.07500000000000001,fog,Synthetic,0.004807692307692291,-0.004006410256410242,0.008814102564102533,ATC-NE
NICO,resnet,cross_entropy,fog_0.1,fog,Synthetic,0.004006410256410242,-0.004006410256410242,0.008012820512820484,ATC-NE
NICO,resnet,cross_entropy,fog_0.125,fog,Synthetic,0.004006410256410242,-0.0032051282051281937,0.007211538461538436,ATC-NE
NICO,resnet,cross_entropy,fog_0.15000000000000002,fog,Synthetic,0.004006410256410242,-0.004006410256410242,0.008012820512820484,ATC-NE
NICO,resnet,cross_entropy,fog_0.17500000000000002,fog,Synthetic,0.004807692307692291,-0.0024038461538461453,0.007211538461538436,ATC-NE
NICO,resnet,cross_entropy,fog_0.2,fog,Synthetic,0.004807692307692291,-0.0016025641025640969,0.0064102564102563875,ATC-NE
NICO,resnet,cross_entropy,fog_0.225,fog,Synthetic,0.004006410256410242,-0.004807692307692402,0.008814102564102644,ATC-NE
NICO,resnet,cross_entropy,fog_0.25,fog,Synthetic,0.0032051282051281937,-0.004807692307692402,0.008012820512820595,ATC-NE
NICO,resnet,cross_entropy,fog_0.275,fog,Synthetic,0.0032051282051281937,-0.004807692307692402,0.008012820512820595,ATC-NE
NICO,resnet,cross_entropy,fog_0.30000000000000004,fog,Synthetic,0.05048076923076916,-0.0608974358974359,0.11137820512820507,ATC-NE
NICO,resnet,cross_entropy,fog_0.325,fog,Synthetic,0.05048076923076916,-0.0608974358974359,0.11137820512820507,ATC-NE
NICO,resnet,cross_entropy,fog_0.35000000000000003,fog,Synthetic,0.053685897435897356,-0.0625,0.11618589743589736,ATC-NE
NICO,resnet,cross_entropy,fog_0.375,fog,Synthetic,0.054487179487179405,-0.0625,0.1169871794871794,ATC-NE
NICO,resnet,cross_entropy,fog_0.4,fog,Synthetic,0.05128205128205121,-0.0608974358974359,0.11217948717948711,ATC-NE
NICO,resnet,cross_entropy,fog_0.42500000000000004,fog,Synthetic,0.05128205128205121,-0.0608974358974359,0.11217948717948711,ATC-NE
NICO,resnet,cross_entropy,fog_0.45,fog,Synthetic,0.05208333333333326,-0.0608974358974359,0.11298076923076916,ATC-NE
NICO,resnet,cross_entropy,fog_0.47500000000000003,fog,Synthetic,0.053685897435897356,-0.0608974358974359,0.11458333333333326,ATC-NE
NICO,resnet,cross_entropy,fog_0.5,fog,Synthetic,0.053685897435897356,-0.0608974358974359,0.11458333333333326,ATC-NE
NICO,resnet,cross_entropy,grass,Organic,Organic,0.7525073187966889,-0.04276827175449227,0.7952755905511811,ATC-NE
NICO,resnet,cross_entropy,hue_0.025,hue,Synthetic,0.018429487179487114,-0.004807692307692402,0.023237179487179516,ATC-NE
NICO,resnet,cross_entropy,hue_0.05,hue,Synthetic,0.022435897435897356,-0.014423076923076983,0.03685897435897434,ATC-NE
NICO,resnet,cross_entropy,hue_0.07500000000000001,hue,Synthetic,0.0608974358974359,-0.022435897435897467,0.08333333333333337,ATC-NE
NICO,resnet,cross_entropy,hue_0.1,hue,Synthetic,0.1201923076923076,-0.0328525641025641,0.1530448717948717,ATC-NE
NICO,resnet,cross_entropy,hue_0.125,hue,Synthetic,0.20112179487179482,-0.039262820512820595,0.24038461538461542,ATC-NE
NICO,resnet,cross_entropy,hue_0.15000000000000002,hue,Synthetic,0.26762820512820507,-0.03846153846153855,0.3060897435897436,ATC-NE
NICO,resnet,cross_entropy,hue_0.17500000000000002,hue,Synthetic,0.32852564102564097,-0.04166666666666674,0.3701923076923077,ATC-NE
NICO,resnet,cross_entropy,hue_0.2,hue,Synthetic,0.38221153846153844,-0.03525641025641024,0.4174679487179487,ATC-NE
NICO,resnet,cross_entropy,hue_0.225,hue,Synthetic,0.4302884615384615,-0.02644230769230771,0.4567307692307692,ATC-NE
NICO,resnet,cross_entropy,hue_0.25,hue,Synthetic,0.47275641025641024,-0.01602564102564108,0.4887820512820513,ATC-NE
NICO,resnet,cross_entropy,hue_0.275,hue,Synthetic,0.5056089743589743,-0.012019230769230838,0.5176282051282052,ATC-NE
NICO,resnet,cross_entropy,hue_0.30000000000000004,hue,Synthetic,0.5376602564102564,-0.004807692307692402,0.5424679487179488,ATC-NE
NICO,resnet,cross_entropy,hue_0.325,hue,Synthetic,0.5568910256410255,0.005608974358974339,0.5512820512820512,ATC-NE
NICO,resnet,cross_entropy,hue_0.35000000000000003,hue,Synthetic,0.578525641025641,0.02003205128205121,0.5584935897435898,ATC-NE
NICO,resnet,cross_entropy,hue_0.375,hue,Synthetic,0.5993589743589743,0.028044871794871806,0.5713141025641025,ATC-NE
NICO,resnet,cross_entropy,hue_0.4,hue,Synthetic,0.6161858974358974,0.039262820512820484,0.5769230769230769,ATC-NE
NICO,resnet,cross_entropy,hue_0.42500000000000004,hue,Synthetic,0.6241987179487178,0.04727564102564097,0.5769230769230769,ATC-NE
NICO,resnet,cross_entropy,hue_0.45,hue,Synthetic,0.6322115384615384,0.0560897435897435,0.5761217948717949,ATC-NE
NICO,resnet,cross_entropy,hue_0.47500000000000003,hue,Synthetic,0.6290064102564102,0.044070512820512775,0.5849358974358975,ATC-NE
NICO,resnet,cross_entropy,hue_0.5,hue,Synthetic,0.6193910256410255,0.03044871794871795,0.5889423076923076,ATC-NE
NICO,resnet,cross_entropy,ind_test,ind_test,Organic,0.005608974358974339,-0.00560897435897445,0.011217948717948789,ATC-NE
NICO,resnet,cross_entropy,jpeg_0.025,jpeg,Synthetic,0.0008012820512820484,0.0032051282051281937,0.0024038461538461453,ATC-NE
NICO,resnet,cross_entropy,jpeg_0.05,jpeg,Synthetic,0.0016025641025640969,0.0024038461538461453,0.0008012820512820484,ATC-NE
NICO,resnet,cross_entropy,jpeg_0.07500000000000001,jpeg,Synthetic,0.0008012820512820484,0.0024038461538461453,0.0016025641025640969,ATC-NE
NICO,resnet,cross_entropy,jpeg_0.1,jpeg,Synthetic,0.0032051282051281937,0.0016025641025640969,0.0016025641025640969,ATC-NE
NICO,resnet,cross_entropy,jpeg_0.125,jpeg,Synthetic,0.0016025641025640969,0.0016025641025640969,0.0,ATC-NE
NICO,resnet,cross_entropy,jpeg_0.15000000000000002,jpeg,Synthetic,0.0016025641025640969,0.0008012820512820484,0.0008012820512820484,ATC-NE
NICO,resnet,cross_entropy,jpeg_0.17500000000000002,jpeg,Synthetic,0.0016025641025640969,-0.0016025641025640969,0.0032051282051281937,ATC-NE
NICO,resnet,cross_entropy,jpeg_0.2,jpeg,Synthetic,0.0016025641025640969,-0.0024038461538461453,0.004006410256410242,ATC-NE
NICO,resnet,cross_entropy,jpeg_0.225,jpeg,Synthetic,0.0016025641025640969,-0.0016025641025640969,0.0032051282051281937,ATC-NE
NICO,resnet,cross_entropy,jpeg_0.25,jpeg,Synthetic,0.0024038461538461453,-0.004807692307692402,0.007211538461538547,ATC-NE
NICO,resnet,cross_entropy,jpeg_0.275,jpeg,Synthetic,0.0032051282051281937,-0.00560897435897445,0.008814102564102644,ATC-NE
NICO,resnet,cross_entropy,jpeg_0.30000000000000004,jpeg,Synthetic,0.004006410256410242,-0.009615384615384692,0.013621794871794934,ATC-NE
NICO,resnet,cross_entropy,jpeg_0.325,jpeg,Synthetic,0.004006410256410242,-0.008814102564102644,0.012820512820512886,ATC-NE
NICO,resnet,cross_entropy,jpeg_0.35000000000000003,jpeg,Synthetic,0.0032051282051281937,-0.01041666666666674,0.013621794871794934,ATC-NE
NICO,resnet,cross_entropy,jpeg_0.375,jpeg,Synthetic,0.004006410256410242,-0.009615384615384692,0.013621794871794934,ATC-NE
NICO,resnet,cross_entropy,jpeg_0.4,jpeg,Synthetic,0.0032051282051281937,-0.011217948717948789,0.014423076923076983,ATC-NE
NICO,resnet,cross_entropy,jpeg_0.42500000000000004,jpeg,Synthetic,0.004006410256410242,-0.011217948717948789,0.015224358974359031,ATC-NE
NICO,resnet,cross_entropy,jpeg_0.45,jpeg,Synthetic,0.004807692307692291,-0.009615384615384692,0.014423076923076983,ATC-NE
NICO,resnet,cross_entropy,jpeg_0.47500000000000003,jpeg,Synthetic,0.004807692307692291,-0.011217948717948789,0.01602564102564108,ATC-NE
NICO,resnet,cross_entropy,jpeg_0.5,jpeg,Synthetic,0.004006410256410242,-0.013621794871794934,0.017628205128205177,ATC-NE
NICO,resnet,cross_entropy,multnoise_0.025,multnoise,Synthetic,0.1314102564102564,-0.0360576923076924,0.1674679487179488,ATC-NE
NICO,resnet,cross_entropy,multnoise_0.05,multnoise,Synthetic,0.4711538461538461,-0.028044871794871806,0.4991987179487179,ATC-NE
NICO,resnet,cross_entropy,multnoise_0.07500000000000001,multnoise,Synthetic,0.6514423076923077,0.014423076923076872,0.6370192307692308,ATC-NE
NICO,resnet,cross_entropy,multnoise_0.1,multnoise,Synthetic,0.7700320512820512,0.10817307692307687,0.6618589743589743,ATC-NE
NICO,resnet,cross_entropy,multnoise_0.125,multnoise,Synthetic,0.8341346153846153,0.25080128205128205,0.5833333333333333,ATC-NE
NICO,resnet,cross_entropy,multnoise_0.15000000000000002,multnoise,Synthetic,0.8653846153846153,0.39743589743589736,0.46794871794871795,ATC-NE
NICO,resnet,cross_entropy,multnoise_0.17500000000000002,multnoise,Synthetic,0.8774038461538461,0.5176282051282051,0.3597756410256411,ATC-NE
NICO,resnet,cross_entropy,multnoise_0.2,multnoise,Synthetic,0.8814102564102564,0.6017628205128205,0.2796474358974359,ATC-NE
NICO,resnet,cross_entropy,multnoise_0.225,multnoise,Synthetic,0.8822115384615384,0.6618589743589743,0.2203525641025641,ATC-NE
NICO,resnet,cross_entropy,multnoise_0.25,multnoise,Synthetic,0.8822115384615384,0.704326923076923,0.17788461538461542,ATC-NE
NICO,resnet,cross_entropy,multnoise_0.275,multnoise,Synthetic,0.8822115384615384,0.7219551282051282,0.16025641025641024,ATC-NE
NICO,resnet,cross_entropy,multnoise_0.30000000000000004,multnoise,Synthetic,0.8798076923076923,0.7363782051282051,0.14342948717948723,ATC-NE
NICO,resnet,cross_entropy,multnoise_0.325,multnoise,Synthetic,0.8830128205128205,0.7516025641025641,0.1314102564102564,ATC-NE
NICO,resnet,cross_entropy,multnoise_0.35000000000000003,multnoise,Synthetic,0.8822115384615384,0.7756410256410255,0.10657051282051289,ATC-NE
NICO,resnet,cross_entropy,multnoise_0.375,multnoise,Synthetic,0.8870192307692307,0.7964743589743589,0.0905448717948718,ATC-NE
NICO,resnet,cross_entropy,multnoise_0.4,multnoise,Synthetic,0.8894230769230769,0.8108974358974359,0.07852564102564097,ATC-NE
NICO,resnet,cross_entropy,multnoise_0.42500000000000004,multnoise,Synthetic,0.8878205128205128,0.8181089743589743,0.06971153846153844,ATC-NE
NICO,resnet,cross_entropy,multnoise_0.45,multnoise,Synthetic,0.8870192307692307,0.8309294871794871,0.05608974358974361,ATC-NE
NICO,resnet,cross_entropy,multnoise_0.47500000000000003,multnoise,Synthetic,0.8878205128205128,0.8389423076923077,0.048878205128205066,ATC-NE
NICO,resnet,cross_entropy,multnoise_0.5,multnoise,Synthetic,0.8894230769230769,0.8525641025641025,0.03685897435897434,ATC-NE
NICO,resnet,cross_entropy,noise_0.025,noise,Synthetic,0.15064102564102555,-0.04246794871794879,0.19310897435897434,ATC-NE
NICO,resnet,cross_entropy,noise_0.05,noise,Synthetic,0.5761217948717948,-0.04567307692307698,0.6217948717948718,ATC-NE
NICO,resnet,cross_entropy,noise_0.07500000000000001,noise,Synthetic,0.7732371794871795,-0.007211538461538547,0.7804487179487181,ATC-NE
NICO,resnet,cross_entropy,noise_0.1,noise,Synthetic,0.8517628205128205,0.13862179487179482,0.7131410256410257,ATC-NE
NICO,resnet,cross_entropy,noise_0.125,noise,Synthetic,0.8733974358974359,0.4246794871794871,0.4487179487179488,ATC-NE
NICO,resnet,cross_entropy,noise_0.15000000000000002,noise,Synthetic,0.8790064102564102,0.672275641025641,0.20673076923076927,ATC-NE
NICO,resnet,cross_entropy,noise_0.17500000000000002,noise,Synthetic,0.8830128205128205,0.7964743589743589,0.08653846153846156,ATC-NE
NICO,resnet,cross_entropy,noise_0.2,noise,Synthetic,0.8830128205128205,0.8461538461538461,0.03685897435897434,ATC-NE
NICO,resnet,cross_entropy,noise_0.225,noise,Synthetic,0.8846153846153846,0.8725961538461539,0.012019230769230727,ATC-NE
NICO,resnet,cross_entropy,noise_0.25,noise,Synthetic,0.8870192307692307,0.8894230769230769,0.0024038461538461453,ATC-NE
NICO,resnet,cross_entropy,noise_0.275,noise,Synthetic,0.8894230769230769,0.8950320512820512,0.005608974358974339,ATC-NE
NICO,resnet,cross_entropy,noise_0.30000000000000004,noise,Synthetic,0.8894230769230769,0.905448717948718,0.01602564102564108,ATC-NE
NICO,resnet,cross_entropy,noise_0.325,noise,Synthetic,0.8870192307692307,0.9086538461538461,0.02163461538461542,ATC-NE
NICO,resnet,cross_entropy,noise_0.35000000000000003,noise,Synthetic,0.8862179487179487,0.9134615384615384,0.027243589743589758,ATC-NE
NICO,resnet,cross_entropy,noise_0.375,noise,Synthetic,0.8870192307692307,0.9166666666666666,0.029647435897435903,ATC-NE
NICO,resnet,cross_entropy,noise_0.4,noise,Synthetic,0.8878205128205128,0.9174679487179487,0.029647435897435903,ATC-NE
NICO,resnet,cross_entropy,noise_0.42500000000000004,noise,Synthetic,0.8894230769230769,0.9174679487179487,0.028044871794871806,ATC-NE
NICO,resnet,cross_entropy,noise_0.45,noise,Synthetic,0.8894230769230769,0.9174679487179487,0.028044871794871806,ATC-NE
NICO,resnet,cross_entropy,noise_0.47500000000000003,noise,Synthetic,0.8902243589743589,0.9174679487179487,0.027243589743589758,ATC-NE
NICO,resnet,cross_entropy,noise_0.5,noise,Synthetic,0.8902243589743589,0.9174679487179487,0.027243589743589758,ATC-NE
NICO,resnet,cross_entropy,outdoor,Organic,Organic,0.7411136821791184,-0.06251766969048855,0.803631351869607,ATC-NE
NICO,resnet,cross_entropy,rock,Organic,Organic,0.7581971153846153,-0.06966746794871803,0.8278645833333333,ATC-NE
NICO,resnet,cross_entropy,saltpepper_0.025,saltpepper,Synthetic,0.8838141025641025,0.874198717948718,0.009615384615384581,ATC-NE
NICO,resnet,cross_entropy,saltpepper_0.05,saltpepper,Synthetic,0.8814102564102564,0.8950320512820512,0.013621794871794823,ATC-NE
NICO,resnet,cross_entropy,saltpepper_0.07500000000000001,saltpepper,Synthetic,0.8806089743589743,0.9126602564102564,0.03205128205128205,ATC-NE
NICO,resnet,cross_entropy,saltpepper_0.1,saltpepper,Synthetic,0.8830128205128205,0.9142628205128205,0.03125,ATC-NE
NICO,resnet,cross_entropy,saltpepper_0.125,saltpepper,Synthetic,0.8822115384615384,0.9158653846153846,0.033653846153846145,ATC-NE
NICO,resnet,cross_entropy,saltpepper_0.15000000000000002,saltpepper,Synthetic,0.8814102564102564,0.9174679487179487,0.03605769230769229,ATC-NE
NICO,resnet,cross_entropy,saltpepper_0.17500000000000002,saltpepper,Synthetic,0.8782051282051282,0.9174679487179487,0.039262820512820484,ATC-NE
NICO,resnet,cross_entropy,saltpepper_0.2,saltpepper,Synthetic,0.8798076923076923,0.9174679487179487,0.03766025641025639,ATC-NE
NICO,resnet,cross_entropy,saltpepper_0.225,saltpepper,Synthetic,0.8790064102564102,0.9174679487179487,0.038461538461538436,ATC-NE
NICO,resnet,cross_entropy,saltpepper_0.25,saltpepper,Synthetic,0.8790064102564102,0.9174679487179487,0.038461538461538436,ATC-NE
NICO,resnet,cross_entropy,saltpepper_0.275,saltpepper,Synthetic,0.8790064102564102,0.9174679487179487,0.038461538461538436,ATC-NE
NICO,resnet,cross_entropy,saltpepper_0.30000000000000004,saltpepper,Synthetic,0.8790064102564102,0.9174679487179487,0.038461538461538436,ATC-NE
NICO,resnet,cross_entropy,saltpepper_0.325,saltpepper,Synthetic,0.8782051282051282,0.9174679487179487,0.039262820512820484,ATC-NE
NICO,resnet,cross_entropy,saltpepper_0.35000000000000003,saltpepper,Synthetic,0.8782051282051282,0.9174679487179487,0.039262820512820484,ATC-NE
NICO,resnet,cross_entropy,saltpepper_0.375,saltpepper,Synthetic,0.8782051282051282,0.9174679487179487,0.039262820512820484,ATC-NE
NICO,resnet,cross_entropy,saltpepper_0.4,saltpepper,Synthetic,0.8782051282051282,0.9174679487179487,0.039262820512820484,ATC-NE
NICO,resnet,cross_entropy,saltpepper_0.42500000000000004,saltpepper,Synthetic,0.8782051282051282,0.9174679487179487,0.039262820512820484,ATC-NE
NICO,resnet,cross_entropy,saltpepper_0.45,saltpepper,Synthetic,0.8782051282051282,0.9174679487179487,0.039262820512820484,ATC-NE
NICO,resnet,cross_entropy,saltpepper_0.47500000000000003,saltpepper,Synthetic,0.8782051282051282,0.9174679487179487,0.039262820512820484,ATC-NE
NICO,resnet,cross_entropy,saltpepper_0.5,saltpepper,Synthetic,0.8790064102564102,0.9174679487179487,0.038461538461538436,ATC-NE
NICO,resnet,cross_entropy,smear_0.025,smear,Synthetic,0.018429487179487114,-0.04326923076923084,0.06169871794871795,ATC-NE
NICO,resnet,cross_entropy,smear_0.05,smear,Synthetic,0.01602564102564097,-0.04807692307692313,0.0641025641025641,ATC-NE
NICO,resnet,cross_entropy,smear_0.07500000000000001,smear,Synthetic,0.018429487179487114,-0.04086538461538469,0.059294871794871806,ATC-NE
NICO,resnet,cross_entropy,smear_0.1,smear,Synthetic,0.019230769230769162,-0.04246794871794879,0.06169871794871795,ATC-NE
NICO,resnet,cross_entropy,smear_0.125,smear,Synthetic,0.022435897435897356,-0.04567307692307698,0.06810897435897434,ATC-NE
NICO,resnet,cross_entropy,smear_0.15000000000000002,smear,Synthetic,0.038461538461538436,-0.050480769230769273,0.08894230769230771,ATC-NE
NICO,resnet,cross_entropy,smear_0.17500000000000002,smear,Synthetic,0.028846153846153855,-0.05208333333333337,0.08092948717948723,ATC-NE
NICO,resnet,cross_entropy,smear_0.2,smear,Synthetic,0.03525641025641024,-0.05608974358974361,0.09134615384615385,ATC-NE
NICO,resnet,cross_entropy,smear_0.225,smear,Synthetic,0.04246794871794868,-0.05769230769230771,0.10016025641025639,ATC-NE
NICO,resnet,cross_entropy,smear_0.25,smear,Synthetic,0.05208333333333326,-0.06169871794871795,0.11378205128205121,ATC-NE
NICO,resnet,cross_entropy,smear_0.275,smear,Synthetic,0.06490384615384615,-0.0625,0.12740384615384615,ATC-NE
NICO,resnet,cross_entropy,smear_0.30000000000000004,smear,Synthetic,0.06971153846153844,-0.06490384615384615,0.13461538461538458,ATC-NE
NICO,resnet,cross_entropy,smear_0.325,smear,Synthetic,0.08493589743589736,-0.0641025641025641,0.14903846153846145,ATC-NE
NICO,resnet,cross_entropy,smear_0.35000000000000003,smear,Synthetic,0.10096153846153844,-0.0657051282051282,0.16666666666666663,ATC-NE
NICO,resnet,cross_entropy,smear_0.375,smear,Synthetic,0.10657051282051277,-0.0641025641025641,0.17067307692307687,ATC-NE
NICO,resnet,cross_entropy,smear_0.4,smear,Synthetic,0.1201923076923076,-0.0657051282051282,0.1858974358974358,ATC-NE
NICO,resnet,cross_entropy,smear_0.42500000000000004,smear,Synthetic,0.1482371794871794,-0.0689102564102565,0.2171474358974359,ATC-NE
NICO,resnet,cross_entropy,smear_0.45,smear,Synthetic,0.16506410256410253,-0.0689102564102565,0.23397435897435903,ATC-NE
NICO,resnet,cross_entropy,smear_0.47500000000000003,smear,Synthetic,0.18669871794871795,-0.06971153846153855,0.2564102564102565,ATC-NE
NICO,resnet,cross_entropy,smear_0.5,smear,Synthetic,0.20272435897435892,-0.06971153846153855,0.27243589743589747,ATC-NE
NICO,resnet,cross_entropy,water,Organic,Organic,0.7511628149507759,-0.07042069914900717,0.821583514099783,ATC-NE
NICO,vit,softmax,autumn,Organic,Organic,0.8165865384615385,0.6240344551282051,0.1925520833333334,ATC-MC
NICO,vit,softmax,brightness_0.025,brightness,Synthetic,-0.012820512820512775,0.004807692307692291,0.017628205128205066,ATC-MC
NICO,vit,softmax,brightness_0.05,brightness,Synthetic,-0.004006410256410242,0.028846153846153855,0.0328525641025641,ATC-MC
NICO,vit,softmax,brightness_0.07500000000000001,brightness,Synthetic,0.01602564102564108,0.08413461538461542,0.06810897435897434,ATC-MC
NICO,vit,softmax,brightness_0.1,brightness,Synthetic,0.0625,0.10817307692307698,0.04567307692307698,ATC-MC
NICO,vit,softmax,brightness_0.125,brightness,Synthetic,0.09375,0.15224358974358976,0.05849358974358976,ATC-MC
NICO,vit,softmax,brightness_0.15000000000000002,brightness,Synthetic,0.10576923076923073,0.16907051282051289,0.06330128205128216,ATC-MC
NICO,vit,softmax,brightness_0.17500000000000002,brightness,Synthetic,0.1546474358974359,0.17628205128205132,0.02163461538461542,ATC-MC
NICO,vit,softmax,brightness_0.2,brightness,Synthetic,0.17307692307692313,0.19471153846153844,0.021634615384615308,ATC-MC
NICO,vit,softmax,brightness_0.225,brightness,Synthetic,0.18669871794871795,0.1923076923076923,0.005608974358974339,ATC-MC
NICO,vit,softmax,brightness_0.25,brightness,Synthetic,0.21314102564102566,0.21955128205128205,0.0064102564102563875,ATC-MC
NICO,vit,softmax,brightness_0.275,brightness,Synthetic,0.24198717948717952,0.22996794871794868,0.012019230769230838,ATC-MC
NICO,vit,softmax,brightness_0.30000000000000004,brightness,Synthetic,0.23397435897435903,0.22676282051282048,0.007211538461538547,ATC-MC
NICO,vit,softmax,brightness_0.325,brightness,Synthetic,0.25,0.24198717948717952,0.008012820512820484,ATC-MC
NICO,vit,softmax,brightness_0.35000000000000003,brightness,Synthetic,0.28044871794871795,0.25080128205128205,0.029647435897435903,ATC-MC
NICO,vit,softmax,brightness_0.375,brightness,Synthetic,0.2548076923076923,0.22836538461538458,0.02644230769230771,ATC-MC
NICO,vit,softmax,brightness_0.4,brightness,Synthetic,0.2628205128205129,0.2219551282051282,0.04086538461538469,ATC-MC
NICO,vit,softmax,brightness_0.42500000000000004,brightness,Synthetic,0.27403846153846156,0.25400641025641024,0.020032051282051322,ATC-MC
NICO,vit,softmax,brightness_0.45,brightness,Synthetic,0.2516025641025641,0.23798076923076927,0.013621794871794823,ATC-MC
NICO,vit,softmax,brightness_0.47500000000000003,brightness,Synthetic,0.29166666666666663,0.26362179487179493,0.028044871794871695,ATC-MC
NICO,vit,softmax,brightness_0.5,brightness,Synthetic,0.31009615384615385,0.25240384615384615,0.05769230769230771,ATC-MC
NICO,vit,softmax,contrast_0.025,contrast,Synthetic,0.010016025641025661,0.022836538461538436,0.012820512820512775,ATC-MC
NICO,vit,softmax,contrast_0.05,contrast,Synthetic,0.029246794871794934,0.0452724358974359,0.01602564102564097,ATC-MC
NICO,vit,softmax,contrast_0.07500000000000001,contrast,Synthetic,0.049278846153846145,0.07371794871794868,0.024439102564102533,ATC-MC
NICO,vit,softmax,contrast_0.1,contrast,Synthetic,0.07371794871794868,0.12019230769230771,0.04647435897435903,ATC-MC
NICO,vit,softmax,contrast_0.125,contrast,Synthetic,0.11418269230769229,0.1470352564102564,0.0328525641025641,ATC-MC
NICO,vit,softmax,contrast_0.15000000000000002,contrast,Synthetic,0.13822115384615385,0.16947115384615385,0.03125,ATC-MC
NICO,vit,softmax,contrast_0.17500000000000002,contrast,Synthetic,0.1594551282051282,0.18389423076923073,0.024439102564102533,ATC-MC
NICO,vit,softmax,contrast_0.2,contrast,Synthetic,0.18229166666666663,0.20873397435897434,0.02644230769230771,ATC-MC
NICO,vit,softmax,contrast_0.225,contrast,Synthetic,0.21674679487179493,0.21875,0.0020032051282050656,ATC-MC
NICO,vit,softmax,contrast_0.25,contrast,Synthetic,0.21474358974358976,0.23317307692307698,0.018429487179487225,ATC-MC
NICO,vit,softmax,contrast_0.275,contrast,Synthetic,0.23157051282051289,0.23237179487179493,0.0008012820512820484,ATC-MC
NICO,vit,softmax,contrast_0.30000000000000004,contrast,Synthetic,0.2580128205128205,0.22596153846153844,0.03205128205128205,ATC-MC
NICO,vit,softmax,contrast_0.325,contrast,Synthetic,0.28044871794871795,0.24238782051282048,0.03806089743589747,ATC-MC
NICO,vit,softmax,contrast_0.35000000000000003,contrast,Synthetic,0.2872596153846154,0.24118589743589747,0.04607371794871795,ATC-MC
NICO,vit,softmax,contrast_0.375,contrast,Synthetic,0.27283653846153844,0.2596153846153846,0.013221153846153855,ATC-MC
NICO,vit,softmax,contrast_0.4,contrast,Synthetic,0.26482371794871795,0.26963141025641024,0.004807692307692291,ATC-MC
NICO,vit,softmax,contrast_0.42500000000000004,contrast,Synthetic,0.2764423076923077,0.24719551282051289,0.029246794871794823,ATC-MC
NICO,vit,softmax,contrast_0.45,contrast,Synthetic,0.2640224358974359,0.24439102564102566,0.019631410256410242,ATC-MC
NICO,vit,softmax,contrast_0.47500000000000003,contrast,Synthetic,0.2876602564102564,0.2516025641025641,0.03605769230769229,ATC-MC
NICO,vit,softmax,contrast_0.5,contrast,Synthetic,0.27724358974358976,0.26001602564102566,0.017227564102564097,ATC-MC
NICO,vit,softmax,fog_0.025,fog,Synthetic,0.28205128205128205,0.28205128205128205,0.0,ATC-MC
NICO,vit,softmax,fog_0.05,fog,Synthetic,0.27083333333333337,0.28846153846153844,0.017628205128205066,ATC-MC
NICO,vit,softmax,fog_0.07500000000000001,fog,Synthetic,0.2692307692307693,0.2700320512820513,0.0008012820512820484,ATC-MC
NICO,vit,softmax,fog_0.1,fog,Synthetic,0.2908653846153846,0.28205128205128205,0.008814102564102533,ATC-MC
NICO,vit,softmax,fog_0.125,fog,Synthetic,0.29647435897435903,0.3012820512820513,0.004807692307692291,ATC-MC
NICO,vit,softmax,fog_0.15000000000000002,fog,Synthetic,0.2988782051282052,0.2860576923076923,0.012820512820512886,ATC-MC
NICO,vit,softmax,fog_0.17500000000000002,fog,Synthetic,0.2764423076923077,0.29647435897435903,0.020032051282051322,ATC-MC
NICO,vit,softmax,fog_0.2,fog,Synthetic,0.2844551282051282,0.29647435897435903,0.012019230769230838,ATC-MC
NICO,vit,softmax,fog_0.225,fog,Synthetic,0.2940705128205129,0.2716346153846154,0.022435897435897467,ATC-MC
NICO,vit,softmax,fog_0.25,fog,Synthetic,0.27403846153846156,0.2860576923076923,0.012019230769230727,ATC-MC
NICO,vit,softmax,fog_0.275,fog,Synthetic,0.2620192307692307,0.29807692307692313,0.0360576923076924,ATC-MC
NICO,vit,softmax,fog_0.30000000000000004,fog,Synthetic,0.2628205128205129,0.3060897435897436,0.043269230769230727,ATC-MC
NICO,vit,softmax,fog_0.325,fog,Synthetic,0.2828525641025641,0.2660256410256411,0.016826923076923017,ATC-MC
NICO,vit,softmax,fog_0.35000000000000003,fog,Synthetic,0.30208333333333337,0.31009615384615385,0.008012820512820484,ATC-MC
NICO,vit,softmax,fog_0.375,fog,Synthetic,0.28685897435897434,0.28525641025641024,0.0016025641025640969,ATC-MC
NICO,vit,softmax,fog_0.4,fog,Synthetic,0.28205128205128205,0.2940705128205129,0.012019230769230838,ATC-MC
NICO,vit,softmax,fog_0.42500000000000004,fog,Synthetic,0.28365384615384615,0.30208333333333337,0.018429487179487225,ATC-MC
NICO,vit,softmax,fog_0.45,fog,Synthetic,0.29487179487179493,0.2844551282051282,0.01041666666666674,ATC-MC
NICO,vit,softmax,fog_0.47500000000000003,fog,Synthetic,0.2692307692307693,0.2988782051282052,0.029647435897435903,ATC-MC
NICO,vit,softmax,fog_0.5,fog,Synthetic,0.26522435897435903,0.2684294871794872,0.0032051282051281937,ATC-MC
NICO,vit,softmax,grass,Organic,Organic,0.814568122034565,0.6303639034343732,0.18420421860019176,ATC-MC
NICO,vit,softmax,hue_0.025,hue,Synthetic,0.24439102564102566,0.23717948717948723,0.007211538461538436,ATC-MC
NICO,vit,softmax,hue_0.05,hue,Synthetic,0.326923076923077,0.2516025641025641,0.07532051282051289,ATC-MC
NICO,vit,softmax,hue_0.07500000000000001,hue,Synthetic,0.3637820512820513,0.24599358974358976,0.11778846153846156,ATC-MC
NICO,vit,softmax,hue_0.1,hue,Synthetic,0.36778846153846156,0.2924679487179487,0.07532051282051289,ATC-MC
NICO,vit,softmax,hue_0.125,hue,Synthetic,0.37419871794871795,0.2796474358974359,0.09455128205128205,ATC-MC
NICO,vit,softmax,hue_0.15000000000000002,hue,Synthetic,0.375,0.2748397435897436,0.10016025641025639,ATC-MC
NICO,vit,softmax,hue_0.17500000000000002,hue,Synthetic,0.4030448717948718,0.295673076923077,0.10737179487179482,ATC-MC
NICO,vit,softmax,hue_0.2,hue,Synthetic,0.3806089743589744,0.27564102564102566,0.10496794871794873,ATC-MC
NICO,vit,softmax,hue_0.225,hue,Synthetic,0.41907051282051283,0.27884615384615385,0.14022435897435898,ATC-MC
NICO,vit,softmax,hue_0.25,hue,Synthetic,0.37419871794871795,0.26041666666666663,0.11378205128205132,ATC-MC
NICO,vit,softmax,hue_0.275,hue,Synthetic,0.3894230769230769,0.29006410256410253,0.0993589743589744,ATC-MC
NICO,vit,softmax,hue_0.30000000000000004,hue,Synthetic,0.4278846153846154,0.2764423076923077,0.1514423076923077,ATC-MC
NICO,vit,softmax,hue_0.325,hue,Synthetic,0.4094551282051282,0.2628205128205129,0.1466346153846153,ATC-MC
NICO,vit,softmax,hue_0.35000000000000003,hue,Synthetic,0.3942307692307692,0.28525641025641024,0.10897435897435898,ATC-MC
NICO,vit,softmax,hue_0.375,hue,Synthetic,0.3822115384615385,0.3028846153846154,0.07932692307692307,ATC-MC
NICO,vit,softmax,hue_0.4,hue,Synthetic,0.40384615384615385,0.30208333333333337,0.10176282051282048,ATC-MC
NICO,vit,softmax,hue_0.42500000000000004,hue,Synthetic,0.37419871794871795,0.2932692307692307,0.08092948717948723,ATC-MC
NICO,vit,softmax,hue_0.45,hue,Synthetic,0.39342948717948717,0.29166666666666663,0.10176282051282054,ATC-MC
NICO,vit,softmax,hue_0.47500000000000003,hue,Synthetic,0.3870192307692308,0.29006410256410253,0.09695512820512825,ATC-MC
NICO,vit,softmax,hue_0.5,hue,Synthetic,0.39503205128205127,0.27083333333333337,0.1241987179487179,ATC-MC
NICO,vit,softmax,ind_test,ind_test,Organic,-0.004807692307692291,-0.0064102564102563875,0.0016025641025640969,ATC-MC
NICO,vit,softmax,jpeg_0.025,jpeg,Synthetic,0.0328525641025641,0.04006410256410253,0.007211538461538436,ATC-MC
NICO,vit,softmax,jpeg_0.05,jpeg,Synthetic,0.0328525641025641,0.04006410256410253,0.007211538461538436,ATC-MC
NICO,vit,softmax,jpeg_0.07500000000000001,jpeg,Synthetic,0.0328525641025641,0.04086538461538458,0.008012820512820484,ATC-MC
NICO,vit,softmax,jpeg_0.1,jpeg,Synthetic,0.03205128205128205,0.03685897435897434,0.004807692307692291,ATC-MC
NICO,vit,softmax,jpeg_0.125,jpeg,Synthetic,0.03205128205128205,0.039262820512820484,0.007211538461538436,ATC-MC
NICO,vit,softmax,jpeg_0.15000000000000002,jpeg,Synthetic,0.03125,0.04006410256410253,0.008814102564102533,ATC-MC
NICO,vit,softmax,jpeg_0.17500000000000002,jpeg,Synthetic,0.0328525641025641,0.039262820512820484,0.0064102564102563875,ATC-MC
NICO,vit,softmax,jpeg_0.2,jpeg,Synthetic,0.0328525641025641,0.039262820512820484,0.0064102564102563875,ATC-MC
NICO,vit,softmax,jpeg_0.225,jpeg,Synthetic,0.0328525641025641,0.03605769230769229,0.0032051282051281937,ATC-MC
NICO,vit,softmax,jpeg_0.25,jpeg,Synthetic,0.0328525641025641,0.03605769230769229,0.0032051282051281937,ATC-MC
NICO,vit,softmax,jpeg_0.275,jpeg,Synthetic,0.0328525641025641,0.04006410256410253,0.007211538461538436,ATC-MC
NICO,vit,softmax,jpeg_0.30000000000000004,jpeg,Synthetic,0.03205128205128205,0.03766025641025639,0.005608974358974339,ATC-MC
NICO,vit,softmax,jpeg_0.325,jpeg,Synthetic,0.0328525641025641,0.043269230769230727,0.01041666666666663,ATC-MC
NICO,vit,softmax,jpeg_0.35000000000000003,jpeg,Synthetic,0.033653846153846145,0.038461538461538436,0.004807692307692291,ATC-MC
NICO,vit,softmax,jpeg_0.375,jpeg,Synthetic,0.034455128205128194,0.039262820512820484,0.004807692307692291,ATC-MC
NICO,vit,softmax,jpeg_0.4,jpeg,Synthetic,0.03205128205128205,0.04166666666666663,0.009615384615384581,ATC-MC
NICO,vit,softmax,jpeg_0.42500000000000004,jpeg,Synthetic,0.03044871794871795,0.038461538461538436,0.008012820512820484,ATC-MC
NICO,vit,softmax,jpeg_0.45,jpeg,Synthetic,0.0328525641025641,0.038461538461538436,0.005608974358974339,ATC-MC
NICO,vit,softmax,jpeg_0.47500000000000003,jpeg,Synthetic,0.0328525641025641,0.03766025641025639,0.004807692307692291,ATC-MC
NICO,vit,softmax,jpeg_0.5,jpeg,Synthetic,0.0328525641025641,0.04086538461538458,0.008012820512820484,ATC-MC
NICO,vit,softmax,multnoise_0.025,multnoise,Synthetic,0.0024038461538461453,0.0032051282051281937,0.0008012820512820484,ATC-MC
NICO,vit,softmax,multnoise_0.05,multnoise,Synthetic,0.0032051282051281937,0.0024038461538461453,0.0008012820512820484,ATC-MC
NICO,vit,softmax,multnoise_0.07500000000000001,multnoise,Synthetic,0.0032051282051281937,0.009615384615384581,0.0064102564102563875,ATC-MC
NICO,vit,softmax,multnoise_0.1,multnoise,Synthetic,0.005608974358974339,0.014423076923076983,0.008814102564102644,ATC-MC
NICO,vit,softmax,multnoise_0.125,multnoise,Synthetic,0.009615384615384581,0.028846153846153855,0.019230769230769273,ATC-MC
NICO,vit,softmax,multnoise_0.15000000000000002,multnoise,Synthetic,0.016826923076923128,0.05769230769230771,0.04086538461538458,ATC-MC
NICO,vit,softmax,multnoise_0.17500000000000002,multnoise,Synthetic,0.034455128205128194,0.10977564102564108,0.07532051282051289,ATC-MC
NICO,vit,softmax,multnoise_0.2,multnoise,Synthetic,0.0625,0.17147435897435903,0.10897435897435903,ATC-MC
NICO,vit,softmax,multnoise_0.225,multnoise,Synthetic,0.10576923076923073,0.23958333333333337,0.13381410256410264,ATC-MC
NICO,vit,softmax,multnoise_0.25,multnoise,Synthetic,0.1498397435897436,0.3012820512820513,0.1514423076923077,ATC-MC
NICO,vit,softmax,multnoise_0.275,multnoise,Synthetic,0.22275641025641024,0.3806089743589744,0.15785256410256415,ATC-MC
NICO,vit,softmax,multnoise_0.30000000000000004,multnoise,Synthetic,0.29487179487179493,0.4342948717948718,0.13942307692307687,ATC-MC
NICO,vit,softmax,multnoise_0.325,multnoise,Synthetic,0.35897435897435903,0.47516025641025644,0.11618589743589741,ATC-MC
NICO,vit,softmax,multnoise_0.35000000000000003,multnoise,Synthetic,0.41746794871794873,0.5128205128205128,0.09535256410256404,ATC-MC
NICO,vit,softmax,multnoise_0.375,multnoise,Synthetic,0.47836538461538464,0.5440705128205128,0.06570512820512814,ATC-MC
NICO,vit,softmax,multnoise_0.4,multnoise,Synthetic,0.5128205128205128,0.5536858974358975,0.04086538461538469,ATC-MC
NICO,vit,softmax,multnoise_0.42500000000000004,multnoise,Synthetic,0.5496794871794872,0.5649038461538461,0.01522435897435892,ATC-MC
NICO,vit,softmax,multnoise_0.45,multnoise,Synthetic,0.5697115384615385,0.5833333333333334,0.013621794871794823,ATC-MC
NICO,vit,softmax,multnoise_0.47500000000000003,multnoise,Synthetic,0.5897435897435898,0.592948717948718,0.0032051282051281937,ATC-MC
NICO,vit,softmax,multnoise_0.5,multnoise,Synthetic,0.6065705128205128,0.5897435897435898,0.016826923076923017,ATC-MC
NICO,vit,softmax,noise_0.025,noise,Synthetic,0.04567307692307698,0.08012820512820518,0.034455128205128194,ATC-MC
NICO,vit,softmax,noise_0.05,noise,Synthetic,0.10737179487179493,0.13301282051282048,0.02564102564102555,ATC-MC
NICO,vit,softmax,noise_0.07500000000000001,noise,Synthetic,0.15224358974358976,0.1891025641025641,0.03685897435897434,ATC-MC
NICO,vit,softmax,noise_0.1,noise,Synthetic,0.19631410256410253,0.23878205128205132,0.04246794871794879,ATC-MC
NICO,vit,softmax,noise_0.125,noise,Synthetic,0.22596153846153844,0.29807692307692313,0.07211538461538469,ATC-MC
NICO,vit,softmax,noise_0.15000000000000002,noise,Synthetic,0.2780448717948718,0.3469551282051282,0.06891025641025639,ATC-MC
NICO,vit,softmax,noise_0.17500000000000002,noise,Synthetic,0.33493589743589747,0.39903846153846156,0.0641025641025641,ATC-MC
NICO,vit,softmax,noise_0.2,noise,Synthetic,0.38621794871794873,0.43830128205128205,0.052083333333333315,ATC-MC
NICO,vit,softmax,noise_0.225,noise,Synthetic,0.43189102564102566,0.48717948717948717,0.05528846153846151,ATC-MC
NICO,vit,softmax,noise_0.25,noise,Synthetic,0.47275641025641024,0.5144230769230769,0.04166666666666663,ATC-MC
NICO,vit,softmax,noise_0.275,noise,Synthetic,0.5184294871794872,0.546474358974359,0.028044871794871806,ATC-MC
NICO,vit,softmax,noise_0.30000000000000004,noise,Synthetic,0.5568910256410257,0.578525641025641,0.021634615384615308,ATC-MC
NICO,vit,softmax,noise_0.325,noise,Synthetic,0.6065705128205128,0.5897435897435898,0.016826923076923017,ATC-MC
NICO,vit,softmax,noise_0.35000000000000003,noise,Synthetic,0.6394230769230769,0.625,0.014423076923076872,ATC-MC
NICO,vit,softmax,noise_0.375,noise,Synthetic,0.6770833333333334,0.6378205128205128,0.039262820512820595,ATC-MC
NICO,vit,softmax,noise_0.4,noise,Synthetic,0.7067307692307693,0.6482371794871795,0.05849358974358976,ATC-MC
NICO,vit,softmax,noise_0.42500000000000004,noise,Synthetic,0.7331730769230769,0.6642628205128205,0.06891025641025639,ATC-MC
NICO,vit,softmax,noise_0.45,noise,Synthetic,0.75,0.6674679487179487,0.08253205128205132,ATC-MC
NICO,vit,softmax,noise_0.47500000000000003,noise,Synthetic,0.7684294871794872,0.6618589743589743,0.10657051282051289,ATC-MC
NICO,vit,softmax,noise_0.5,noise,Synthetic,0.7836538461538461,0.6626602564102564,0.12099358974358976,ATC-MC
NICO,vit,softmax,outdoor,Organic,Organic,0.8288811394005056,0.6696601886962803,0.15922095070422526,ATC-MC
NICO,vit,softmax,rock,Organic,Organic,0.823078313588075,0.6555078146726737,0.16757049891540132,ATC-MC
NICO,vit,softmax,saltpepper_0.025,saltpepper,Synthetic,0.780448717948718,0.7251602564102564,0.055288461538461564,ATC-MC
NICO,vit,softmax,saltpepper_0.05,saltpepper,Synthetic,0.782051282051282,0.7283653846153846,0.05368589743589747,ATC-MC
NICO,vit,softmax,saltpepper_0.07500000000000001,saltpepper,Synthetic,0.782051282051282,0.7235576923076923,0.05849358974358976,ATC-MC
NICO,vit,softmax,saltpepper_0.1,saltpepper,Synthetic,0.782051282051282,0.7283653846153846,0.05368589743589747,ATC-MC
NICO,vit,softmax,saltpepper_0.125,saltpepper,Synthetic,0.7868589743589743,0.7227564102564102,0.0641025641025641,ATC-MC
NICO,vit,softmax,saltpepper_0.15000000000000002,saltpepper,Synthetic,0.7836538461538461,0.71875,0.06490384615384615,ATC-MC
NICO,vit,softmax,saltpepper_0.17500000000000002,saltpepper,Synthetic,0.782051282051282,0.7131410256410257,0.06891025641025639,ATC-MC
NICO,vit,softmax,saltpepper_0.2,saltpepper,Synthetic,0.7828525641025641,0.717948717948718,0.06490384615384615,ATC-MC
NICO,vit,softmax,saltpepper_0.225,saltpepper,Synthetic,0.7836538461538461,0.71875,0.06490384615384615,ATC-MC
NICO,vit,softmax,saltpepper_0.25,saltpepper,Synthetic,0.780448717948718,0.7131410256410257,0.06730769230769229,ATC-MC
NICO,vit,softmax,saltpepper_0.275,saltpepper,Synthetic,0.7852564102564102,0.7107371794871795,0.07451923076923073,ATC-MC
NICO,vit,softmax,saltpepper_0.30000000000000004,saltpepper,Synthetic,0.7852564102564102,0.7091346153846154,0.07612179487179482,ATC-MC
NICO,vit,softmax,saltpepper_0.325,saltpepper,Synthetic,0.7868589743589743,0.7043269230769231,0.08253205128205121,ATC-MC
NICO,vit,softmax,saltpepper_0.35000000000000003,saltpepper,Synthetic,0.7852564102564102,0.7059294871794872,0.07932692307692302,ATC-MC
NICO,vit,softmax,saltpepper_0.375,saltpepper,Synthetic,0.7836538461538461,0.7131410256410257,0.07051282051282048,ATC-MC
NICO,vit,softmax,saltpepper_0.4,saltpepper,Synthetic,0.7860576923076923,0.7115384615384616,0.07451923076923073,ATC-MC
NICO,vit,softmax,saltpepper_0.42500000000000004,saltpepper,Synthetic,0.7924679487179487,0.7099358974358975,0.08253205128205121,ATC-MC
NICO,vit,softmax,saltpepper_0.45,saltpepper,Synthetic,0.7916666666666666,0.7067307692307693,0.08493589743589736,ATC-MC
NICO,vit,softmax,saltpepper_0.47500000000000003,saltpepper,Synthetic,0.7892628205128205,0.7059294871794872,0.08333333333333326,ATC-MC
NICO,vit,softmax,saltpepper_0.5,saltpepper,Synthetic,0.795673076923077,0.7123397435897436,0.08333333333333337,ATC-MC
NICO,vit,softmax,smear_0.025,smear,Synthetic,0.01041666666666663,0.01602564102564108,0.00560897435897445,ATC-MC
NICO,vit,softmax,smear_0.05,smear,Synthetic,0.009615384615384581,0.02083333333333337,0.011217948717948789,ATC-MC
NICO,vit,softmax,smear_0.07500000000000001,smear,Synthetic,0.007211538461538436,0.02564102564102566,0.018429487179487225,ATC-MC
NICO,vit,softmax,smear_0.1,smear,Synthetic,0.012820512820512886,0.02163461538461542,0.008814102564102533,ATC-MC
NICO,vit,softmax,smear_0.125,smear,Synthetic,0.011217948717948678,0.024839743589743613,0.013621794871794934,ATC-MC
NICO,vit,softmax,smear_0.15000000000000002,smear,Synthetic,0.015224358974359031,0.023237179487179516,0.008012820512820484,ATC-MC
NICO,vit,softmax,smear_0.17500000000000002,smear,Synthetic,0.015224358974359031,0.03125,0.01602564102564097,ATC-MC
NICO,vit,softmax,smear_0.2,smear,Synthetic,0.020032051282051322,0.024839743589743613,0.004807692307692291,ATC-MC
NICO,vit,softmax,smear_0.225,smear,Synthetic,0.019230769230769273,0.04086538461538458,0.021634615384615308,ATC-MC
NICO,vit,softmax,smear_0.25,smear,Synthetic,0.02163461538461542,0.044070512820512886,0.022435897435897467,ATC-MC
NICO,vit,softmax,smear_0.275,smear,Synthetic,0.019230769230769273,0.05208333333333337,0.0328525641025641,ATC-MC
NICO,vit,softmax,smear_0.30000000000000004,smear,Synthetic,0.029647435897435903,0.0608974358974359,0.03125,ATC-MC
NICO,vit,softmax,smear_0.325,smear,Synthetic,0.03685897435897434,0.06891025641025639,0.03205128205128205,ATC-MC
NICO,vit,softmax,smear_0.35000000000000003,smear,Synthetic,0.04086538461538458,0.07612179487179493,0.03525641025641035,ATC-MC
NICO,vit,softmax,smear_0.375,smear,Synthetic,0.043269230769230727,0.07852564102564108,0.03525641025641035,ATC-MC
NICO,vit,softmax,smear_0.4,smear,Synthetic,0.05368589743589747,0.10496794871794868,0.05128205128205121,ATC-MC
NICO,vit,softmax,smear_0.42500000000000004,smear,Synthetic,0.05849358974358976,0.12740384615384615,0.06891025641025639,ATC-MC
NICO,vit,softmax,smear_0.45,smear,Synthetic,0.054487179487179516,0.1217948717948718,0.06730769230769229,ATC-MC
NICO,vit,softmax,smear_0.47500000000000003,smear,Synthetic,0.08573717948717952,0.13221153846153844,0.04647435897435892,ATC-MC
NICO,vit,softmax,smear_0.5,smear,Synthetic,0.09294871794871795,0.15865384615384615,0.0657051282051282,ATC-MC
NICO,vit,softmax,water,Organic,Organic,0.8184484151019584,0.6095409347869978,0.20890748031496065,ATC-MC
Office31,resnet,cross_entropy,brightness_0.025,brightness,Synthetic,-0.046428571428571375,0.02857142857142858,0.07499999999999996,ATC-NE
Office31,resnet,cross_entropy,brightness_0.05,brightness,Synthetic,-0.03928571428571426,0.021428571428571463,0.06071428571428572,ATC-NE
Office31,resnet,cross_entropy,brightness_0.07500000000000001,brightness,Synthetic,-0.03928571428571426,0.014285714285714346,0.0535714285714286,ATC-NE
Office31,resnet,cross_entropy,brightness_0.1,brightness,Synthetic,-0.02857142857142858,0.0,0.02857142857142858,ATC-NE
Office31,resnet,cross_entropy,brightness_0.125,brightness,Synthetic,-0.03214285714285714,-0.02499999999999991,0.0071428571428572285,ATC-NE
Office31,resnet,cross_entropy,brightness_0.15000000000000002,brightness,Synthetic,-0.02857142857142858,-0.02499999999999991,0.0035714285714286698,ATC-NE
Office31,resnet,cross_entropy,brightness_0.17500000000000002,brightness,Synthetic,-0.0071428571428571175,-0.0357142857142857,0.02857142857142858,ATC-NE
Office31,resnet,cross_entropy,brightness_0.2,brightness,Synthetic,-0.0071428571428571175,-0.03928571428571426,0.03214285714285714,ATC-NE
Office31,resnet,cross_entropy,brightness_0.225,brightness,Synthetic,0.0,-0.03928571428571426,0.03928571428571426,ATC-NE
Office31,resnet,cross_entropy,brightness_0.25,brightness,Synthetic,0.010714285714285787,-0.042857142857142816,0.0535714285714286,ATC-NE
Office31,resnet,cross_entropy,brightness_0.275,brightness,Synthetic,0.014285714285714346,-0.046428571428571375,0.06071428571428572,ATC-NE
Office31,resnet,cross_entropy,brightness_0.30000000000000004,brightness,Synthetic,0.010714285714285787,-0.05714285714285716,0.06785714285714295,ATC-NE
Office31,resnet,cross_entropy,brightness_0.325,brightness,Synthetic,0.017857142857142905,-0.05357142857142849,0.0714285714285714,ATC-NE
Office31,resnet,cross_entropy,brightness_0.35000000000000003,brightness,Synthetic,0.014285714285714346,-0.05357142857142849,0.06785714285714284,ATC-NE
Office31,resnet,cross_entropy,brightness_0.375,brightness,Synthetic,0.0035714285714285587,-0.03928571428571426,0.042857142857142816,ATC-NE
Office31,resnet,cross_entropy,brightness_0.4,brightness,Synthetic,-0.02857142857142858,-0.02857142857142858,0.0,ATC-NE
Office31,resnet,cross_entropy,brightness_0.42500000000000004,brightness,Synthetic,-0.03214285714285714,0.0035714285714285587,0.0357142857142857,ATC-NE
Office31,resnet,cross_entropy,brightness_0.45,brightness,Synthetic,-0.046428571428571375,0.02857142857142858,0.07499999999999996,ATC-NE
Office31,resnet,cross_entropy,brightness_0.47500000000000003,brightness,Synthetic,-0.06071428571428572,0.014285714285714346,0.07500000000000007,ATC-NE
Office31,resnet,cross_entropy,brightness_0.5,brightness,Synthetic,-0.046428571428571375,-0.0035714285714285587,0.042857142857142816,ATC-NE
Office31,resnet,cross_entropy,contrast_0.025,contrast,Synthetic,-0.05357142857142849,0.017857142857142905,0.0714285714285714,ATC-NE
Office31,resnet,cross_entropy,contrast_0.05,contrast,Synthetic,-0.048214285714285654,0.017857142857142905,0.06607142857142856,ATC-NE
Office31,resnet,cross_entropy,contrast_0.07500000000000001,contrast,Synthetic,-0.046428571428571375,0.016071428571428625,0.0625,ATC-NE
Office31,resnet,cross_entropy,contrast_0.1,contrast,Synthetic,-0.046428571428571375,0.0035714285714285587,0.04999999999999993,ATC-NE
Office31,resnet,cross_entropy,contrast_0.125,contrast,Synthetic,-0.042857142857142816,-0.005357142857142838,0.03749999999999998,ATC-NE
Office31,resnet,cross_entropy,contrast_0.15000000000000002,contrast,Synthetic,-0.04107142857142854,-0.005357142857142838,0.0357142857142857,ATC-NE
Office31,resnet,cross_entropy,contrast_0.17500000000000002,contrast,Synthetic,-0.0357142857142857,-0.014285714285714235,0.021428571428571463,ATC-NE
Office31,resnet,cross_entropy,contrast_0.2,contrast,Synthetic,-0.02499999999999991,-0.02857142857142858,0.0035714285714286698,ATC-NE
Office31,resnet,cross_entropy,contrast_0.225,contrast,Synthetic,-0.019642857142857073,-0.042857142857142816,0.023214285714285743,ATC-NE
Office31,resnet,cross_entropy,contrast_0.25,contrast,Synthetic,-0.012499999999999956,-0.04999999999999993,0.03749999999999998,ATC-NE
Office31,resnet,cross_entropy,contrast_0.275,contrast,Synthetic,-0.0035714285714285587,-0.05535714285714277,0.05178571428571421,ATC-NE
Office31,resnet,cross_entropy,contrast_0.30000000000000004,contrast,Synthetic,0.0071428571428572285,-0.05714285714285716,0.06428571428571439,ATC-NE
Office31,resnet,cross_entropy,contrast_0.325,contrast,Synthetic,0.019642857142857184,-0.06607142857142856,0.08571428571428574,ATC-NE
Office31,resnet,cross_entropy,contrast_0.35000000000000003,contrast,Synthetic,0.023214285714285743,-0.06607142857142856,0.0892857142857143,ATC-NE
Office31,resnet,cross_entropy,contrast_0.375,contrast,Synthetic,0.016071428571428625,-0.05892857142857144,0.07500000000000007,ATC-NE
Office31,resnet,cross_entropy,contrast_0.4,contrast,Synthetic,0.010714285714285787,-0.05714285714285716,0.06785714285714295,ATC-NE
Office31,resnet,cross_entropy,contrast_0.42500000000000004,contrast,Synthetic,0.0071428571428572285,-0.05535714285714277,0.0625,ATC-NE
Office31,resnet,cross_entropy,contrast_0.45,contrast,Synthetic,0.0017857142857142794,-0.05535714285714277,0.05714285714285705,ATC-NE
Office31,resnet,cross_entropy,contrast_0.47500000000000003,contrast,Synthetic,0.0,-0.05714285714285716,0.05714285714285716,ATC-NE
Office31,resnet,cross_entropy,contrast_0.5,contrast,Synthetic,-0.0017857142857142794,-0.05178571428571421,0.04999999999999993,ATC-NE
Office31,resnet,cross_entropy,dslr,Organic,Organic,0.45489631336405534,-0.20034562211981566,0.655241935483871,ATC-NE
Office31,resnet,cross_entropy,fog_0.025,fog,Synthetic,-0.046428571428571375,0.017857142857142905,0.06428571428571428,ATC-NE
Office31,resnet,cross_entropy,fog_0.05,fog,Synthetic,-0.046428571428571375,0.014285714285714346,0.06071428571428572,ATC-NE
Office31,resnet,cross_entropy,fog_0.07500000000000001,fog,Synthetic,-0.05714285714285716,0.021428571428571463,0.07857142857142863,ATC-NE
Office31,resnet,cross_entropy,fog_0.1,fog,Synthetic,-0.05357142857142849,0.025000000000000022,0.07857142857142851,ATC-NE
Office31,resnet,cross_entropy,fog_0.125,fog,Synthetic,-0.05357142857142849,0.025000000000000022,0.07857142857142851,ATC-NE
Office31,resnet,cross_entropy,fog_0.15000000000000002,fog,Synthetic,-0.06071428571428572,0.025000000000000022,0.08571428571428574,ATC-NE
Office31,resnet,cross_entropy,fog_0.17500000000000002,fog,Synthetic,-0.05714285714285716,0.014285714285714346,0.07142857142857151,ATC-NE
Office31,resnet,cross_entropy,fog_0.2,fog,Synthetic,-0.06071428571428572,0.017857142857142905,0.07857142857142863,ATC-NE
Office31,resnet,cross_entropy,fog_0.225,fog,Synthetic,-0.05714285714285716,0.014285714285714346,0.07142857142857151,ATC-NE
Office31,resnet,cross_entropy,fog_0.25,fog,Synthetic,-0.05714285714285716,0.0071428571428572285,0.06428571428571439,ATC-NE
Office31,resnet,cross_entropy,fog_0.275,fog,Synthetic,-0.05357142857142849,0.010714285714285787,0.06428571428571428,ATC-NE
Office31,resnet,cross_entropy,fog_0.30000000000000004,fog,Synthetic,-0.03928571428571426,-0.017857142857142794,0.021428571428571463,ATC-NE
Office31,resnet,cross_entropy,fog_0.325,fog,Synthetic,-0.0357142857142857,-0.014285714285714235,0.021428571428571463,ATC-NE
Office31,resnet,cross_entropy,fog_0.35000000000000003,fog,Synthetic,-0.03928571428571426,-0.021428571428571352,0.017857142857142905,ATC-NE
Office31,resnet,cross_entropy,fog_0.375,fog,Synthetic,-0.03928571428571426,-0.021428571428571352,0.017857142857142905,ATC-NE
Office31,resnet,cross_entropy,fog_0.4,fog,Synthetic,-0.03928571428571426,-0.010714285714285676,0.02857142857142858,ATC-NE
Office31,resnet,cross_entropy,fog_0.42500000000000004,fog,Synthetic,-0.042857142857142816,-0.010714285714285676,0.03214285714285714,ATC-NE
Office31,resnet,cross_entropy,fog_0.45,fog,Synthetic,-0.042857142857142816,-0.017857142857142794,0.025000000000000022,ATC-NE
Office31,resnet,cross_entropy,fog_0.47500000000000003,fog,Synthetic,-0.042857142857142816,-0.014285714285714235,0.02857142857142858,ATC-NE
Office31,resnet,cross_entropy,fog_0.5,fog,Synthetic,-0.042857142857142816,-0.010714285714285676,0.03214285714285714,ATC-NE
Office31,resnet,cross_entropy,hue_0.025,hue,Synthetic,-0.05357142857142849,0.017857142857142905,0.0714285714285714,ATC-NE
Office31,resnet,cross_entropy,hue_0.05,hue,Synthetic,-0.05357142857142849,0.0071428571428572285,0.06071428571428572,ATC-NE
Office31,resnet,cross_entropy,hue_0.07500000000000001,hue,Synthetic,-0.04999999999999993,0.0,0.04999999999999993,ATC-NE
Office31,resnet,cross_entropy,hue_0.1,hue,Synthetic,-0.04999999999999993,0.0,0.04999999999999993,ATC-NE
Office31,resnet,cross_entropy,hue_0.125,hue,Synthetic,-0.04999999999999993,-0.02499999999999991,0.025000000000000022,ATC-NE
Office31,resnet,cross_entropy,hue_0.15000000000000002,hue,Synthetic,-0.046428571428571375,-0.02857142857142858,0.017857142857142794,ATC-NE
Office31,resnet,cross_entropy,hue_0.17500000000000002,hue,Synthetic,-0.03928571428571426,-0.03214285714285714,0.0071428571428571175,ATC-NE
Office31,resnet,cross_entropy,hue_0.2,hue,Synthetic,-0.02857142857142858,-0.03928571428571426,0.010714285714285676,ATC-NE
Office31,resnet,cross_entropy,hue_0.225,hue,Synthetic,-0.021428571428571352,-0.05357142857142849,0.03214285714285714,ATC-NE
Office31,resnet,cross_entropy,hue_0.25,hue,Synthetic,-0.010714285714285676,-0.04999999999999993,0.03928571428571426,ATC-NE
Office31,resnet,cross_entropy,hue_0.275,hue,Synthetic,-0.010714285714285676,-0.046428571428571375,0.0357142857142857,ATC-NE
Office31,resnet,cross_entropy,hue_0.30000000000000004,hue,Synthetic,0.0035714285714285587,-0.05357142857142849,0.05714285714285705,ATC-NE
Office31,resnet,cross_entropy,hue_0.325,hue,Synthetic,0.0035714285714285587,-0.046428571428571375,0.04999999999999993,ATC-NE
Office31,resnet,cross_entropy,hue_0.35000000000000003,hue,Synthetic,0.0,-0.04999999999999993,0.04999999999999993,ATC-NE
Office31,resnet,cross_entropy,hue_0.375,hue,Synthetic,0.010714285714285787,-0.05357142857142849,0.06428571428571428,ATC-NE
Office31,resnet,cross_entropy,hue_0.4,hue,Synthetic,0.014285714285714346,-0.05357142857142849,0.06785714285714284,ATC-NE
Office31,resnet,cross_entropy,hue_0.42500000000000004,hue,Synthetic,0.010714285714285787,-0.05714285714285716,0.06785714285714295,ATC-NE
Office31,resnet,cross_entropy,hue_0.45,hue,Synthetic,0.010714285714285787,-0.05714285714285716,0.06785714285714295,ATC-NE
Office31,resnet,cross_entropy,hue_0.47500000000000003,hue,Synthetic,0.014285714285714346,-0.05357142857142849,0.06785714285714284,ATC-NE
Office31,resnet,cross_entropy,hue_0.5,hue,Synthetic,0.014285714285714346,-0.05357142857142849,0.06785714285714284,ATC-NE
Office31,resnet,cross_entropy,ind_test,ind_test,Organic,-0.06071428571428572,0.021428571428571463,0.08214285714285718,ATC-NE
Office31,resnet,cross_entropy,jpeg_0.025,jpeg,Synthetic,-0.05714285714285716,0.021428571428571463,0.07857142857142863,ATC-NE
Office31,resnet,cross_entropy,jpeg_0.05,jpeg,Synthetic,-0.05714285714285716,0.021428571428571463,0.07857142857142863,ATC-NE
Office31,resnet,cross_entropy,jpeg_0.07500000000000001,jpeg,Synthetic,-0.05714285714285716,0.025000000000000022,0.08214285714285718,ATC-NE
Office31,resnet,cross_entropy,jpeg_0.1,jpeg,Synthetic,-0.05714285714285716,0.025000000000000022,0.08214285714285718,ATC-NE
Office31,resnet,cross_entropy,jpeg_0.125,jpeg,Synthetic,-0.05714285714285716,0.025000000000000022,0.08214285714285718,ATC-NE
Office31,resnet,cross_entropy,jpeg_0.15000000000000002,jpeg,Synthetic,-0.05357142857142849,0.025000000000000022,0.07857142857142851,ATC-NE
Office31,resnet,cross_entropy,jpeg_0.17500000000000002,jpeg,Synthetic,-0.05714285714285716,0.025000000000000022,0.08214285714285718,ATC-NE
Office31,resnet,cross_entropy,jpeg_0.2,jpeg,Synthetic,-0.05357142857142849,0.025000000000000022,0.07857142857142851,ATC-NE
Office31,resnet,cross_entropy,jpeg_0.225,jpeg,Synthetic,-0.05357142857142849,0.021428571428571463,0.07499999999999996,ATC-NE
Office31,resnet,cross_entropy,jpeg_0.25,jpeg,Synthetic,-0.046428571428571375,0.021428571428571463,0.06785714285714284,ATC-NE
Office31,resnet,cross_entropy,jpeg_0.275,jpeg,Synthetic,-0.05357142857142849,0.025000000000000022,0.07857142857142851,ATC-NE
Office31,resnet,cross_entropy,jpeg_0.30000000000000004,jpeg,Synthetic,-0.04999999999999993,0.021428571428571463,0.0714285714285714,ATC-NE
Office31,resnet,cross_entropy,jpeg_0.325,jpeg,Synthetic,-0.05357142857142849,0.025000000000000022,0.07857142857142851,ATC-NE
Office31,resnet,cross_entropy,jpeg_0.35000000000000003,jpeg,Synthetic,-0.04999999999999993,0.021428571428571463,0.0714285714285714,ATC-NE
Office31,resnet,cross_entropy,jpeg_0.375,jpeg,Synthetic,-0.046428571428571375,0.017857142857142905,0.06428571428571428,ATC-NE
Office31,resnet,cross_entropy,jpeg_0.4,jpeg,Synthetic,-0.04999999999999993,0.017857142857142905,0.06785714285714284,ATC-NE
Office31,resnet,cross_entropy,jpeg_0.42500000000000004,jpeg,Synthetic,-0.04999999999999993,0.014285714285714346,0.06428571428571428,ATC-NE
Office31,resnet,cross_entropy,jpeg_0.45,jpeg,Synthetic,-0.04999999999999993,0.021428571428571463,0.0714285714285714,ATC-NE
Office31,resnet,cross_entropy,jpeg_0.47500000000000003,jpeg,Synthetic,-0.05357142857142849,0.010714285714285787,0.06428571428571428,ATC-NE
Office31,resnet,cross_entropy,jpeg_0.5,jpeg,Synthetic,-0.046428571428571375,0.025000000000000022,0.0714285714285714,ATC-NE
Office31,resnet,cross_entropy,multnoise_0.025,multnoise,Synthetic,0.10000000000000009,-0.1071428571428571,0.20714285714285718,ATC-NE
Office31,resnet,cross_entropy,multnoise_0.05,multnoise,Synthetic,0.37500000000000006,-0.1607142857142857,0.5357142857142858,ATC-NE
Office31,resnet,cross_entropy,multnoise_0.07500000000000001,multnoise,Synthetic,0.5785714285714286,-0.16785714285714282,0.7464285714285714,ATC-NE
Office31,resnet,cross_entropy,multnoise_0.1,multnoise,Synthetic,0.675,-0.11785714285714277,0.7928571428571428,ATC-NE
Office31,resnet,cross_entropy,multnoise_0.125,multnoise,Synthetic,0.7035714285714286,0.1785714285714286,0.525,ATC-NE
Office31,resnet,cross_entropy,multnoise_0.15000000000000002,multnoise,Synthetic,0.7178571428571429,0.4571428571428572,0.2607142857142857,ATC-NE
Office31,resnet,cross_entropy,multnoise_0.17500000000000002,multnoise,Synthetic,0.7285714285714286,0.6071428571428572,0.12142857142857144,ATC-NE
Office31,resnet,cross_entropy,multnoise_0.2,multnoise,Synthetic,0.7357142857142858,0.6571428571428571,0.07857142857142863,ATC-NE
Office31,resnet,cross_entropy,multnoise_0.225,multnoise,Synthetic,0.7357142857142858,0.6714285714285715,0.06428571428571428,ATC-NE
Office31,resnet,cross_entropy,multnoise_0.25,multnoise,Synthetic,0.7428571428571429,0.6857142857142857,0.05714285714285716,ATC-NE
Office31,resnet,cross_entropy,multnoise_0.275,multnoise,Synthetic,0.7392857142857143,0.7000000000000001,0.03928571428571426,ATC-NE
Office31,resnet,cross_entropy,multnoise_0.30000000000000004,multnoise,Synthetic,0.7428571428571429,0.7035714285714286,0.03928571428571426,ATC-NE
Office31,resnet,cross_entropy,multnoise_0.325,multnoise,Synthetic,0.7464285714285714,0.7071428571428572,0.03928571428571426,ATC-NE
Office31,resnet,cross_entropy,multnoise_0.35000000000000003,multnoise,Synthetic,0.7464285714285714,0.7107142857142857,0.0357142857142857,ATC-NE
Office31,resnet,cross_entropy,multnoise_0.375,multnoise,Synthetic,0.7464285714285714,0.7142857142857143,0.03214285714285714,ATC-NE
Office31,resnet,cross_entropy,multnoise_0.4,multnoise,Synthetic,0.7464285714285714,0.7178571428571429,0.02857142857142858,ATC-NE
Office31,resnet,cross_entropy,multnoise_0.42500000000000004,multnoise,Synthetic,0.7464285714285714,0.7285714285714286,0.017857142857142794,ATC-NE
Office31,resnet,cross_entropy,multnoise_0.45,multnoise,Synthetic,0.7464285714285714,0.7250000000000001,0.021428571428571352,ATC-NE
Office31,resnet,cross_entropy,multnoise_0.47500000000000003,multnoise,Synthetic,0.7464285714285714,0.7321428571428572,0.014285714285714235,ATC-NE
Office31,resnet,cross_entropy,multnoise_0.5,multnoise,Synthetic,0.7464285714285714,0.7392857142857143,0.0071428571428571175,ATC-NE
Office31,resnet,cross_entropy,noise_0.025,noise,Synthetic,0.046428571428571486,-0.09285714285714286,0.13928571428571435,ATC-NE
Office31,resnet,cross_entropy,noise_0.05,noise,Synthetic,0.275,-0.1428571428571428,0.4178571428571428,ATC-NE
Office31,resnet,cross_entropy,noise_0.07500000000000001,noise,Synthetic,0.5178571428571429,-0.17142857142857137,0.6892857142857143,ATC-NE
Office31,resnet,cross_entropy,noise_0.1,noise,Synthetic,0.6357142857142858,-0.18928571428571428,0.8250000000000001,ATC-NE
Office31,resnet,cross_entropy,noise_0.125,noise,Synthetic,0.6857142857142857,-0.19999999999999996,0.8857142857142857,ATC-NE
Office31,resnet,cross_entropy,noise_0.15000000000000002,noise,Synthetic,0.7142857142857143,-0.18928571428571428,0.9035714285714286,ATC-NE
Office31,resnet,cross_entropy,noise_0.17500000000000002,noise,Synthetic,0.7178571428571429,-0.17142857142857137,0.8892857142857142,ATC-NE
Office31,resnet,cross_entropy,noise_0.2,noise,Synthetic,0.7214285714285714,-0.12142857142857144,0.8428571428571429,ATC-NE
Office31,resnet,cross_entropy,noise_0.225,noise,Synthetic,0.7214285714285714,0.010714285714285787,0.7107142857142856,ATC-NE
Office31,resnet,cross_entropy,noise_0.25,noise,Synthetic,0.7178571428571429,0.275,0.44285714285714284,ATC-NE
Office31,resnet,cross_entropy,noise_0.275,noise,Synthetic,0.7250000000000001,0.5107142857142857,0.2142857142857144,ATC-NE
Office31,resnet,cross_entropy,noise_0.30000000000000004,noise,Synthetic,0.7357142857142858,0.6214285714285714,0.11428571428571432,ATC-NE
Office31,resnet,cross_entropy,noise_0.325,noise,Synthetic,0.7357142857142858,0.6785714285714286,0.05714285714285716,ATC-NE
Office31,resnet,cross_entropy,noise_0.35000000000000003,noise,Synthetic,0.7392857142857143,0.7035714285714286,0.0357142857142857,ATC-NE
Office31,resnet,cross_entropy,noise_0.375,noise,Synthetic,0.7392857142857143,0.7214285714285714,0.017857142857142905,ATC-NE
Office31,resnet,cross_entropy,noise_0.4,noise,Synthetic,0.7428571428571429,0.7357142857142858,0.0071428571428571175,ATC-NE
Office31,resnet,cross_entropy,noise_0.42500000000000004,noise,Synthetic,0.7428571428571429,0.7392857142857143,0.0035714285714285587,ATC-NE
Office31,resnet,cross_entropy,noise_0.45,noise,Synthetic,0.7428571428571429,0.7392857142857143,0.0035714285714285587,ATC-NE
Office31,resnet,cross_entropy,noise_0.47500000000000003,noise,Synthetic,0.7464285714285714,0.75,0.0035714285714285587,ATC-NE
Office31,resnet,cross_entropy,noise_0.5,noise,Synthetic,0.7464285714285714,0.75,0.0035714285714285587,ATC-NE
Office31,resnet,cross_entropy,saltpepper_0.025,saltpepper,Synthetic,0.7178571428571429,-0.125,0.8428571428571429,ATC-NE
Office31,resnet,cross_entropy,saltpepper_0.05,saltpepper,Synthetic,0.7178571428571429,-0.04999999999999993,0.7678571428571428,ATC-NE
Office31,resnet,cross_entropy,saltpepper_0.07500000000000001,saltpepper,Synthetic,0.7214285714285714,0.13214285714285723,0.5892857142857142,ATC-NE
Office31,resnet,cross_entropy,saltpepper_0.1,saltpepper,Synthetic,0.7250000000000001,0.3928571428571429,0.3321428571428572,ATC-NE
Office31,resnet,cross_entropy,saltpepper_0.125,saltpepper,Synthetic,0.7250000000000001,0.6428571428571429,0.08214285714285718,ATC-NE
Office31,resnet,cross_entropy,saltpepper_0.15000000000000002,saltpepper,Synthetic,0.7250000000000001,0.7250000000000001,0.0,ATC-NE
Office31,resnet,cross_entropy,saltpepper_0.17500000000000002,saltpepper,Synthetic,0.7214285714285714,0.7357142857142858,0.014285714285714346,ATC-NE
Office31,resnet,cross_entropy,saltpepper_0.2,saltpepper,Synthetic,0.7250000000000001,0.7464285714285714,0.021428571428571352,ATC-NE
Office31,resnet,cross_entropy,saltpepper_0.225,saltpepper,Synthetic,0.7392857142857143,0.7535714285714286,0.014285714285714235,ATC-NE
Office31,resnet,cross_entropy,saltpepper_0.25,saltpepper,Synthetic,0.7392857142857143,0.7571428571428572,0.017857142857142905,ATC-NE
Office31,resnet,cross_entropy,saltpepper_0.275,saltpepper,Synthetic,0.7392857142857143,0.7535714285714286,0.014285714285714235,ATC-NE
Office31,resnet,cross_entropy,saltpepper_0.30000000000000004,saltpepper,Synthetic,0.7428571428571429,0.7642857142857143,0.021428571428571463,ATC-NE
Office31,resnet,cross_entropy,saltpepper_0.325,saltpepper,Synthetic,0.7428571428571429,0.7642857142857143,0.021428571428571463,ATC-NE
Office31,resnet,cross_entropy,saltpepper_0.35000000000000003,saltpepper,Synthetic,0.7428571428571429,0.7642857142857143,0.021428571428571463,ATC-NE
Office31,resnet,cross_entropy,saltpepper_0.375,saltpepper,Synthetic,0.7464285714285714,0.7642857142857143,0.017857142857142905,ATC-NE
Office31,resnet,cross_entropy,saltpepper_0.4,saltpepper,Synthetic,0.7428571428571429,0.7642857142857143,0.021428571428571463,ATC-NE
Office31,resnet,cross_entropy,saltpepper_0.42500000000000004,saltpepper,Synthetic,0.7428571428571429,0.7642857142857143,0.021428571428571463,ATC-NE
Office31,resnet,cross_entropy,saltpepper_0.45,saltpepper,Synthetic,0.75,0.7607142857142858,0.010714285714285787,ATC-NE
Office31,resnet,cross_entropy,saltpepper_0.47500000000000003,saltpepper,Synthetic,0.7428571428571429,0.7607142857142858,0.017857142857142905,ATC-NE
Office31,resnet,cross_entropy,saltpepper_0.5,saltpepper,Synthetic,0.7464285714285714,0.7607142857142858,0.014285714285714346,ATC-NE
Office31,resnet,cross_entropy,smear_0.025,smear,Synthetic,-0.04999999999999993,0.0071428571428572285,0.05714285714285716,ATC-NE
Office31,resnet,cross_entropy,smear_0.05,smear,Synthetic,-0.03214285714285714,0.0,0.03214285714285714,ATC-NE
Office31,resnet,cross_entropy,smear_0.07500000000000001,smear,Synthetic,-0.046428571428571375,-0.017857142857142794,0.02857142857142858,ATC-NE
Office31,resnet,cross_entropy,smear_0.1,smear,Synthetic,-0.046428571428571375,-0.0035714285714285587,0.042857142857142816,ATC-NE
Office31,resnet,cross_entropy,smear_0.125,smear,Synthetic,-0.02499999999999991,-0.0071428571428571175,0.017857142857142794,ATC-NE
Office31,resnet,cross_entropy,smear_0.15000000000000002,smear,Synthetic,-0.03214285714285714,-0.010714285714285676,0.021428571428571463,ATC-NE
Office31,resnet,cross_entropy,smear_0.17500000000000002,smear,Synthetic,-0.014285714285714235,-0.021428571428571352,0.0071428571428571175,ATC-NE
Office31,resnet,cross_entropy,smear_0.2,smear,Synthetic,-0.017857142857142794,-0.03214285714285714,0.014285714285714346,ATC-NE
Office31,resnet,cross_entropy,smear_0.225,smear,Synthetic,-0.017857142857142794,-0.06785714285714284,0.050000000000000044,ATC-NE
Office31,resnet,cross_entropy,smear_0.25,smear,Synthetic,-0.02499999999999991,-0.08214285714285707,0.05714285714285716,ATC-NE
Office31,resnet,cross_entropy,smear_0.275,smear,Synthetic,-0.014285714285714235,-0.09285714285714286,0.07857142857142863,ATC-NE
Office31,resnet,cross_entropy,smear_0.30000000000000004,smear,Synthetic,-0.0035714285714285587,-0.10357142857142854,0.09999999999999998,ATC-NE
Office31,resnet,cross_entropy,smear_0.325,smear,Synthetic,0.0071428571428572285,-0.13214285714285712,0.13928571428571435,ATC-NE
Office31,resnet,cross_entropy,smear_0.35000000000000003,smear,Synthetic,0.010714285714285787,-0.13928571428571423,0.15000000000000002,ATC-NE
Office31,resnet,cross_entropy,smear_0.375,smear,Synthetic,0.02857142857142858,-0.1428571428571428,0.17142857142857137,ATC-NE
Office31,resnet,cross_entropy,smear_0.4,smear,Synthetic,0.0357142857142857,-0.14642857142857135,0.18214285714285705,ATC-NE
Office31,resnet,cross_entropy,smear_0.42500000000000004,smear,Synthetic,0.03928571428571437,-0.1607142857142857,0.20000000000000007,ATC-NE
Office31,resnet,cross_entropy,smear_0.45,smear,Synthetic,0.0535714285714286,-0.17142857142857137,0.22499999999999998,ATC-NE
Office31,resnet,cross_entropy,smear_0.47500000000000003,smear,Synthetic,0.050000000000000044,-0.17142857142857137,0.22142857142857142,ATC-NE
Office31,resnet,cross_entropy,smear_0.5,smear,Synthetic,0.07857142857142863,-0.18571428571428572,0.26428571428571435,ATC-NE
Office31,resnet,cross_entropy,webcam,Organic,Organic,0.5024891774891775,-0.2134199134199134,0.7159090909090909,ATC-NE
Office31,vit,softmax,brightness_0.025,brightness,Synthetic,0.010714285714285676,0.01785714285714285,0.007142857142857173,ATC-MC
Office31,vit,softmax,brightness_0.05,brightness,Synthetic,0.0071428571428571175,0.024999999999999967,0.01785714285714285,ATC-MC
Office31,vit,softmax,brightness_0.07500000000000001,brightness,Synthetic,0.06785714285714284,0.02857142857142858,0.03928571428571426,ATC-MC
Office31,vit,softmax,brightness_0.1,brightness,Synthetic,0.03928571428571426,0.021428571428571408,0.01785714285714285,ATC-MC
Office31,vit,softmax,brightness_0.125,brightness,Synthetic,0.04999999999999999,0.021428571428571408,0.02857142857142858,ATC-MC
Office31,vit,softmax,brightness_0.15000000000000002,brightness,Synthetic,0.06071428571428572,0.021428571428571408,0.03928571428571431,ATC-MC
Office31,vit,softmax,brightness_0.17500000000000002,brightness,Synthetic,0.09642857142857142,0.06071428571428572,0.0357142857142857,ATC-MC
Office31,vit,softmax,brightness_0.2,brightness,Synthetic,0.12857142857142856,0.024999999999999967,0.10357142857142859,ATC-MC
Office31,vit,softmax,brightness_0.225,brightness,Synthetic,0.10714285714285715,0.07500000000000001,0.03214285714285714,ATC-MC
Office31,vit,softmax,brightness_0.25,brightness,Synthetic,0.11428571428571427,0.06428571428571428,0.04999999999999999,ATC-MC
Office31,vit,softmax,brightness_0.275,brightness,Synthetic,0.07500000000000001,0.04285714285714287,0.03214285714285714,ATC-MC
Office31,vit,softmax,brightness_0.30000000000000004,brightness,Synthetic,0.11428571428571427,0.04642857142857143,0.06785714285714284,ATC-MC
Office31,vit,softmax,brightness_0.325,brightness,Synthetic,0.11785714285714283,0.05357142857142855,0.06428571428571428,ATC-MC
Office31,vit,softmax,brightness_0.35000000000000003,brightness,Synthetic,0.12142857142857144,0.01428571428571429,0.10714285714285715,ATC-MC
Office31,vit,softmax,brightness_0.375,brightness,Synthetic,0.1357142857142857,0.057142857142857106,0.0785714285714286,ATC-MC
Office31,vit,softmax,brightness_0.4,brightness,Synthetic,0.15,0.02857142857142858,0.12142857142857141,ATC-MC
Office31,vit,softmax,brightness_0.42500000000000004,brightness,Synthetic,0.1357142857142857,0.06785714285714284,0.06785714285714287,ATC-MC
Office31,vit,softmax,brightness_0.45,brightness,Synthetic,0.07857142857142857,0.0714285714285714,0.007142857142857173,ATC-MC
Office31,vit,softmax,brightness_0.47500000000000003,brightness,Synthetic,0.11071428571428571,0.08214285714285713,0.02857142857142858,ATC-MC
Office31,vit,softmax,brightness_0.5,brightness,Synthetic,0.10714285714285715,0.024999999999999967,0.08214285714285718,ATC-MC
Office31,vit,softmax,contrast_0.025,contrast,Synthetic,0.02857142857142858,0.021428571428571408,0.007142857142857173,ATC-MC
Office31,vit,softmax,contrast_0.05,contrast,Synthetic,0.023214285714285687,0.03749999999999998,0.01428571428571429,ATC-MC
Office31,vit,softmax,contrast_0.07500000000000001,contrast,Synthetic,0.021428571428571408,0.03035714285714286,0.008928571428571452,ATC-MC
Office31,vit,softmax,contrast_0.1,contrast,Synthetic,0.03392857142857142,0.05535714285714283,0.021428571428571408,ATC-MC
Office31,vit,softmax,contrast_0.125,contrast,Synthetic,0.04464285714285715,0.03749999999999998,0.007142857142857173,ATC-MC
Office31,vit,softmax,contrast_0.15000000000000002,contrast,Synthetic,0.057142857142857106,0.03749999999999998,0.01964285714285713,ATC-MC
Office31,vit,softmax,contrast_0.17500000000000002,contrast,Synthetic,0.05178571428571427,0.05357142857142855,0.0017857142857142794,ATC-MC
Office31,vit,softmax,contrast_0.2,contrast,Synthetic,0.07500000000000001,0.05178571428571427,0.023214285714285743,ATC-MC
Office31,vit,softmax,contrast_0.225,contrast,Synthetic,0.03749999999999998,0.04642857142857143,0.008928571428571452,ATC-MC
Office31,vit,softmax,contrast_0.25,contrast,Synthetic,0.08214285714285713,0.023214285714285687,0.05892857142857144,ATC-MC
Office31,vit,softmax,contrast_0.275,contrast,Synthetic,0.0714285714285714,0.05535714285714283,0.01607142857142857,ATC-MC
Office31,vit,softmax,contrast_0.30000000000000004,contrast,Synthetic,0.09285714285714286,0.05357142857142855,0.03928571428571431,ATC-MC
Office31,vit,softmax,contrast_0.325,contrast,Synthetic,0.0625,0.06607142857142856,0.0035714285714285587,ATC-MC
Office31,vit,softmax,contrast_0.35000000000000003,contrast,Synthetic,0.08571428571428569,0.03749999999999998,0.04821428571428571,ATC-MC
Office31,vit,softmax,contrast_0.375,contrast,Synthetic,0.08035714285714285,0.04999999999999999,0.03035714285714286,ATC-MC
Office31,vit,softmax,contrast_0.4,contrast,Synthetic,0.0982142857142857,0.0982142857142857,0.0,ATC-MC
Office31,vit,softmax,contrast_0.42500000000000004,contrast,Synthetic,0.06964285714285712,0.057142857142857106,0.012500000000000011,ATC-MC
Office31,vit,softmax,contrast_0.45,contrast,Synthetic,0.08392857142857141,0.0357142857142857,0.04821428571428571,ATC-MC
Office31,vit,softmax,contrast_0.47500000000000003,contrast,Synthetic,0.08214285714285713,0.05178571428571427,0.03035714285714286,ATC-MC
Office31,vit,softmax,contrast_0.5,contrast,Synthetic,0.07857142857142857,0.06071428571428572,0.01785714285714285,ATC-MC
Office31,vit,softmax,dslr,Organic,Organic,0.30599078341013825,0.0640552995391705,0.24193548387096775,ATC-MC
Office31,vit,softmax,fog_0.025,fog,Synthetic,0.11428571428571427,0.08928571428571425,0.025000000000000022,ATC-MC
Office31,vit,softmax,fog_0.05,fog,Synthetic,0.11428571428571427,0.09999999999999998,0.01428571428571429,ATC-MC
Office31,vit,softmax,fog_0.07500000000000001,fog,Synthetic,0.08214285714285713,0.08571428571428569,0.0035714285714285587,ATC-MC
Office31,vit,softmax,fog_0.1,fog,Synthetic,0.13928571428571426,0.08928571428571425,0.05000000000000002,ATC-MC
Office31,vit,softmax,fog_0.125,fog,Synthetic,0.10714285714285715,0.03214285714285714,0.07500000000000001,ATC-MC
Office31,vit,softmax,fog_0.15000000000000002,fog,Synthetic,0.0714285714285714,0.04285714285714287,0.028571428571428525,ATC-MC
Office31,vit,softmax,fog_0.17500000000000002,fog,Synthetic,0.09285714285714286,0.09285714285714286,0.0,ATC-MC
Office31,vit,softmax,fog_0.2,fog,Synthetic,0.09999999999999998,0.04285714285714287,0.057142857142857106,ATC-MC
Office31,vit,softmax,fog_0.225,fog,Synthetic,0.125,0.08571428571428569,0.03928571428571431,ATC-MC
Office31,vit,softmax,fog_0.25,fog,Synthetic,0.11428571428571427,0.04999999999999999,0.06428571428571428,ATC-MC
Office31,vit,softmax,fog_0.275,fog,Synthetic,0.13928571428571426,0.057142857142857106,0.08214285714285716,ATC-MC
Office31,vit,softmax,fog_0.30000000000000004,fog,Synthetic,0.09642857142857142,0.057142857142857106,0.03928571428571431,ATC-MC
Office31,vit,softmax,fog_0.325,fog,Synthetic,0.09999999999999998,0.04642857142857143,0.05357142857142855,ATC-MC
Office31,vit,softmax,fog_0.35000000000000003,fog,Synthetic,0.08571428571428569,0.09642857142857142,0.010714285714285732,ATC-MC
Office31,vit,softmax,fog_0.375,fog,Synthetic,0.11785714285714283,0.09999999999999998,0.01785714285714285,ATC-MC
Office31,vit,softmax,fog_0.4,fog,Synthetic,0.12142857142857144,0.10357142857142854,0.017857142857142905,ATC-MC
Office31,vit,softmax,fog_0.42500000000000004,fog,Synthetic,0.09999999999999998,0.08571428571428569,0.01428571428571429,ATC-MC
Office31,vit,softmax,fog_0.45,fog,Synthetic,0.125,0.12857142857142856,0.0035714285714285587,ATC-MC
Office31,vit,softmax,fog_0.47500000000000003,fog,Synthetic,0.10714285714285715,0.057142857142857106,0.050000000000000044,ATC-MC
Office31,vit,softmax,fog_0.5,fog,Synthetic,0.13214285714285712,0.0714285714285714,0.06071428571428572,ATC-MC
Office31,vit,softmax,hue_0.025,hue,Synthetic,0.03214285714285714,0.02857142857142858,0.0035714285714285587,ATC-MC
Office31,vit,softmax,hue_0.05,hue,Synthetic,0.01428571428571429,0.03214285714285714,0.01785714285714285,ATC-MC
Office31,vit,softmax,hue_0.07500000000000001,hue,Synthetic,0.04285714285714287,0.0357142857142857,0.007142857142857173,ATC-MC
Office31,vit,softmax,hue_0.1,hue,Synthetic,0.0357142857142857,0.04999999999999999,0.01428571428571429,ATC-MC
Office31,vit,softmax,hue_0.125,hue,Synthetic,0.08214285714285713,0.03928571428571426,0.04285714285714287,ATC-MC
Office31,vit,softmax,hue_0.15000000000000002,hue,Synthetic,0.0714285714285714,0.03214285714285714,0.03928571428571426,ATC-MC
Office31,vit,softmax,hue_0.17500000000000002,hue,Synthetic,0.07500000000000001,0.06785714285714284,0.007142857142857173,ATC-MC
Office31,vit,softmax,hue_0.2,hue,Synthetic,0.057142857142857106,0.04999999999999999,0.0071428571428571175,ATC-MC
Office31,vit,softmax,hue_0.225,hue,Synthetic,0.06428571428571428,0.04285714285714287,0.021428571428571408,ATC-MC
Office31,vit,softmax,hue_0.25,hue,Synthetic,0.06071428571428572,0.06428571428571428,0.0035714285714285587,ATC-MC
Office31,vit,softmax,hue_0.275,hue,Synthetic,0.08214285714285713,0.06428571428571428,0.01785714285714285,ATC-MC
Office31,vit,softmax,hue_0.30000000000000004,hue,Synthetic,0.08214285714285713,0.03214285714285714,0.04999999999999999,ATC-MC
Office31,vit,softmax,hue_0.325,hue,Synthetic,0.03928571428571426,0.0714285714285714,0.03214285714285714,ATC-MC
Office31,vit,softmax,hue_0.35000000000000003,hue,Synthetic,0.0714285714285714,0.057142857142857106,0.01428571428571429,ATC-MC
Office31,vit,softmax,hue_0.375,hue,Synthetic,0.057142857142857106,0.0071428571428571175,0.04999999999999999,ATC-MC
Office31,vit,softmax,hue_0.4,hue,Synthetic,0.09285714285714286,0.05357142857142855,0.03928571428571431,ATC-MC
Office31,vit,softmax,hue_0.42500000000000004,hue,Synthetic,0.07500000000000001,0.06071428571428572,0.01428571428571429,ATC-MC
Office31,vit,softmax,hue_0.45,hue,Synthetic,0.06785714285714284,0.0714285714285714,0.0035714285714285587,ATC-MC
Office31,vit,softmax,hue_0.47500000000000003,hue,Synthetic,0.09285714285714286,0.03214285714285714,0.06071428571428572,ATC-MC
Office31,vit,softmax,hue_0.5,hue,Synthetic,0.07500000000000001,0.02857142857142858,0.04642857142857143,ATC-MC
Office31,vit,softmax,ind_test,ind_test,Organic,0.01785714285714285,0.01428571428571429,0.0035714285714285587,ATC-MC
Office31,vit,softmax,jpeg_0.025,jpeg,Synthetic,0.0071428571428571175,0.010714285714285676,0.0035714285714285587,ATC-MC
Office31,vit,softmax,jpeg_0.05,jpeg,Synthetic,0.0071428571428571175,0.010714285714285676,0.0035714285714285587,ATC-MC
Office31,vit,softmax,jpeg_0.07500000000000001,jpeg,Synthetic,0.010714285714285676,0.01428571428571429,0.0035714285714286143,ATC-MC
Office31,vit,softmax,jpeg_0.1,jpeg,Synthetic,0.010714285714285676,0.010714285714285676,0.0,ATC-MC
Office31,vit,softmax,jpeg_0.125,jpeg,Synthetic,0.010714285714285676,0.01428571428571429,0.0035714285714286143,ATC-MC
Office31,vit,softmax,jpeg_0.15000000000000002,jpeg,Synthetic,0.01428571428571429,0.01785714285714285,0.0035714285714285587,ATC-MC
Office31,vit,softmax,jpeg_0.17500000000000002,jpeg,Synthetic,0.01428571428571429,0.024999999999999967,0.010714285714285676,ATC-MC
Office31,vit,softmax,jpeg_0.2,jpeg,Synthetic,0.0071428571428571175,0.021428571428571408,0.01428571428571429,ATC-MC
Office31,vit,softmax,jpeg_0.225,jpeg,Synthetic,0.0071428571428571175,0.021428571428571408,0.01428571428571429,ATC-MC
Office31,vit,softmax,jpeg_0.25,jpeg,Synthetic,0.0035714285714285587,0.01785714285714285,0.01428571428571429,ATC-MC
Office31,vit,softmax,jpeg_0.275,jpeg,Synthetic,0.010714285714285676,0.01428571428571429,0.0035714285714286143,ATC-MC
Office31,vit,softmax,jpeg_0.30000000000000004,jpeg,Synthetic,0.0035714285714285587,0.01428571428571429,0.010714285714285732,ATC-MC
Office31,vit,softmax,jpeg_0.325,jpeg,Synthetic,0.0035714285714285587,0.021428571428571408,0.01785714285714285,ATC-MC
Office31,vit,softmax,jpeg_0.35000000000000003,jpeg,Synthetic,0.01428571428571429,0.024999999999999967,0.010714285714285676,ATC-MC
Office31,vit,softmax,jpeg_0.375,jpeg,Synthetic,0.01428571428571429,0.03214285714285714,0.01785714285714285,ATC-MC
Office31,vit,softmax,jpeg_0.4,jpeg,Synthetic,0.0071428571428571175,0.01785714285714285,0.010714285714285732,ATC-MC
Office31,vit,softmax,jpeg_0.42500000000000004,jpeg,Synthetic,0.0071428571428571175,0.01785714285714285,0.010714285714285732,ATC-MC
Office31,vit,softmax,jpeg_0.45,jpeg,Synthetic,0.0035714285714285587,0.01428571428571429,0.010714285714285732,ATC-MC
Office31,vit,softmax,jpeg_0.47500000000000003,jpeg,Synthetic,0.010714285714285676,0.01785714285714285,0.007142857142857173,ATC-MC
Office31,vit,softmax,jpeg_0.5,jpeg,Synthetic,0.010714285714285676,0.024999999999999967,0.01428571428571429,ATC-MC
Office31,vit,softmax,multnoise_0.025,multnoise,Synthetic,0.01428571428571429,0.03928571428571426,0.024999999999999967,ATC-MC
Office31,vit,softmax,multnoise_0.05,multnoise,Synthetic,0.024999999999999967,0.04285714285714287,0.017857142857142905,ATC-MC
Office31,vit,softmax,multnoise_0.07500000000000001,multnoise,Synthetic,0.03214285714285714,0.06071428571428572,0.02857142857142858,ATC-MC
Office31,vit,softmax,multnoise_0.1,multnoise,Synthetic,0.0357142857142857,0.07500000000000001,0.03928571428571431,ATC-MC
Office31,vit,softmax,multnoise_0.125,multnoise,Synthetic,0.04285714285714287,0.08214285714285713,0.03928571428571426,ATC-MC
Office31,vit,softmax,multnoise_0.15000000000000002,multnoise,Synthetic,0.06071428571428572,0.10714285714285715,0.04642857142857143,ATC-MC
Office31,vit,softmax,multnoise_0.17500000000000002,multnoise,Synthetic,0.12857142857142856,0.11785714285714283,0.010714285714285732,ATC-MC
Office31,vit,softmax,multnoise_0.2,multnoise,Synthetic,0.1607142857142857,0.16785714285714284,0.007142857142857145,ATC-MC
Office31,vit,softmax,multnoise_0.225,multnoise,Synthetic,0.20714285714285713,0.20357142857142857,0.0035714285714285587,ATC-MC
Office31,vit,softmax,multnoise_0.25,multnoise,Synthetic,0.2357142857142857,0.25,0.01428571428571429,ATC-MC
Office31,vit,softmax,multnoise_0.275,multnoise,Synthetic,0.23928571428571427,0.2607142857142857,0.021428571428571408,ATC-MC
Office31,vit,softmax,multnoise_0.30000000000000004,multnoise,Synthetic,0.25357142857142856,0.27499999999999997,0.021428571428571408,ATC-MC
Office31,vit,softmax,multnoise_0.325,multnoise,Synthetic,0.2571428571428571,0.2642857142857143,0.007142857142857173,ATC-MC
Office31,vit,softmax,multnoise_0.35000000000000003,multnoise,Synthetic,0.2714285714285714,0.2571428571428571,0.01428571428571429,ATC-MC
Office31,vit,softmax,multnoise_0.375,multnoise,Synthetic,0.26785714285714285,0.25357142857142856,0.01428571428571429,ATC-MC
Office31,vit,softmax,multnoise_0.4,multnoise,Synthetic,0.28214285714285714,0.25357142857142856,0.02857142857142858,ATC-MC
Office31,vit,softmax,multnoise_0.42500000000000004,multnoise,Synthetic,0.2857142857142857,0.25,0.0357142857142857,ATC-MC
Office31,vit,softmax,multnoise_0.45,multnoise,Synthetic,0.2928571428571428,0.2571428571428571,0.0357142857142857,ATC-MC
Office31,vit,softmax,multnoise_0.47500000000000003,multnoise,Synthetic,0.2928571428571428,0.25357142857142856,0.03928571428571426,ATC-MC
Office31,vit,softmax,multnoise_0.5,multnoise,Synthetic,0.2928571428571428,0.25357142857142856,0.03928571428571426,ATC-MC
Office31,vit,softmax,noise_0.025,noise,Synthetic,0.024999999999999967,0.021428571428571408,0.0035714285714285587,ATC-MC
Office31,vit,softmax,noise_0.05,noise,Synthetic,0.01428571428571429,0.021428571428571408,0.0071428571428571175,ATC-MC
Office31,vit,softmax,noise_0.07500000000000001,noise,Synthetic,0.02857142857142858,0.04642857142857143,0.01785714285714285,ATC-MC
Office31,vit,softmax,noise_0.1,noise,Synthetic,0.024999999999999967,0.04999999999999999,0.025000000000000022,ATC-MC
Office31,vit,softmax,noise_0.125,noise,Synthetic,0.04999999999999999,0.04285714285714287,0.0071428571428571175,ATC-MC
Office31,vit,softmax,noise_0.15000000000000002,noise,Synthetic,0.05357142857142855,0.0357142857142857,0.01785714285714285,ATC-MC
Office31,vit,softmax,noise_0.17500000000000002,noise,Synthetic,0.06071428571428572,0.04285714285714287,0.01785714285714285,ATC-MC
Office31,vit,softmax,noise_0.2,noise,Synthetic,0.08214285714285713,0.05357142857142855,0.02857142857142858,ATC-MC
Office31,vit,softmax,noise_0.225,noise,Synthetic,0.09285714285714286,0.0714285714285714,0.021428571428571463,ATC-MC
Office31,vit,softmax,noise_0.25,noise,Synthetic,0.10357142857142854,0.10714285714285715,0.0035714285714286143,ATC-MC
Office31,vit,softmax,noise_0.275,noise,Synthetic,0.1464285714285714,0.1357142857142857,0.010714285714285704,ATC-MC
Office31,vit,softmax,noise_0.30000000000000004,noise,Synthetic,0.175,0.1607142857142857,0.01428571428571429,ATC-MC
Office31,vit,softmax,noise_0.325,noise,Synthetic,0.19999999999999998,0.1607142857142857,0.039285714285714285,ATC-MC
Office31,vit,softmax,noise_0.35000000000000003,noise,Synthetic,0.23928571428571427,0.1607142857142857,0.07857142857142857,ATC-MC
Office31,vit,softmax,noise_0.375,noise,Synthetic,0.25357142857142856,0.175,0.07857142857142857,ATC-MC
Office31,vit,softmax,noise_0.4,noise,Synthetic,0.2714285714285714,0.1714285714285714,0.1,ATC-MC
Office31,vit,softmax,noise_0.42500000000000004,noise,Synthetic,0.2785714285714286,0.20714285714285713,0.07142857142857145,ATC-MC
Office31,vit,softmax,noise_0.45,noise,Synthetic,0.2785714285714286,0.2357142857142857,0.04285714285714287,ATC-MC
Office31,vit,softmax,noise_0.47500000000000003,noise,Synthetic,0.2714285714285714,0.25,0.021428571428571408,ATC-MC
Office31,vit,softmax,noise_0.5,noise,Synthetic,0.2857142857142857,0.2714285714285714,0.01428571428571429,ATC-MC
Office31,vit,softmax,saltpepper_0.025,saltpepper,Synthetic,0.22857142857142856,0.01785714285714285,0.21071428571428572,ATC-MC
Office31,vit,softmax,saltpepper_0.05,saltpepper,Synthetic,0.22857142857142856,0.03214285714285714,0.19642857142857142,ATC-MC
Office31,vit,softmax,saltpepper_0.07500000000000001,saltpepper,Synthetic,0.2464285714285714,0.04999999999999999,0.19642857142857142,ATC-MC
Office31,vit,softmax,saltpepper_0.1,saltpepper,Synthetic,0.25357142857142856,0.0714285714285714,0.18214285714285716,ATC-MC
Office31,vit,softmax,saltpepper_0.125,saltpepper,Synthetic,0.2607142857142857,0.06785714285714284,0.19285714285714284,ATC-MC
Office31,vit,softmax,saltpepper_0.15000000000000002,saltpepper,Synthetic,0.2642857142857143,0.05357142857142855,0.21071428571428574,ATC-MC
Office31,vit,softmax,saltpepper_0.17500000000000002,saltpepper,Synthetic,0.26785714285714285,0.09285714285714286,0.175,ATC-MC
Office31,vit,softmax,saltpepper_0.2,saltpepper,Synthetic,0.2642857142857143,0.09285714285714286,0.17142857142857143,ATC-MC
Office31,vit,softmax,saltpepper_0.225,saltpepper,Synthetic,0.26785714285714285,0.10714285714285715,0.1607142857142857,ATC-MC
Office31,vit,softmax,saltpepper_0.25,saltpepper,Synthetic,0.2642857142857143,0.08928571428571425,0.17500000000000004,ATC-MC
Office31,vit,softmax,saltpepper_0.275,saltpepper,Synthetic,0.26785714285714285,0.08571428571428569,0.18214285714285716,ATC-MC
Office31,vit,softmax,saltpepper_0.30000000000000004,saltpepper,Synthetic,0.2714285714285714,0.0714285714285714,0.2,ATC-MC
Office31,vit,softmax,saltpepper_0.325,saltpepper,Synthetic,0.2642857142857143,0.05357142857142855,0.21071428571428574,ATC-MC
Office31,vit,softmax,saltpepper_0.35000000000000003,saltpepper,Synthetic,0.2642857142857143,0.07500000000000001,0.18928571428571428,ATC-MC
Office31,vit,softmax,saltpepper_0.375,saltpepper,Synthetic,0.2714285714285714,0.06428571428571428,0.20714285714285713,ATC-MC
Office31,vit,softmax,saltpepper_0.4,saltpepper,Synthetic,0.2785714285714286,0.10357142857142854,0.17500000000000004,ATC-MC
Office31,vit,softmax,saltpepper_0.42500000000000004,saltpepper,Synthetic,0.27499999999999997,0.09999999999999998,0.175,ATC-MC
Office31,vit,softmax,saltpepper_0.45,saltpepper,Synthetic,0.2785714285714286,0.13214285714285712,0.14642857142857146,ATC-MC
Office31,vit,softmax,saltpepper_0.47500000000000003,saltpepper,Synthetic,0.29642857142857143,0.1357142857142857,0.16071428571428573,ATC-MC
Office31,vit,softmax,saltpepper_0.5,saltpepper,Synthetic,0.28214285714285714,0.175,0.10714285714285715,ATC-MC
Office31,vit,softmax,smear_0.025,smear,Synthetic,0.01428571428571429,0.021428571428571408,0.0071428571428571175,ATC-MC
Office31,vit,softmax,smear_0.05,smear,Synthetic,0.0,0.02857142857142858,0.02857142857142858,ATC-MC
Office31,vit,softmax,smear_0.07500000000000001,smear,Synthetic,0.0357142857142857,0.01428571428571429,0.021428571428571408,ATC-MC
Office31,vit,softmax,smear_0.1,smear,Synthetic,0.0,0.0071428571428571175,0.0071428571428571175,ATC-MC
Office31,vit,softmax,smear_0.125,smear,Synthetic,0.0035714285714285587,0.01785714285714285,0.01428571428571429,ATC-MC
Office31,vit,softmax,smear_0.15000000000000002,smear,Synthetic,0.021428571428571408,0.0035714285714285587,0.01785714285714285,ATC-MC
Office31,vit,softmax,smear_0.17500000000000002,smear,Synthetic,0.01428571428571429,0.01428571428571429,0.0,ATC-MC
Office31,vit,softmax,smear_0.2,smear,Synthetic,0.04642857142857143,-0.0035714285714285587,0.04999999999999999,ATC-MC
Office31,vit,softmax,smear_0.225,smear,Synthetic,-0.007142857142857173,0.02857142857142858,0.035714285714285754,ATC-MC
Office31,vit,softmax,smear_0.25,smear,Synthetic,0.0357142857142857,-0.007142857142857173,0.04285714285714287,ATC-MC
Office31,vit,softmax,smear_0.275,smear,Synthetic,0.04285714285714287,0.0357142857142857,0.007142857142857173,ATC-MC
Office31,vit,softmax,smear_0.30000000000000004,smear,Synthetic,0.06785714285714284,0.01428571428571429,0.05357142857142855,ATC-MC
Office31,vit,softmax,smear_0.325,smear,Synthetic,0.024999999999999967,0.06071428571428572,0.035714285714285754,ATC-MC
Office31,vit,softmax,smear_0.35000000000000003,smear,Synthetic,0.04285714285714287,0.03214285714285714,0.010714285714285732,ATC-MC
Office31,vit,softmax,smear_0.375,smear,Synthetic,0.04999999999999999,0.05357142857142855,0.0035714285714285587,ATC-MC
Office31,vit,softmax,smear_0.4,smear,Synthetic,0.0714285714285714,0.05357142857142855,0.01785714285714285,ATC-MC
Office31,vit,softmax,smear_0.42500000000000004,smear,Synthetic,0.04642857142857143,0.09285714285714286,0.04642857142857143,ATC-MC
Office31,vit,softmax,smear_0.45,smear,Synthetic,0.04285714285714287,0.05357142857142855,0.010714285714285676,ATC-MC
Office31,vit,softmax,smear_0.47500000000000003,smear,Synthetic,0.03214285714285714,0.057142857142857106,0.024999999999999967,ATC-MC
Office31,vit,softmax,smear_0.5,smear,Synthetic,0.04999999999999999,0.08571428571428569,0.0357142857142857,ATC-MC
Office31,vit,softmax,webcam,Organic,Organic,0.3129148629148629,0.20685425685425685,0.10606060606060608,ATC-MC
OfficeHome,resnet,cross_entropy,Art,Organic,Organic,0.22916666666666666,-0.21249999999999997,0.44166666666666665,ATC-NE
OfficeHome,resnet,cross_entropy,Clipart,Organic,Organic,0.3310185185185185,0.043981481481481455,0.28703703703703703,ATC-NE
OfficeHome,resnet,cross_entropy,Product,Organic,Organic,0.14356060606060606,-0.02234848484848484,0.1659090909090909,ATC-NE
OfficeHome,resnet,cross_entropy,brightness_0.025,brightness,Synthetic,0.043981481481481455,-0.02083333333333337,0.06481481481481483,ATC-NE
OfficeHome,resnet,cross_entropy,brightness_0.05,brightness,Synthetic,0.03472222222222221,-0.030092592592592615,0.06481481481481483,ATC-NE
OfficeHome,resnet,cross_entropy,brightness_0.07500000000000001,brightness,Synthetic,0.037037037037037035,-0.03935185185185186,0.0763888888888889,ATC-NE
OfficeHome,resnet,cross_entropy,brightness_0.1,brightness,Synthetic,0.04629629629629628,-0.04398148148148151,0.09027777777777779,ATC-NE
OfficeHome,resnet,cross_entropy,brightness_0.125,brightness,Synthetic,0.05092592592592593,-0.053240740740740755,0.10416666666666669,ATC-NE
OfficeHome,resnet,cross_entropy,brightness_0.15000000000000002,brightness,Synthetic,0.048611111111111105,-0.06018518518518523,0.10879629629629634,ATC-NE
OfficeHome,resnet,cross_entropy,brightness_0.17500000000000002,brightness,Synthetic,0.04629629629629628,-0.05555555555555558,0.10185185185185186,ATC-NE
OfficeHome,resnet,cross_entropy,brightness_0.2,brightness,Synthetic,0.04629629629629628,-0.053240740740740755,0.09953703703703703,ATC-NE
OfficeHome,resnet,cross_entropy,brightness_0.225,brightness,Synthetic,0.055555555555555525,-0.057870370370370405,0.11342592592592593,ATC-NE
OfficeHome,resnet,cross_entropy,brightness_0.25,brightness,Synthetic,0.05787037037037035,-0.05092592592592593,0.10879629629629628,ATC-NE
OfficeHome,resnet,cross_entropy,brightness_0.275,brightness,Synthetic,0.06944444444444442,-0.053240740740740755,0.12268518518518517,ATC-NE
OfficeHome,resnet,cross_entropy,brightness_0.30000000000000004,brightness,Synthetic,0.07407407407407407,-0.048611111111111105,0.12268518518518517,ATC-NE
OfficeHome,resnet,cross_entropy,brightness_0.325,brightness,Synthetic,0.0671296296296296,-0.046296296296296335,0.11342592592592593,ATC-NE
OfficeHome,resnet,cross_entropy,brightness_0.35000000000000003,brightness,Synthetic,0.07175925925925924,-0.05092592592592593,0.12268518518518517,ATC-NE
OfficeHome,resnet,cross_entropy,brightness_0.375,brightness,Synthetic,0.05787037037037035,-0.05555555555555558,0.11342592592592593,ATC-NE
OfficeHome,resnet,cross_entropy,brightness_0.4,brightness,Synthetic,0.043981481481481455,-0.057870370370370405,0.10185185185185186,ATC-NE
OfficeHome,resnet,cross_entropy,brightness_0.42500000000000004,brightness,Synthetic,0.03935185185185186,-0.04398148148148151,0.08333333333333337,ATC-NE
OfficeHome,resnet,cross_entropy,brightness_0.45,brightness,Synthetic,0.043981481481481455,-0.02314814814814814,0.0671296296296296,ATC-NE
OfficeHome,resnet,cross_entropy,brightness_0.47500000000000003,brightness,Synthetic,0.032407407407407385,-0.018518518518518545,0.05092592592592593,ATC-NE
OfficeHome,resnet,cross_entropy,brightness_0.5,brightness,Synthetic,0.03009259259259256,-0.0092592592592593,0.03935185185185186,ATC-NE
OfficeHome,resnet,cross_entropy,contrast_0.025,contrast,Synthetic,0.03935185185185186,-0.021990740740740755,0.061342592592592615,ATC-NE
OfficeHome,resnet,cross_entropy,contrast_0.05,contrast,Synthetic,0.047453703703703665,-0.025462962962962965,0.07291666666666663,ATC-NE
OfficeHome,resnet,cross_entropy,contrast_0.07500000000000001,contrast,Synthetic,0.056712962962962965,-0.025462962962962965,0.08217592592592593,ATC-NE
OfficeHome,resnet,cross_entropy,contrast_0.1,contrast,Synthetic,0.06481481481481477,-0.030092592592592615,0.09490740740740738,ATC-NE
OfficeHome,resnet,cross_entropy,contrast_0.125,contrast,Synthetic,0.06481481481481477,-0.034722222222222265,0.09953703703703703,ATC-NE
OfficeHome,resnet,cross_entropy,contrast_0.15000000000000002,contrast,Synthetic,0.07291666666666663,-0.045138888888888895,0.11805555555555552,ATC-NE
OfficeHome,resnet,cross_entropy,contrast_0.17500000000000002,contrast,Synthetic,0.07870370370370366,-0.049768518518518545,0.1284722222222222,ATC-NE
OfficeHome,resnet,cross_entropy,contrast_0.2,contrast,Synthetic,0.08564814814814814,-0.05555555555555558,0.14120370370370372,ATC-NE
OfficeHome,resnet,cross_entropy,contrast_0.225,contrast,Synthetic,0.09722222222222221,-0.056712962962962965,0.15393518518518517,ATC-NE
OfficeHome,resnet,cross_entropy,contrast_0.25,contrast,Synthetic,0.10300925925925924,-0.06944444444444448,0.17245370370370372,ATC-NE
OfficeHome,resnet,cross_entropy,contrast_0.275,contrast,Synthetic,0.10879629629629628,-0.07407407407407407,0.18287037037037035,ATC-NE
OfficeHome,resnet,cross_entropy,contrast_0.30000000000000004,contrast,Synthetic,0.11805555555555552,-0.07291666666666669,0.1909722222222222,ATC-NE
OfficeHome,resnet,cross_entropy,contrast_0.325,contrast,Synthetic,0.13078703703703703,-0.08449074074074076,0.2152777777777778,ATC-NE
OfficeHome,resnet,cross_entropy,contrast_0.35000000000000003,contrast,Synthetic,0.1284722222222222,-0.08564814814814814,0.21412037037037035,ATC-NE
OfficeHome,resnet,cross_entropy,contrast_0.375,contrast,Synthetic,0.11342592592592593,-0.07407407407407407,0.1875,ATC-NE
OfficeHome,resnet,cross_entropy,contrast_0.4,contrast,Synthetic,0.11226851851851849,-0.07291666666666669,0.18518518518518517,ATC-NE
OfficeHome,resnet,cross_entropy,contrast_0.42500000000000004,contrast,Synthetic,0.1076388888888889,-0.06712962962962965,0.17476851851851855,ATC-NE
OfficeHome,resnet,cross_entropy,contrast_0.45,contrast,Synthetic,0.10532407407407407,-0.06712962962962965,0.17245370370370372,ATC-NE
OfficeHome,resnet,cross_entropy,contrast_0.47500000000000003,contrast,Synthetic,0.10300925925925924,-0.06597222222222227,0.1689814814814815,ATC-NE
OfficeHome,resnet,cross_entropy,contrast_0.5,contrast,Synthetic,0.10069444444444442,-0.07060185185185186,0.17129629629629628,ATC-NE
OfficeHome,resnet,cross_entropy,fog_0.025,fog,Synthetic,0.03472222222222221,-0.02314814814814814,0.05787037037037035,ATC-NE
OfficeHome,resnet,cross_entropy,fog_0.05,fog,Synthetic,0.03472222222222221,-0.02314814814814814,0.05787037037037035,ATC-NE
OfficeHome,resnet,cross_entropy,fog_0.07500000000000001,fog,Synthetic,0.043981481481481455,-0.018518518518518545,0.0625,ATC-NE
OfficeHome,resnet,cross_entropy,fog_0.1,fog,Synthetic,0.048611111111111105,-0.02083333333333337,0.06944444444444448,ATC-NE
OfficeHome,resnet,cross_entropy,fog_0.125,fog,Synthetic,0.04166666666666663,-0.018518518518518545,0.060185185185185175,ATC-NE
OfficeHome,resnet,cross_entropy,fog_0.15000000000000002,fog,Synthetic,0.043981481481481455,-0.02777777777777779,0.07175925925925924,ATC-NE
OfficeHome,resnet,cross_entropy,fog_0.17500000000000002,fog,Synthetic,0.03935185185185186,-0.02314814814814814,0.0625,ATC-NE
OfficeHome,resnet,cross_entropy,fog_0.2,fog,Synthetic,0.03935185185185186,-0.02777777777777779,0.06712962962962965,ATC-NE
OfficeHome,resnet,cross_entropy,fog_0.225,fog,Synthetic,0.03935185185185186,-0.025462962962962965,0.06481481481481483,ATC-NE
OfficeHome,resnet,cross_entropy,fog_0.25,fog,Synthetic,0.04629629629629628,-0.025462962962962965,0.07175925925925924,ATC-NE
OfficeHome,resnet,cross_entropy,fog_0.275,fog,Synthetic,0.043981481481481455,-0.018518518518518545,0.0625,ATC-NE
OfficeHome,resnet,cross_entropy,fog_0.30000000000000004,fog,Synthetic,0.1157407407407407,-0.03240740740740744,0.14814814814814814,ATC-NE
OfficeHome,resnet,cross_entropy,fog_0.325,fog,Synthetic,0.1111111111111111,-0.041666666666666685,0.1527777777777778,ATC-NE
OfficeHome,resnet,cross_entropy,fog_0.35000000000000003,fog,Synthetic,0.12037037037037035,-0.034722222222222265,0.15509259259259262,ATC-NE
OfficeHome,resnet,cross_entropy,fog_0.375,fog,Synthetic,0.1157407407407407,-0.030092592592592615,0.14583333333333331,ATC-NE
OfficeHome,resnet,cross_entropy,fog_0.4,fog,Synthetic,0.11342592592592593,-0.03240740740740744,0.14583333333333337,ATC-NE
OfficeHome,resnet,cross_entropy,fog_0.42500000000000004,fog,Synthetic,0.1157407407407407,-0.034722222222222265,0.15046296296296297,ATC-NE
OfficeHome,resnet,cross_entropy,fog_0.45,fog,Synthetic,0.12037037037037035,-0.034722222222222265,0.15509259259259262,ATC-NE
OfficeHome,resnet,cross_entropy,fog_0.47500000000000003,fog,Synthetic,0.11342592592592593,-0.03240740740740744,0.14583333333333337,ATC-NE
OfficeHome,resnet,cross_entropy,fog_0.5,fog,Synthetic,0.11805555555555552,-0.037037037037037035,0.15509259259259256,ATC-NE
OfficeHome,resnet,cross_entropy,hue_0.025,hue,Synthetic,0.043981481481481455,-0.02777777777777779,0.07175925925925924,ATC-NE
OfficeHome,resnet,cross_entropy,hue_0.05,hue,Synthetic,0.043981481481481455,-0.034722222222222265,0.07870370370370372,ATC-NE
OfficeHome,resnet,cross_entropy,hue_0.07500000000000001,hue,Synthetic,0.060185185185185175,-0.057870370370370405,0.11805555555555558,ATC-NE
OfficeHome,resnet,cross_entropy,hue_0.1,hue,Synthetic,0.0625,-0.0717592592592593,0.1342592592592593,ATC-NE
OfficeHome,resnet,cross_entropy,hue_0.125,hue,Synthetic,0.05787037037037035,-0.0763888888888889,0.13425925925925924,ATC-NE
OfficeHome,resnet,cross_entropy,hue_0.15000000000000002,hue,Synthetic,0.08564814814814814,-0.08333333333333337,0.1689814814814815,ATC-NE
OfficeHome,resnet,cross_entropy,hue_0.17500000000000002,hue,Synthetic,0.09953703703703703,-0.08333333333333337,0.1828703703703704,ATC-NE
OfficeHome,resnet,cross_entropy,hue_0.2,hue,Synthetic,0.12268518518518517,-0.08796296296296297,0.21064814814814814,ATC-NE
OfficeHome,resnet,cross_entropy,hue_0.225,hue,Synthetic,0.1388888888888889,-0.09027777777777779,0.22916666666666669,ATC-NE
OfficeHome,resnet,cross_entropy,hue_0.25,hue,Synthetic,0.14814814814814814,-0.07870370370370372,0.22685185185185186,ATC-NE
OfficeHome,resnet,cross_entropy,hue_0.275,hue,Synthetic,0.15277777777777776,-0.08796296296296297,0.24074074074074073,ATC-NE
OfficeHome,resnet,cross_entropy,hue_0.30000000000000004,hue,Synthetic,0.15740740740740738,-0.08564814814814814,0.24305555555555552,ATC-NE
OfficeHome,resnet,cross_entropy,hue_0.325,hue,Synthetic,0.16666666666666666,-0.08564814814814814,0.25231481481481477,ATC-NE
OfficeHome,resnet,cross_entropy,hue_0.35000000000000003,hue,Synthetic,0.17129629629629628,-0.08101851851851855,0.2523148148148148,ATC-NE
OfficeHome,resnet,cross_entropy,hue_0.375,hue,Synthetic,0.18055555555555552,-0.08333333333333337,0.2638888888888889,ATC-NE
OfficeHome,resnet,cross_entropy,hue_0.4,hue,Synthetic,0.18518518518518517,-0.06712962962962965,0.2523148148148148,ATC-NE
OfficeHome,resnet,cross_entropy,hue_0.42500000000000004,hue,Synthetic,0.19444444444444442,-0.07407407407407407,0.2685185185185185,ATC-NE
OfficeHome,resnet,cross_entropy,hue_0.45,hue,Synthetic,0.19675925925925924,-0.06944444444444448,0.2662037037037037,ATC-NE
OfficeHome,resnet,cross_entropy,hue_0.47500000000000003,hue,Synthetic,0.19907407407407404,-0.07870370370370372,0.2777777777777778,ATC-NE
OfficeHome,resnet,cross_entropy,hue_0.5,hue,Synthetic,0.19907407407407404,-0.0763888888888889,0.2754629629629629,ATC-NE
OfficeHome,resnet,cross_entropy,ind_test,ind_test,Organic,0.04629629629629628,-0.018518518518518545,0.06481481481481483,ATC-NE
OfficeHome,resnet,cross_entropy,jpeg_0.025,jpeg,Synthetic,0.04629629629629628,-0.01620370370370372,0.0625,ATC-NE
OfficeHome,resnet,cross_entropy,jpeg_0.05,jpeg,Synthetic,0.043981481481481455,-0.013888888888888895,0.05787037037037035,ATC-NE
OfficeHome,resnet,cross_entropy,jpeg_0.07500000000000001,jpeg,Synthetic,0.048611111111111105,-0.018518518518518545,0.06712962962962965,ATC-NE
OfficeHome,resnet,cross_entropy,jpeg_0.1,jpeg,Synthetic,0.043981481481481455,-0.02083333333333337,0.06481481481481483,ATC-NE
OfficeHome,resnet,cross_entropy,jpeg_0.125,jpeg,Synthetic,0.05092592592592593,-0.0092592592592593,0.06018518518518523,ATC-NE
OfficeHome,resnet,cross_entropy,jpeg_0.15000000000000002,jpeg,Synthetic,0.05092592592592593,-0.01620370370370372,0.06712962962962965,ATC-NE
OfficeHome,resnet,cross_entropy,jpeg_0.17500000000000002,jpeg,Synthetic,0.05092592592592593,-0.01620370370370372,0.06712962962962965,ATC-NE
OfficeHome,resnet,cross_entropy,jpeg_0.2,jpeg,Synthetic,0.0532407407407407,-0.01620370370370372,0.06944444444444442,ATC-NE
OfficeHome,resnet,cross_entropy,jpeg_0.225,jpeg,Synthetic,0.05092592592592593,-0.013888888888888895,0.06481481481481483,ATC-NE
OfficeHome,resnet,cross_entropy,jpeg_0.25,jpeg,Synthetic,0.048611111111111105,-0.013888888888888895,0.0625,ATC-NE
OfficeHome,resnet,cross_entropy,jpeg_0.275,jpeg,Synthetic,0.05092592592592593,-0.01620370370370372,0.06712962962962965,ATC-NE
OfficeHome,resnet,cross_entropy,jpeg_0.30000000000000004,jpeg,Synthetic,0.04629629629629628,-0.02083333333333337,0.06712962962962965,ATC-NE
OfficeHome,resnet,cross_entropy,jpeg_0.325,jpeg,Synthetic,0.0532407407407407,-0.018518518518518545,0.07175925925925924,ATC-NE
OfficeHome,resnet,cross_entropy,jpeg_0.35000000000000003,jpeg,Synthetic,0.05092592592592593,-0.02314814814814814,0.07407407407407407,ATC-NE
OfficeHome,resnet,cross_entropy,jpeg_0.375,jpeg,Synthetic,0.048611111111111105,-0.01620370370370372,0.06481481481481483,ATC-NE
OfficeHome,resnet,cross_entropy,jpeg_0.4,jpeg,Synthetic,0.05787037037037035,-0.02083333333333337,0.07870370370370372,ATC-NE
OfficeHome,resnet,cross_entropy,jpeg_0.42500000000000004,jpeg,Synthetic,0.060185185185185175,-0.02083333333333337,0.08101851851851855,ATC-NE
OfficeHome,resnet,cross_entropy,jpeg_0.45,jpeg,Synthetic,0.05787037037037035,-0.018518518518518545,0.0763888888888889,ATC-NE
OfficeHome,resnet,cross_entropy,jpeg_0.47500000000000003,jpeg,Synthetic,0.0625,-0.02314814814814814,0.08564814814814814,ATC-NE
OfficeHome,resnet,cross_entropy,jpeg_0.5,jpeg,Synthetic,0.0625,-0.02083333333333337,0.08333333333333337,ATC-NE
OfficeHome,resnet,cross_entropy,multnoise_0.025,multnoise,Synthetic,0.162037037037037,0.048611111111111105,0.1134259259259259,ATC-NE
OfficeHome,resnet,cross_entropy,multnoise_0.05,multnoise,Synthetic,0.19444444444444442,0.03472222222222221,0.1597222222222222,ATC-NE
OfficeHome,resnet,cross_entropy,multnoise_0.07500000000000001,multnoise,Synthetic,0.26157407407407407,-0.030092592592592615,0.2916666666666667,ATC-NE
OfficeHome,resnet,cross_entropy,multnoise_0.1,multnoise,Synthetic,0.29398148148148145,0.025462962962962965,0.2685185185185185,ATC-NE
OfficeHome,resnet,cross_entropy,multnoise_0.125,multnoise,Synthetic,0.3171296296296296,0.24074074074074073,0.07638888888888887,ATC-NE
OfficeHome,resnet,cross_entropy,multnoise_0.15000000000000002,multnoise,Synthetic,0.3472222222222222,0.3171296296296296,0.030092592592592615,ATC-NE
OfficeHome,resnet,cross_entropy,multnoise_0.17500000000000002,multnoise,Synthetic,0.3657407407407407,0.3657407407407407,0.0,ATC-NE
OfficeHome,resnet,cross_entropy,multnoise_0.2,multnoise,Synthetic,0.375,0.38425925925925924,0.009259259259259245,ATC-NE
OfficeHome,resnet,cross_entropy,multnoise_0.225,multnoise,Synthetic,0.37731481481481477,0.3935185185185185,0.01620370370370372,ATC-NE
OfficeHome,resnet,cross_entropy,multnoise_0.25,multnoise,Synthetic,0.3796296296296296,0.3935185185185185,0.013888888888888895,ATC-NE
OfficeHome,resnet,cross_entropy,multnoise_0.275,multnoise,Synthetic,0.3796296296296296,0.3935185185185185,0.013888888888888895,ATC-NE
OfficeHome,resnet,cross_entropy,multnoise_0.30000000000000004,multnoise,Synthetic,0.3796296296296296,0.3958333333333333,0.01620370370370372,ATC-NE
OfficeHome,resnet,cross_entropy,multnoise_0.325,multnoise,Synthetic,0.3796296296296296,0.3958333333333333,0.01620370370370372,ATC-NE
OfficeHome,resnet,cross_entropy,multnoise_0.35000000000000003,multnoise,Synthetic,0.3819444444444444,0.3958333333333333,0.013888888888888895,ATC-NE
OfficeHome,resnet,cross_entropy,multnoise_0.375,multnoise,Synthetic,0.3819444444444444,0.3958333333333333,0.013888888888888895,ATC-NE
OfficeHome,resnet,cross_entropy,multnoise_0.4,multnoise,Synthetic,0.3819444444444444,0.3958333333333333,0.013888888888888895,ATC-NE
OfficeHome,resnet,cross_entropy,multnoise_0.42500000000000004,multnoise,Synthetic,0.3819444444444444,0.3958333333333333,0.013888888888888895,ATC-NE
OfficeHome,resnet,cross_entropy,multnoise_0.45,multnoise,Synthetic,0.38425925925925924,0.3958333333333333,0.01157407407407407,ATC-NE
OfficeHome,resnet,cross_entropy,multnoise_0.47500000000000003,multnoise,Synthetic,0.3819444444444444,0.3958333333333333,0.013888888888888895,ATC-NE
OfficeHome,resnet,cross_entropy,multnoise_0.5,multnoise,Synthetic,0.3819444444444444,0.3958333333333333,0.013888888888888895,ATC-NE
OfficeHome,resnet,cross_entropy,noise_0.025,noise,Synthetic,0.15740740740740738,-0.013888888888888895,0.17129629629629628,ATC-NE
OfficeHome,resnet,cross_entropy,noise_0.05,noise,Synthetic,0.24305555555555552,0.08101851851851849,0.16203703703703703,ATC-NE
OfficeHome,resnet,cross_entropy,noise_0.07500000000000001,noise,Synthetic,0.2824074074074074,0.09953703703703703,0.18287037037037035,ATC-NE
OfficeHome,resnet,cross_entropy,noise_0.1,noise,Synthetic,0.30787037037037035,0.1388888888888889,0.16898148148148145,ATC-NE
OfficeHome,resnet,cross_entropy,noise_0.125,noise,Synthetic,0.32638888888888884,0.21527777777777776,0.11111111111111108,ATC-NE
OfficeHome,resnet,cross_entropy,noise_0.15000000000000002,noise,Synthetic,0.3472222222222222,0.28703703703703703,0.060185185185185175,ATC-NE
OfficeHome,resnet,cross_entropy,noise_0.17500000000000002,noise,Synthetic,0.36342592592592593,0.34259259259259256,0.02083333333333337,ATC-NE
OfficeHome,resnet,cross_entropy,noise_0.2,noise,Synthetic,0.3726851851851852,0.35185185185185186,0.020833333333333315,ATC-NE
OfficeHome,resnet,cross_entropy,noise_0.225,noise,Synthetic,0.3726851851851852,0.38425925925925924,0.01157407407407407,ATC-NE
OfficeHome,resnet,cross_entropy,noise_0.25,noise,Synthetic,0.37731481481481477,0.39120370370370366,0.013888888888888895,ATC-NE
OfficeHome,resnet,cross_entropy,noise_0.275,noise,Synthetic,0.37731481481481477,0.3935185185185185,0.01620370370370372,ATC-NE
OfficeHome,resnet,cross_entropy,noise_0.30000000000000004,noise,Synthetic,0.3819444444444444,0.3958333333333333,0.013888888888888895,ATC-NE
OfficeHome,resnet,cross_entropy,noise_0.325,noise,Synthetic,0.3819444444444444,0.3958333333333333,0.013888888888888895,ATC-NE
OfficeHome,resnet,cross_entropy,noise_0.35000000000000003,noise,Synthetic,0.3819444444444444,0.3958333333333333,0.013888888888888895,ATC-NE
OfficeHome,resnet,cross_entropy,noise_0.375,noise,Synthetic,0.3819444444444444,0.3958333333333333,0.013888888888888895,ATC-NE
OfficeHome,resnet,cross_entropy,noise_0.4,noise,Synthetic,0.3819444444444444,0.3958333333333333,0.013888888888888895,ATC-NE
OfficeHome,resnet,cross_entropy,noise_0.42500000000000004,noise,Synthetic,0.3819444444444444,0.3958333333333333,0.013888888888888895,ATC-NE
OfficeHome,resnet,cross_entropy,noise_0.45,noise,Synthetic,0.3819444444444444,0.3958333333333333,0.013888888888888895,ATC-NE
OfficeHome,resnet,cross_entropy,noise_0.47500000000000003,noise,Synthetic,0.3819444444444444,0.3958333333333333,0.013888888888888895,ATC-NE
OfficeHome,resnet,cross_entropy,noise_0.5,noise,Synthetic,0.3819444444444444,0.3958333333333333,0.013888888888888895,ATC-NE
OfficeHome,resnet,cross_entropy,saltpepper_0.025,saltpepper,Synthetic,0.35185185185185186,0.38657407407407407,0.03472222222222221,ATC-NE
OfficeHome,resnet,cross_entropy,saltpepper_0.05,saltpepper,Synthetic,0.35416666666666663,0.39120370370370366,0.037037037037037035,ATC-NE
OfficeHome,resnet,cross_entropy,saltpepper_0.07500000000000001,saltpepper,Synthetic,0.36342592592592593,0.3958333333333333,0.032407407407407385,ATC-NE
OfficeHome,resnet,cross_entropy,saltpepper_0.1,saltpepper,Synthetic,0.36342592592592593,0.3958333333333333,0.032407407407407385,ATC-NE
OfficeHome,resnet,cross_entropy,saltpepper_0.125,saltpepper,Synthetic,0.3657407407407407,0.3958333333333333,0.030092592592592615,ATC-NE
OfficeHome,resnet,cross_entropy,saltpepper_0.15000000000000002,saltpepper,Synthetic,0.3680555555555555,0.3958333333333333,0.02777777777777779,ATC-NE
OfficeHome,resnet,cross_entropy,saltpepper_0.17500000000000002,saltpepper,Synthetic,0.37037037037037035,0.3958333333333333,0.025462962962962965,ATC-NE
OfficeHome,resnet,cross_entropy,saltpepper_0.2,saltpepper,Synthetic,0.3726851851851852,0.3958333333333333,0.02314814814814814,ATC-NE
OfficeHome,resnet,cross_entropy,saltpepper_0.225,saltpepper,Synthetic,0.375,0.3958333333333333,0.020833333333333315,ATC-NE
OfficeHome,resnet,cross_entropy,saltpepper_0.25,saltpepper,Synthetic,0.37731481481481477,0.3958333333333333,0.018518518518518545,ATC-NE
OfficeHome,resnet,cross_entropy,saltpepper_0.275,saltpepper,Synthetic,0.3796296296296296,0.3958333333333333,0.01620370370370372,ATC-NE
OfficeHome,resnet,cross_entropy,saltpepper_0.30000000000000004,saltpepper,Synthetic,0.3819444444444444,0.3958333333333333,0.013888888888888895,ATC-NE
OfficeHome,resnet,cross_entropy,saltpepper_0.325,saltpepper,Synthetic,0.3819444444444444,0.3958333333333333,0.013888888888888895,ATC-NE
OfficeHome,resnet,cross_entropy,saltpepper_0.35000000000000003,saltpepper,Synthetic,0.3819444444444444,0.3958333333333333,0.013888888888888895,ATC-NE
OfficeHome,resnet,cross_entropy,saltpepper_0.375,saltpepper,Synthetic,0.3819444444444444,0.3958333333333333,0.013888888888888895,ATC-NE
OfficeHome,resnet,cross_entropy,saltpepper_0.4,saltpepper,Synthetic,0.3819444444444444,0.3958333333333333,0.013888888888888895,ATC-NE
OfficeHome,resnet,cross_entropy,saltpepper_0.42500000000000004,saltpepper,Synthetic,0.3819444444444444,0.3958333333333333,0.013888888888888895,ATC-NE
OfficeHome,resnet,cross_entropy,saltpepper_0.45,saltpepper,Synthetic,0.3819444444444444,0.3958333333333333,0.013888888888888895,ATC-NE
OfficeHome,resnet,cross_entropy,saltpepper_0.47500000000000003,saltpepper,Synthetic,0.3819444444444444,0.3958333333333333,0.013888888888888895,ATC-NE
OfficeHome,resnet,cross_entropy,saltpepper_0.5,saltpepper,Synthetic,0.3819444444444444,0.3958333333333333,0.013888888888888895,ATC-NE
OfficeHome,resnet,cross_entropy,smear_0.025,smear,Synthetic,0.07407407407407407,-0.02083333333333337,0.09490740740740744,ATC-NE
OfficeHome,resnet,cross_entropy,smear_0.05,smear,Synthetic,0.0763888888888889,-0.02777777777777779,0.10416666666666669,ATC-NE
OfficeHome,resnet,cross_entropy,smear_0.07500000000000001,smear,Synthetic,0.07407407407407407,-0.037037037037037035,0.1111111111111111,ATC-NE
OfficeHome,resnet,cross_entropy,smear_0.1,smear,Synthetic,0.0763888888888889,-0.05555555555555558,0.13194444444444448,ATC-NE
OfficeHome,resnet,cross_entropy,smear_0.125,smear,Synthetic,0.06944444444444442,-0.03935185185185186,0.10879629629629628,ATC-NE
OfficeHome,resnet,cross_entropy,smear_0.15000000000000002,smear,Synthetic,0.06944444444444442,-0.046296296296296335,0.11574074074074076,ATC-NE
OfficeHome,resnet,cross_entropy,smear_0.17500000000000002,smear,Synthetic,0.06944444444444442,-0.0625,0.13194444444444442,ATC-NE
OfficeHome,resnet,cross_entropy,smear_0.2,smear,Synthetic,0.0625,-0.06944444444444448,0.13194444444444448,ATC-NE
OfficeHome,resnet,cross_entropy,smear_0.225,smear,Synthetic,0.0532407407407407,-0.08101851851851855,0.13425925925925924,ATC-NE
OfficeHome,resnet,cross_entropy,smear_0.25,smear,Synthetic,0.06481481481481477,-0.06712962962962965,0.13194444444444442,ATC-NE
OfficeHome,resnet,cross_entropy,smear_0.275,smear,Synthetic,0.07870370370370366,-0.08101851851851855,0.1597222222222222,ATC-NE
OfficeHome,resnet,cross_entropy,smear_0.30000000000000004,smear,Synthetic,0.08796296296296297,-0.0717592592592593,0.15972222222222227,ATC-NE
OfficeHome,resnet,cross_entropy,smear_0.325,smear,Synthetic,0.09259259259259256,-0.08796296296296297,0.18055555555555552,ATC-NE
OfficeHome,resnet,cross_entropy,smear_0.35000000000000003,smear,Synthetic,0.1111111111111111,-0.12268518518518517,0.23379629629629628,ATC-NE
OfficeHome,resnet,cross_entropy,smear_0.375,smear,Synthetic,0.125,-0.14120370370370378,0.2662037037037038,ATC-NE
OfficeHome,resnet,cross_entropy,smear_0.4,smear,Synthetic,0.12268518518518517,-0.13194444444444448,0.25462962962962965,ATC-NE
OfficeHome,resnet,cross_entropy,smear_0.42500000000000004,smear,Synthetic,0.12268518518518517,-0.12500000000000006,0.24768518518518523,ATC-NE
OfficeHome,resnet,cross_entropy,smear_0.45,smear,Synthetic,0.12268518518518517,-0.1388888888888889,0.26157407407407407,ATC-NE
OfficeHome,resnet,cross_entropy,smear_0.47500000000000003,smear,Synthetic,0.125,-0.15509259259259262,0.2800925925925926,ATC-NE
OfficeHome,resnet,cross_entropy,smear_0.5,smear,Synthetic,0.12268518518518517,-0.16666666666666669,0.28935185185185186,ATC-NE
OfficeHome,vit,softmax,Art,Organic,Organic,0.3027777777777778,0.2277777777777778,0.07500000000000001,ATC-MC
OfficeHome,vit,softmax,Clipart,Organic,Organic,0.3773148148148148,0.23842592592592593,0.1388888888888889,ATC-MC
OfficeHome,vit,softmax,Product,Organic,Organic,0.12664141414141417,0.09936868686868683,0.027272727272727337,ATC-MC
OfficeHome,vit,softmax,brightness_0.025,brightness,Synthetic,0.03935185185185186,0.02777777777777779,0.01157407407407407,ATC-MC
OfficeHome,vit,softmax,brightness_0.05,brightness,Synthetic,0.03703703703703709,0.02777777777777779,0.0092592592592593,ATC-MC
OfficeHome,vit,softmax,brightness_0.07500000000000001,brightness,Synthetic,0.03935185185185186,0.03009259259259256,0.0092592592592593,ATC-MC
OfficeHome,vit,softmax,brightness_0.1,brightness,Synthetic,0.03472222222222221,0.03472222222222221,0.0,ATC-MC
OfficeHome,vit,softmax,brightness_0.125,brightness,Synthetic,0.04629629629629628,0.03240740740740744,0.01388888888888884,ATC-MC
OfficeHome,vit,softmax,brightness_0.15000000000000002,brightness,Synthetic,0.0625,0.03703703703703709,0.02546296296296291,ATC-MC
OfficeHome,vit,softmax,brightness_0.17500000000000002,brightness,Synthetic,0.0532407407407407,0.02314814814814814,0.03009259259259256,ATC-MC
OfficeHome,vit,softmax,brightness_0.2,brightness,Synthetic,0.0625,0.05092592592592593,0.01157407407407407,ATC-MC
OfficeHome,vit,softmax,brightness_0.225,brightness,Synthetic,0.0625,0.03472222222222221,0.02777777777777779,ATC-MC
OfficeHome,vit,softmax,brightness_0.25,brightness,Synthetic,0.06712962962962965,0.03703703703703709,0.03009259259259256,ATC-MC
OfficeHome,vit,softmax,brightness_0.275,brightness,Synthetic,0.09259259259259256,0.01851851851851849,0.07407407407407407,ATC-MC
OfficeHome,vit,softmax,brightness_0.30000000000000004,brightness,Synthetic,0.07638888888888895,0.03703703703703709,0.03935185185185186,ATC-MC
OfficeHome,vit,softmax,brightness_0.325,brightness,Synthetic,0.08796296296296302,0.03935185185185186,0.04861111111111116,ATC-MC
OfficeHome,vit,softmax,brightness_0.35000000000000003,brightness,Synthetic,0.07638888888888895,0.06481481481481488,0.01157407407407407,ATC-MC
OfficeHome,vit,softmax,brightness_0.375,brightness,Synthetic,0.11805555555555558,0.06018518518518523,0.05787037037037035,ATC-MC
OfficeHome,vit,softmax,brightness_0.4,brightness,Synthetic,0.10185185185185186,0.0532407407407407,0.04861111111111116,ATC-MC
OfficeHome,vit,softmax,brightness_0.42500000000000004,brightness,Synthetic,0.09027777777777779,0.06018518518518523,0.03009259259259256,ATC-MC
OfficeHome,vit,softmax,brightness_0.45,brightness,Synthetic,0.10185185185185186,0.08333333333333337,0.01851851851851849,ATC-MC
OfficeHome,vit,softmax,brightness_0.47500000000000003,brightness,Synthetic,0.10648148148148151,0.03703703703703709,0.06944444444444442,ATC-MC
OfficeHome,vit,softmax,brightness_0.5,brightness,Synthetic,0.09027777777777779,0.1157407407407407,0.02546296296296291,ATC-MC
OfficeHome,vit,softmax,contrast_0.025,contrast,Synthetic,0.03935185185185186,0.02893518518518523,0.01041666666666663,ATC-MC
OfficeHome,vit,softmax,contrast_0.05,contrast,Synthetic,0.03125,0.03472222222222221,0.00347222222222221,ATC-MC
OfficeHome,vit,softmax,contrast_0.07500000000000001,contrast,Synthetic,0.04166666666666663,0.0405092592592593,0.0011574074074073293,ATC-MC
OfficeHome,vit,softmax,contrast_0.1,contrast,Synthetic,0.04745370370370372,0.02893518518518523,0.01851851851851849,ATC-MC
OfficeHome,vit,softmax,contrast_0.125,contrast,Synthetic,0.0405092592592593,0.02546296296296302,0.01504629629629628,ATC-MC
OfficeHome,vit,softmax,contrast_0.15000000000000002,contrast,Synthetic,0.04166666666666663,0.02314814814814814,0.01851851851851849,ATC-MC
OfficeHome,vit,softmax,contrast_0.17500000000000002,contrast,Synthetic,0.04513888888888895,0.03125,0.01388888888888895,ATC-MC
OfficeHome,vit,softmax,contrast_0.2,contrast,Synthetic,0.04513888888888895,0.03125,0.01388888888888895,ATC-MC
OfficeHome,vit,softmax,contrast_0.225,contrast,Synthetic,0.04398148148148151,0.03703703703703709,0.00694444444444442,ATC-MC
OfficeHome,vit,softmax,contrast_0.25,contrast,Synthetic,0.04513888888888895,0.02893518518518523,0.01620370370370372,ATC-MC
OfficeHome,vit,softmax,contrast_0.275,contrast,Synthetic,0.05439814814814814,0.0405092592592593,0.01388888888888884,ATC-MC
OfficeHome,vit,softmax,contrast_0.30000000000000004,contrast,Synthetic,0.0532407407407407,0.04282407407407407,0.01041666666666663,ATC-MC
OfficeHome,vit,softmax,contrast_0.325,contrast,Synthetic,0.04629629629629628,0.05208333333333337,0.0057870370370370905,ATC-MC
OfficeHome,vit,softmax,contrast_0.35000000000000003,contrast,Synthetic,0.0717592592592593,0.04861111111111116,0.02314814814814814,ATC-MC
OfficeHome,vit,softmax,contrast_0.375,contrast,Synthetic,0.06712962962962965,0.05555555555555558,0.01157407407407407,ATC-MC
OfficeHome,vit,softmax,contrast_0.4,contrast,Synthetic,0.06134259259259256,0.04861111111111116,0.0127314814814814,ATC-MC
OfficeHome,vit,softmax,contrast_0.42500000000000004,contrast,Synthetic,0.05671296296296302,0.0532407407407407,0.003472222222222321,ATC-MC
OfficeHome,vit,softmax,contrast_0.45,contrast,Synthetic,0.06597222222222221,0.05439814814814814,0.01157407407407407,ATC-MC
OfficeHome,vit,softmax,contrast_0.47500000000000003,contrast,Synthetic,0.07407407407407407,0.05902777777777779,0.01504629629629628,ATC-MC
OfficeHome,vit,softmax,contrast_0.5,contrast,Synthetic,0.0625,0.05671296296296302,0.0057870370370369795,ATC-MC
OfficeHome,vit,softmax,fog_0.025,fog,Synthetic,0.1967592592592593,0.14120370370370372,0.05555555555555558,ATC-MC
OfficeHome,vit,softmax,fog_0.05,fog,Synthetic,0.16435185185185186,0.14120370370370372,0.02314814814814814,ATC-MC
OfficeHome,vit,softmax,fog_0.07500000000000001,fog,Synthetic,0.2060185185185185,0.13657407407407407,0.06944444444444442,ATC-MC
OfficeHome,vit,softmax,fog_0.1,fog,Synthetic,0.15740740740740744,0.11111111111111116,0.04629629629629628,ATC-MC
OfficeHome,vit,softmax,fog_0.125,fog,Synthetic,0.1875,0.125,0.0625,ATC-MC
OfficeHome,vit,softmax,fog_0.15000000000000002,fog,Synthetic,0.16666666666666663,0.14583333333333337,0.02083333333333326,ATC-MC
OfficeHome,vit,softmax,fog_0.17500000000000002,fog,Synthetic,0.20370370370370372,0.16435185185185186,0.03935185185185186,ATC-MC
OfficeHome,vit,softmax,fog_0.2,fog,Synthetic,0.18981481481481488,0.15046296296296302,0.03935185185185186,ATC-MC
OfficeHome,vit,softmax,fog_0.225,fog,Synthetic,0.1875,0.13657407407407407,0.05092592592592593,ATC-MC
OfficeHome,vit,softmax,fog_0.25,fog,Synthetic,0.20370370370370372,0.12962962962962965,0.07407407407407407,ATC-MC
OfficeHome,vit,softmax,fog_0.275,fog,Synthetic,0.2060185185185185,0.14583333333333337,0.06018518518518512,ATC-MC
OfficeHome,vit,softmax,fog_0.30000000000000004,fog,Synthetic,0.1782407407407407,0.14814814814814814,0.03009259259259256,ATC-MC
OfficeHome,vit,softmax,fog_0.325,fog,Synthetic,0.21990740740740744,0.13657407407407407,0.08333333333333337,ATC-MC
OfficeHome,vit,softmax,fog_0.35000000000000003,fog,Synthetic,0.1620370370370371,0.1157407407407407,0.04629629629629639,ATC-MC
OfficeHome,vit,softmax,fog_0.375,fog,Synthetic,0.1875,0.1342592592592593,0.0532407407407407,ATC-MC
OfficeHome,vit,softmax,fog_0.4,fog,Synthetic,0.16666666666666663,0.13194444444444442,0.03472222222222221,ATC-MC
OfficeHome,vit,softmax,fog_0.42500000000000004,fog,Synthetic,0.2152777777777778,0.12962962962962965,0.08564814814814814,ATC-MC
OfficeHome,vit,softmax,fog_0.45,fog,Synthetic,0.2060185185185185,0.12268518518518523,0.08333333333333326,ATC-MC
OfficeHome,vit,softmax,fog_0.47500000000000003,fog,Synthetic,0.18981481481481488,0.1435185185185185,0.04629629629629639,ATC-MC
OfficeHome,vit,softmax,fog_0.5,fog,Synthetic,0.18981481481481488,0.14120370370370372,0.04861111111111116,ATC-MC
OfficeHome,vit,softmax,hue_0.025,hue,Synthetic,0.03009259259259256,0.03472222222222221,0.00462962962962965,ATC-MC
OfficeHome,vit,softmax,hue_0.05,hue,Synthetic,0.04861111111111116,0.03009259259259256,0.0185185185185186,ATC-MC
OfficeHome,vit,softmax,hue_0.07500000000000001,hue,Synthetic,0.07407407407407407,0.04629629629629628,0.02777777777777779,ATC-MC
OfficeHome,vit,softmax,hue_0.1,hue,Synthetic,0.07407407407407407,0.04629629629629628,0.02777777777777779,ATC-MC
OfficeHome,vit,softmax,hue_0.125,hue,Synthetic,0.06481481481481488,0.0625,0.0023148148148148806,ATC-MC
OfficeHome,vit,softmax,hue_0.15000000000000002,hue,Synthetic,0.0625,0.05787037037037035,0.00462962962962965,ATC-MC
OfficeHome,vit,softmax,hue_0.17500000000000002,hue,Synthetic,0.07407407407407407,0.05787037037037035,0.01620370370370372,ATC-MC
OfficeHome,vit,softmax,hue_0.2,hue,Synthetic,0.06712962962962965,0.06944444444444442,0.0023148148148147696,ATC-MC
OfficeHome,vit,softmax,hue_0.225,hue,Synthetic,0.07407407407407407,0.04861111111111116,0.02546296296296291,ATC-MC
OfficeHome,vit,softmax,hue_0.25,hue,Synthetic,0.05555555555555558,0.05787037037037035,0.0023148148148147696,ATC-MC
OfficeHome,vit,softmax,hue_0.275,hue,Synthetic,0.09027777777777779,0.06481481481481488,0.02546296296296291,ATC-MC
OfficeHome,vit,softmax,hue_0.30000000000000004,hue,Synthetic,0.0717592592592593,0.04629629629629628,0.02546296296296302,ATC-MC
OfficeHome,vit,softmax,hue_0.325,hue,Synthetic,0.06944444444444442,0.06944444444444442,0.0,ATC-MC
OfficeHome,vit,softmax,hue_0.35000000000000003,hue,Synthetic,0.0717592592592593,0.06944444444444442,0.0023148148148148806,ATC-MC
OfficeHome,vit,softmax,hue_0.375,hue,Synthetic,0.06018518518518523,0.05092592592592593,0.0092592592592593,ATC-MC
OfficeHome,vit,softmax,hue_0.4,hue,Synthetic,0.05555555555555558,0.04629629629629628,0.0092592592592593,ATC-MC
OfficeHome,vit,softmax,hue_0.42500000000000004,hue,Synthetic,0.05555555555555558,0.04398148148148151,0.01157407407407407,ATC-MC
OfficeHome,vit,softmax,hue_0.45,hue,Synthetic,0.06481481481481488,0.02314814814814814,0.04166666666666674,ATC-MC
OfficeHome,vit,softmax,hue_0.47500000000000003,hue,Synthetic,0.0625,0.06018518518518523,0.0023148148148147696,ATC-MC
OfficeHome,vit,softmax,hue_0.5,hue,Synthetic,0.08101851851851849,0.06712962962962965,0.01388888888888884,ATC-MC
OfficeHome,vit,softmax,ind_test,ind_test,Organic,0.03703703703703709,0.03009259259259256,0.006944444444444531,ATC-MC
OfficeHome,vit,softmax,jpeg_0.025,jpeg,Synthetic,0.04166666666666663,0.03472222222222221,0.00694444444444442,ATC-MC
OfficeHome,vit,softmax,jpeg_0.05,jpeg,Synthetic,0.04166666666666663,0.03240740740740744,0.00925925925925919,ATC-MC
OfficeHome,vit,softmax,jpeg_0.07500000000000001,jpeg,Synthetic,0.04398148148148151,0.03935185185185186,0.00462962962962965,ATC-MC
OfficeHome,vit,softmax,jpeg_0.1,jpeg,Synthetic,0.03472222222222221,0.02777777777777779,0.00694444444444442,ATC-MC
OfficeHome,vit,softmax,jpeg_0.125,jpeg,Synthetic,0.03472222222222221,0.02546296296296302,0.00925925925925919,ATC-MC
OfficeHome,vit,softmax,jpeg_0.15000000000000002,jpeg,Synthetic,0.03472222222222221,0.01851851851851849,0.01620370370370372,ATC-MC
OfficeHome,vit,softmax,jpeg_0.17500000000000002,jpeg,Synthetic,0.03703703703703709,0.02777777777777779,0.0092592592592593,ATC-MC
OfficeHome,vit,softmax,jpeg_0.2,jpeg,Synthetic,0.05787037037037035,0.02314814814814814,0.03472222222222221,ATC-MC
OfficeHome,vit,softmax,jpeg_0.225,jpeg,Synthetic,0.0532407407407407,0.01851851851851849,0.03472222222222221,ATC-MC
OfficeHome,vit,softmax,jpeg_0.25,jpeg,Synthetic,0.04398148148148151,0.02777777777777779,0.01620370370370372,ATC-MC
OfficeHome,vit,softmax,jpeg_0.275,jpeg,Synthetic,0.04398148148148151,0.03009259259259256,0.01388888888888895,ATC-MC
OfficeHome,vit,softmax,jpeg_0.30000000000000004,jpeg,Synthetic,0.05092592592592593,0.01851851851851849,0.03240740740740744,ATC-MC
OfficeHome,vit,softmax,jpeg_0.325,jpeg,Synthetic,0.05092592592592593,0.02777777777777779,0.02314814814814814,ATC-MC
OfficeHome,vit,softmax,jpeg_0.35000000000000003,jpeg,Synthetic,0.0532407407407407,0.02546296296296302,0.02777777777777768,ATC-MC
OfficeHome,vit,softmax,jpeg_0.375,jpeg,Synthetic,0.05787037037037035,0.02777777777777779,0.03009259259259256,ATC-MC
OfficeHome,vit,softmax,jpeg_0.4,jpeg,Synthetic,0.04398148148148151,0.03009259259259256,0.01388888888888895,ATC-MC
OfficeHome,vit,softmax,jpeg_0.42500000000000004,jpeg,Synthetic,0.0532407407407407,0.02546296296296302,0.02777777777777768,ATC-MC
OfficeHome,vit,softmax,jpeg_0.45,jpeg,Synthetic,0.04861111111111116,0.02777777777777779,0.02083333333333337,ATC-MC
OfficeHome,vit,softmax,jpeg_0.47500000000000003,jpeg,Synthetic,0.05092592592592593,0.02546296296296302,0.02546296296296291,ATC-MC
OfficeHome,vit,softmax,jpeg_0.5,jpeg,Synthetic,0.05092592592592593,0.03472222222222221,0.01620370370370372,ATC-MC
OfficeHome,vit,softmax,multnoise_0.025,multnoise,Synthetic,0.04166666666666663,0.03009259259259256,0.01157407407407407,ATC-MC
OfficeHome,vit,softmax,multnoise_0.05,multnoise,Synthetic,0.05092592592592593,0.02546296296296302,0.02546296296296291,ATC-MC
OfficeHome,vit,softmax,multnoise_0.07500000000000001,multnoise,Synthetic,0.06712962962962965,0.04166666666666663,0.02546296296296302,ATC-MC
OfficeHome,vit,softmax,multnoise_0.1,multnoise,Synthetic,0.08564814814814814,0.04398148148148151,0.04166666666666663,ATC-MC
OfficeHome,vit,softmax,multnoise_0.125,multnoise,Synthetic,0.10648148148148151,0.06018518518518523,0.04629629629629628,ATC-MC
OfficeHome,vit,softmax,multnoise_0.15000000000000002,multnoise,Synthetic,0.13194444444444442,0.0717592592592593,0.06018518518518512,ATC-MC
OfficeHome,vit,softmax,multnoise_0.17500000000000002,multnoise,Synthetic,0.16666666666666663,0.09259259259259256,0.07407407407407407,ATC-MC
OfficeHome,vit,softmax,multnoise_0.2,multnoise,Synthetic,0.18287037037037035,0.09259259259259256,0.09027777777777779,ATC-MC
OfficeHome,vit,softmax,multnoise_0.225,multnoise,Synthetic,0.20138888888888895,0.09722222222222221,0.10416666666666674,ATC-MC
OfficeHome,vit,softmax,multnoise_0.25,multnoise,Synthetic,0.20833333333333337,0.10185185185185186,0.10648148148148151,ATC-MC
OfficeHome,vit,softmax,multnoise_0.275,multnoise,Synthetic,0.22916666666666669,0.11805555555555558,0.1111111111111111,ATC-MC
OfficeHome,vit,softmax,multnoise_0.30000000000000004,multnoise,Synthetic,0.24305555555555558,0.13657407407407407,0.10648148148148151,ATC-MC
OfficeHome,vit,softmax,multnoise_0.325,multnoise,Synthetic,0.25462962962962965,0.15509259259259256,0.09953703703703709,ATC-MC
OfficeHome,vit,softmax,multnoise_0.35000000000000003,multnoise,Synthetic,0.27083333333333337,0.15509259259259256,0.11574074074074081,ATC-MC
OfficeHome,vit,softmax,multnoise_0.375,multnoise,Synthetic,0.28703703703703703,0.1597222222222222,0.12731481481481483,ATC-MC
OfficeHome,vit,softmax,multnoise_0.4,multnoise,Synthetic,0.31712962962962965,0.1782407407407407,0.13888888888888895,ATC-MC
OfficeHome,vit,softmax,multnoise_0.42500000000000004,multnoise,Synthetic,0.32175925925925924,0.19907407407407407,0.12268518518518517,ATC-MC
OfficeHome,vit,softmax,multnoise_0.45,multnoise,Synthetic,0.33101851851851855,0.20833333333333337,0.12268518518518517,ATC-MC
OfficeHome,vit,softmax,multnoise_0.47500000000000003,multnoise,Synthetic,0.35879629629629634,0.19907407407407407,0.15972222222222227,ATC-MC
OfficeHome,vit,softmax,multnoise_0.5,multnoise,Synthetic,0.3680555555555556,0.2222222222222222,0.14583333333333337,ATC-MC
OfficeHome,vit,softmax,noise_0.025,noise,Synthetic,0.04861111111111116,0.02546296296296302,0.02314814814814814,ATC-MC
OfficeHome,vit,softmax,noise_0.05,noise,Synthetic,0.0532407407407407,0.02314814814814814,0.03009259259259256,ATC-MC
OfficeHome,vit,softmax,noise_0.07500000000000001,noise,Synthetic,0.06018518518518523,0.03935185185185186,0.02083333333333337,ATC-MC
OfficeHome,vit,softmax,noise_0.1,noise,Synthetic,0.06712962962962965,0.0532407407407407,0.01388888888888895,ATC-MC
OfficeHome,vit,softmax,noise_0.125,noise,Synthetic,0.09490740740740744,0.05555555555555558,0.03935185185185186,ATC-MC
OfficeHome,vit,softmax,noise_0.15000000000000002,noise,Synthetic,0.10648148148148151,0.06944444444444442,0.03703703703703709,ATC-MC
OfficeHome,vit,softmax,noise_0.17500000000000002,noise,Synthetic,0.1342592592592593,0.09259259259259256,0.04166666666666674,ATC-MC
OfficeHome,vit,softmax,noise_0.2,noise,Synthetic,0.16435185185185186,0.10416666666666663,0.06018518518518523,ATC-MC
OfficeHome,vit,softmax,noise_0.225,noise,Synthetic,0.17361111111111116,0.10416666666666663,0.06944444444444453,ATC-MC
OfficeHome,vit,softmax,noise_0.25,noise,Synthetic,0.20833333333333337,0.13194444444444442,0.07638888888888895,ATC-MC
OfficeHome,vit,softmax,noise_0.275,noise,Synthetic,0.25462962962962965,0.15046296296296302,0.10416666666666663,ATC-MC
OfficeHome,vit,softmax,noise_0.30000000000000004,noise,Synthetic,0.27314814814814814,0.1620370370370371,0.11111111111111105,ATC-MC
OfficeHome,vit,softmax,noise_0.325,noise,Synthetic,0.3148148148148148,0.16435185185185186,0.15046296296296297,ATC-MC
OfficeHome,vit,softmax,noise_0.35000000000000003,noise,Synthetic,0.33101851851851855,0.17361111111111116,0.15740740740740738,ATC-MC
OfficeHome,vit,softmax,noise_0.375,noise,Synthetic,0.3564814814814815,0.2060185185185185,0.15046296296296302,ATC-MC
OfficeHome,vit,softmax,noise_0.4,noise,Synthetic,0.3680555555555556,0.21296296296296302,0.15509259259259256,ATC-MC
OfficeHome,vit,softmax,noise_0.42500000000000004,noise,Synthetic,0.40740740740740744,0.20370370370370372,0.20370370370370372,ATC-MC
OfficeHome,vit,softmax,noise_0.45,noise,Synthetic,0.42592592592592593,0.20370370370370372,0.2222222222222222,ATC-MC
OfficeHome,vit,softmax,noise_0.47500000000000003,noise,Synthetic,0.44907407407407407,0.2222222222222222,0.22685185185185186,ATC-MC
OfficeHome,vit,softmax,noise_0.5,noise,Synthetic,0.4675925925925926,0.22685185185185186,0.24074074074074076,ATC-MC
OfficeHome,vit,softmax,saltpepper_0.025,saltpepper,Synthetic,0.31712962962962965,0.21064814814814814,0.10648148148148151,ATC-MC
OfficeHome,vit,softmax,saltpepper_0.05,saltpepper,Synthetic,0.3425925925925926,0.2060185185185185,0.13657407407407413,ATC-MC
OfficeHome,vit,softmax,saltpepper_0.07500000000000001,saltpepper,Synthetic,0.3402777777777778,0.22916666666666669,0.1111111111111111,ATC-MC
OfficeHome,vit,softmax,saltpepper_0.1,saltpepper,Synthetic,0.3541666666666667,0.22916666666666669,0.125,ATC-MC
OfficeHome,vit,softmax,saltpepper_0.125,saltpepper,Synthetic,0.3564814814814815,0.22453703703703703,0.13194444444444448,ATC-MC
OfficeHome,vit,softmax,saltpepper_0.15000000000000002,saltpepper,Synthetic,0.3564814814814815,0.22453703703703703,0.13194444444444448,ATC-MC
OfficeHome,vit,softmax,saltpepper_0.17500000000000002,saltpepper,Synthetic,0.3680555555555556,0.22916666666666669,0.1388888888888889,ATC-MC
OfficeHome,vit,softmax,saltpepper_0.2,saltpepper,Synthetic,0.3819444444444445,0.21759259259259262,0.16435185185185186,ATC-MC
OfficeHome,vit,softmax,saltpepper_0.225,saltpepper,Synthetic,0.3912037037037037,0.2222222222222222,0.1689814814814815,ATC-MC
OfficeHome,vit,softmax,saltpepper_0.25,saltpepper,Synthetic,0.39351851851851855,0.2314814814814815,0.16203703703703703,ATC-MC
OfficeHome,vit,softmax,saltpepper_0.275,saltpepper,Synthetic,0.4050925925925926,0.2222222222222222,0.1828703703703704,ATC-MC
OfficeHome,vit,softmax,saltpepper_0.30000000000000004,saltpepper,Synthetic,0.4189814814814815,0.22453703703703703,0.19444444444444448,ATC-MC
OfficeHome,vit,softmax,saltpepper_0.325,saltpepper,Synthetic,0.4351851851851852,0.22453703703703703,0.21064814814814814,ATC-MC
OfficeHome,vit,softmax,saltpepper_0.35000000000000003,saltpepper,Synthetic,0.4375,0.21990740740740744,0.21759259259259256,ATC-MC
OfficeHome,vit,softmax,saltpepper_0.375,saltpepper,Synthetic,0.4513888888888889,0.22453703703703703,0.22685185185185186,ATC-MC
OfficeHome,vit,softmax,saltpepper_0.4,saltpepper,Synthetic,0.4513888888888889,0.23379629629629634,0.21759259259259256,ATC-MC
OfficeHome,vit,softmax,saltpepper_0.42500000000000004,saltpepper,Synthetic,0.45601851851851855,0.22453703703703703,0.2314814814814815,ATC-MC
OfficeHome,vit,softmax,saltpepper_0.45,saltpepper,Synthetic,0.46296296296296297,0.2361111111111111,0.22685185185185186,ATC-MC
OfficeHome,vit,softmax,saltpepper_0.47500000000000003,saltpepper,Synthetic,0.4722222222222222,0.25462962962962965,0.21759259259259256,ATC-MC
OfficeHome,vit,softmax,saltpepper_0.5,saltpepper,Synthetic,0.4814814814814815,0.2569444444444445,0.22453703703703703,ATC-MC
OfficeHome,vit,softmax,smear_0.025,smear,Synthetic,0.05555555555555558,0.02083333333333337,0.03472222222222221,ATC-MC
OfficeHome,vit,softmax,smear_0.05,smear,Synthetic,0.05787037037037035,0.02546296296296302,0.03240740740740733,ATC-MC
OfficeHome,vit,softmax,smear_0.07500000000000001,smear,Synthetic,0.04398148148148151,0.01851851851851849,0.02546296296296302,ATC-MC
OfficeHome,vit,softmax,smear_0.1,smear,Synthetic,0.04629629629629628,0.00462962962962965,0.04166666666666663,ATC-MC
OfficeHome,vit,softmax,smear_0.125,smear,Synthetic,0.04861111111111116,0.03935185185185186,0.0092592592592593,ATC-MC
OfficeHome,vit,softmax,smear_0.15000000000000002,smear,Synthetic,0.05555555555555558,0.02083333333333337,0.03472222222222221,ATC-MC
OfficeHome,vit,softmax,smear_0.17500000000000002,smear,Synthetic,0.05555555555555558,0.03472222222222221,0.02083333333333337,ATC-MC
OfficeHome,vit,softmax,smear_0.2,smear,Synthetic,0.06481481481481488,0.00462962962962965,0.06018518518518523,ATC-MC
OfficeHome,vit,softmax,smear_0.225,smear,Synthetic,0.06018518518518523,0.04398148148148151,0.01620370370370372,ATC-MC
OfficeHome,vit,softmax,smear_0.25,smear,Synthetic,0.05787037037037035,0.02083333333333337,0.03703703703703698,ATC-MC
OfficeHome,vit,softmax,smear_0.275,smear,Synthetic,0.05555555555555558,0.01851851851851849,0.03703703703703709,ATC-MC
OfficeHome,vit,softmax,smear_0.30000000000000004,smear,Synthetic,0.08101851851851849,0.03472222222222221,0.04629629629629628,ATC-MC
OfficeHome,vit,softmax,smear_0.325,smear,Synthetic,0.07870370370370372,0.03935185185185186,0.03935185185185186,ATC-MC
OfficeHome,vit,softmax,smear_0.35000000000000003,smear,Synthetic,0.09259259259259256,0.0717592592592593,0.02083333333333326,ATC-MC
OfficeHome,vit,softmax,smear_0.375,smear,Synthetic,0.07638888888888895,0.04861111111111116,0.02777777777777779,ATC-MC
OfficeHome,vit,softmax,smear_0.4,smear,Synthetic,0.11342592592592593,0.07638888888888895,0.03703703703703698,ATC-MC
OfficeHome,vit,softmax,smear_0.42500000000000004,smear,Synthetic,0.09259259259259256,0.08564814814814814,0.00694444444444442,ATC-MC
OfficeHome,vit,softmax,smear_0.45,smear,Synthetic,0.10648148148148151,0.07407407407407407,0.03240740740740744,ATC-MC
OfficeHome,vit,softmax,smear_0.47500000000000003,smear,Synthetic,0.12037037037037035,0.07407407407407407,0.04629629629629628,ATC-MC
OfficeHome,vit,softmax,smear_0.5,smear,Synthetic,0.10879629629629628,0.06712962962962965,0.04166666666666663,ATC-MC
Polyp,unet,cross_entropy,CVC-ClinicDB,Organic,Organic,0.15131578947368418,0.743421052631579,0.5921052631578948,ATC-NE
Polyp,unet,cross_entropy,EndoCV2020,Organic,Organic,0.17500000000000004,0.008333333333333304,0.16666666666666674,ATC-NE
Polyp,unet,cross_entropy,EtisLaribDB,Organic,Organic,0.53125,0.875,0.34375,ATC-NE
Polyp,unet,cross_entropy,brightness_0.025,brightness,Synthetic,0.0,0.04166666666666663,0.04166666666666663,ATC-NE
Polyp,unet,cross_entropy,brightness_0.05,brightness,Synthetic,0.0,0.04166666666666663,0.04166666666666663,ATC-NE
Polyp,unet,cross_entropy,brightness_0.07500000000000001,brightness,Synthetic,0.0,0.04166666666666663,0.04166666666666663,ATC-NE
Polyp,unet,cross_entropy,brightness_0.1,brightness,Synthetic,-0.01041666666666663,-0.04166666666666663,0.03125,ATC-NE
Polyp,unet,cross_entropy,brightness_0.125,brightness,Synthetic,0.0,0.125,0.125,ATC-NE
Polyp,unet,cross_entropy,brightness_0.15000000000000002,brightness,Synthetic,0.0,0.125,0.125,ATC-NE
Polyp,unet,cross_entropy,brightness_0.17500000000000002,brightness,Synthetic,0.0,0.04166666666666663,0.04166666666666663,ATC-NE
Polyp,unet,cross_entropy,brightness_0.2,brightness,Synthetic,0.0,0.125,0.125,ATC-NE
Polyp,unet,cross_entropy,brightness_0.225,brightness,Synthetic,-0.01041666666666663,0.04166666666666663,0.05208333333333326,ATC-NE
Polyp,unet,cross_entropy,brightness_0.25,brightness,Synthetic,0.0,0.20833333333333337,0.20833333333333337,ATC-NE
Polyp,unet,cross_entropy,brightness_0.275,brightness,Synthetic,0.01041666666666663,0.125,0.11458333333333337,ATC-NE
Polyp,unet,cross_entropy,brightness_0.30000000000000004,brightness,Synthetic,0.0,0.125,0.125,ATC-NE
Polyp,unet,cross_entropy,brightness_0.325,brightness,Synthetic,0.0,0.125,0.125,ATC-NE
Polyp,unet,cross_entropy,brightness_0.35000000000000003,brightness,Synthetic,0.0,0.04166666666666663,0.04166666666666663,ATC-NE
Polyp,unet,cross_entropy,brightness_0.375,brightness,Synthetic,-0.01041666666666663,0.04166666666666663,0.05208333333333326,ATC-NE
Polyp,unet,cross_entropy,brightness_0.4,brightness,Synthetic,0.0,0.125,0.125,ATC-NE
Polyp,unet,cross_entropy,brightness_0.42500000000000004,brightness,Synthetic,0.0,-0.04166666666666663,0.04166666666666663,ATC-NE
Polyp,unet,cross_entropy,brightness_0.45,brightness,Synthetic,0.0,0.125,0.125,ATC-NE
Polyp,unet,cross_entropy,brightness_0.47500000000000003,brightness,Synthetic,0.0,0.125,0.125,ATC-NE
Polyp,unet,cross_entropy,brightness_0.5,brightness,Synthetic,0.01041666666666663,0.20833333333333337,0.19791666666666674,ATC-NE
Polyp,unet,cross_entropy,contrast_0.025,contrast,Synthetic,0.0,0.20833333333333337,0.20833333333333337,ATC-NE
Polyp,unet,cross_entropy,contrast_0.05,contrast,Synthetic,-0.02083333333333337,0.125,0.14583333333333337,ATC-NE
Polyp,unet,cross_entropy,contrast_0.07500000000000001,contrast,Synthetic,-0.01041666666666663,0.04166666666666663,0.05208333333333326,ATC-NE
Polyp,unet,cross_entropy,contrast_0.1,contrast,Synthetic,-0.01041666666666663,0.125,0.13541666666666663,ATC-NE
Polyp,unet,cross_entropy,contrast_0.125,contrast,Synthetic,-0.01041666666666663,0.125,0.13541666666666663,ATC-NE
Polyp,unet,cross_entropy,contrast_0.15000000000000002,contrast,Synthetic,-0.00520833333333337,0.16666666666666663,0.171875,ATC-NE
Polyp,unet,cross_entropy,contrast_0.17500000000000002,contrast,Synthetic,0.00520833333333337,0.125,0.11979166666666663,ATC-NE
Polyp,unet,cross_entropy,contrast_0.2,contrast,Synthetic,0.00520833333333337,0.125,0.11979166666666663,ATC-NE
Polyp,unet,cross_entropy,contrast_0.225,contrast,Synthetic,0.00520833333333337,0.04166666666666663,0.03645833333333326,ATC-NE
Polyp,unet,cross_entropy,contrast_0.25,contrast,Synthetic,0.02083333333333337,0.125,0.10416666666666663,ATC-NE
Polyp,unet,cross_entropy,contrast_0.275,contrast,Synthetic,-0.00520833333333337,0.04166666666666663,0.046875,ATC-NE
Polyp,unet,cross_entropy,contrast_0.30000000000000004,contrast,Synthetic,0.02083333333333337,0.04166666666666663,0.02083333333333326,ATC-NE
Polyp,unet,cross_entropy,contrast_0.325,contrast,Synthetic,0.02604166666666663,0.04166666666666663,0.015625,ATC-NE
Polyp,unet,cross_entropy,contrast_0.35000000000000003,contrast,Synthetic,0.02604166666666663,0.0,0.02604166666666663,ATC-NE
Polyp,unet,cross_entropy,contrast_0.375,contrast,Synthetic,0.03125,-0.08333333333333337,0.11458333333333337,ATC-NE
Polyp,unet,cross_entropy,contrast_0.4,contrast,Synthetic,0.015625,0.04166666666666663,0.02604166666666663,ATC-NE
Polyp,unet,cross_entropy,contrast_0.42500000000000004,contrast,Synthetic,0.01041666666666663,0.125,0.11458333333333337,ATC-NE
Polyp,unet,cross_entropy,contrast_0.45,contrast,Synthetic,0.015625,0.125,0.109375,ATC-NE
Polyp,unet,cross_entropy,contrast_0.47500000000000003,contrast,Synthetic,0.01041666666666663,0.16666666666666663,0.15625,ATC-NE
Polyp,unet,cross_entropy,contrast_0.5,contrast,Synthetic,0.02083333333333337,0.125,0.10416666666666663,ATC-NE
Polyp,unet,cross_entropy,fog_0.025,fog,Synthetic,0.0,0.125,0.125,ATC-NE
Polyp,unet,cross_entropy,fog_0.05,fog,Synthetic,0.0,0.125,0.125,ATC-NE
Polyp,unet,cross_entropy,fog_0.07500000000000001,fog,Synthetic,0.0,0.04166666666666663,0.04166666666666663,ATC-NE
Polyp,unet,cross_entropy,fog_0.1,fog,Synthetic,0.0,0.125,0.125,ATC-NE
Polyp,unet,cross_entropy,fog_0.125,fog,Synthetic,-0.01041666666666663,0.20833333333333337,0.21875,ATC-NE
Polyp,unet,cross_entropy,fog_0.15000000000000002,fog,Synthetic,-0.02083333333333337,0.04166666666666663,0.0625,ATC-NE
Polyp,unet,cross_entropy,fog_0.17500000000000002,fog,Synthetic,-0.01041666666666663,0.04166666666666663,0.05208333333333326,ATC-NE
Polyp,unet,cross_entropy,fog_0.2,fog,Synthetic,-0.01041666666666663,0.125,0.13541666666666663,ATC-NE
Polyp,unet,cross_entropy,fog_0.225,fog,Synthetic,0.0,0.04166666666666663,0.04166666666666663,ATC-NE
Polyp,unet,cross_entropy,fog_0.25,fog,Synthetic,-0.02083333333333337,0.125,0.14583333333333337,ATC-NE
Polyp,unet,cross_entropy,fog_0.275,fog,Synthetic,0.0,-0.125,0.125,ATC-NE
Polyp,unet,cross_entropy,fog_0.30000000000000004,fog,Synthetic,-0.01041666666666663,0.20833333333333337,0.21875,ATC-NE
Polyp,unet,cross_entropy,fog_0.325,fog,Synthetic,0.0,0.04166666666666663,0.04166666666666663,ATC-NE
Polyp,unet,cross_entropy,fog_0.35000000000000003,fog,Synthetic,0.01041666666666663,0.04166666666666663,0.03125,ATC-NE
Polyp,unet,cross_entropy,fog_0.375,fog,Synthetic,0.0,0.125,0.125,ATC-NE
Polyp,unet,cross_entropy,fog_0.4,fog,Synthetic,0.01041666666666663,0.20833333333333337,0.19791666666666674,ATC-NE
Polyp,unet,cross_entropy,fog_0.42500000000000004,fog,Synthetic,0.0,0.20833333333333337,0.20833333333333337,ATC-NE
Polyp,unet,cross_entropy,fog_0.45,fog,Synthetic,0.0,-0.04166666666666663,0.04166666666666663,ATC-NE
Polyp,unet,cross_entropy,fog_0.47500000000000003,fog,Synthetic,0.0,0.125,0.125,ATC-NE
Polyp,unet,cross_entropy,fog_0.5,fog,Synthetic,0.01041666666666663,0.125,0.11458333333333337,ATC-NE
Polyp,unet,cross_entropy,hue_0.025,hue,Synthetic,-0.01041666666666663,0.04166666666666663,0.05208333333333326,ATC-NE
Polyp,unet,cross_entropy,hue_0.05,hue,Synthetic,-0.01041666666666663,0.04166666666666663,0.05208333333333326,ATC-NE
Polyp,unet,cross_entropy,hue_0.07500000000000001,hue,Synthetic,0.0,-0.04166666666666663,0.04166666666666663,ATC-NE
Polyp,unet,cross_entropy,hue_0.1,hue,Synthetic,0.0625,0.04166666666666663,0.02083333333333337,ATC-NE
Polyp,unet,cross_entropy,hue_0.125,hue,Synthetic,0.08333333333333337,-0.04166666666666663,0.125,ATC-NE
Polyp,unet,cross_entropy,hue_0.15000000000000002,hue,Synthetic,0.13541666666666663,-0.125,0.26041666666666663,ATC-NE
Polyp,unet,cross_entropy,hue_0.17500000000000002,hue,Synthetic,0.16666666666666663,0.04166666666666663,0.125,ATC-NE
Polyp,unet,cross_entropy,hue_0.2,hue,Synthetic,0.20833333333333337,0.04166666666666663,0.16666666666666674,ATC-NE
Polyp,unet,cross_entropy,hue_0.225,hue,Synthetic,0.25,0.04166666666666663,0.20833333333333337,ATC-NE
Polyp,unet,cross_entropy,hue_0.25,hue,Synthetic,0.27083333333333337,-0.04166666666666663,0.3125,ATC-NE
Polyp,unet,cross_entropy,hue_0.275,hue,Synthetic,0.36458333333333337,0.04166666666666663,0.32291666666666674,ATC-NE
Polyp,unet,cross_entropy,hue_0.30000000000000004,hue,Synthetic,0.4270833333333333,0.125,0.3020833333333333,ATC-NE
Polyp,unet,cross_entropy,hue_0.325,hue,Synthetic,0.4166666666666667,0.375,0.041666666666666685,ATC-NE
Polyp,unet,cross_entropy,hue_0.35000000000000003,hue,Synthetic,0.4791666666666667,0.04166666666666663,0.43750000000000006,ATC-NE
Polyp,unet,cross_entropy,hue_0.375,hue,Synthetic,0.4479166666666667,0.29166666666666663,0.15625000000000006,ATC-NE
Polyp,unet,cross_entropy,hue_0.4,hue,Synthetic,0.4270833333333333,0.125,0.3020833333333333,ATC-NE
Polyp,unet,cross_entropy,hue_0.42500000000000004,hue,Synthetic,0.4375,0.20833333333333337,0.22916666666666663,ATC-NE
Polyp,unet,cross_entropy,hue_0.45,hue,Synthetic,0.3854166666666667,0.375,0.010416666666666685,ATC-NE
Polyp,unet,cross_entropy,hue_0.47500000000000003,hue,Synthetic,0.3854166666666667,0.375,0.010416666666666685,ATC-NE
Polyp,unet,cross_entropy,hue_0.5,hue,Synthetic,0.375,0.375,0.0,ATC-NE
Polyp,unet,cross_entropy,ind_test,ind_test,Organic,0.0,0.04166666666666663,0.04166666666666663,ATC-NE
Polyp,unet,cross_entropy,jpeg_0.025,jpeg,Synthetic,0.0,0.20833333333333337,0.20833333333333337,ATC-NE
Polyp,unet,cross_entropy,jpeg_0.05,jpeg,Synthetic,-0.02083333333333337,0.125,0.14583333333333337,ATC-NE
Polyp,unet,cross_entropy,jpeg_0.07500000000000001,jpeg,Synthetic,-0.01041666666666663,-0.04166666666666663,0.03125,ATC-NE
Polyp,unet,cross_entropy,jpeg_0.1,jpeg,Synthetic,-0.01041666666666663,0.125,0.13541666666666663,ATC-NE
Polyp,unet,cross_entropy,jpeg_0.125,jpeg,Synthetic,-0.01041666666666663,0.04166666666666663,0.05208333333333326,ATC-NE
Polyp,unet,cross_entropy,jpeg_0.15000000000000002,jpeg,Synthetic,-0.02083333333333337,0.20833333333333337,0.22916666666666674,ATC-NE
Polyp,unet,cross_entropy,jpeg_0.17500000000000002,jpeg,Synthetic,0.0,0.125,0.125,ATC-NE
Polyp,unet,cross_entropy,jpeg_0.2,jpeg,Synthetic,0.0,0.20833333333333337,0.20833333333333337,ATC-NE
Polyp,unet,cross_entropy,jpeg_0.225,jpeg,Synthetic,-0.01041666666666663,0.20833333333333337,0.21875,ATC-NE
Polyp,unet,cross_entropy,jpeg_0.25,jpeg,Synthetic,-0.01041666666666663,0.04166666666666663,0.05208333333333326,ATC-NE
Polyp,unet,cross_entropy,jpeg_0.275,jpeg,Synthetic,0.0,0.125,0.125,ATC-NE
Polyp,unet,cross_entropy,jpeg_0.30000000000000004,jpeg,Synthetic,0.0,-0.125,0.125,ATC-NE
Polyp,unet,cross_entropy,jpeg_0.325,jpeg,Synthetic,0.0,0.04166666666666663,0.04166666666666663,ATC-NE
Polyp,unet,cross_entropy,jpeg_0.35000000000000003,jpeg,Synthetic,-0.01041666666666663,0.04166666666666663,0.05208333333333326,ATC-NE
Polyp,unet,cross_entropy,jpeg_0.375,jpeg,Synthetic,0.01041666666666663,0.125,0.11458333333333337,ATC-NE
Polyp,unet,cross_entropy,jpeg_0.4,jpeg,Synthetic,-0.02083333333333337,0.125,0.14583333333333337,ATC-NE
Polyp,unet,cross_entropy,jpeg_0.42500000000000004,jpeg,Synthetic,-0.03125,0.04166666666666663,0.07291666666666663,ATC-NE
Polyp,unet,cross_entropy,jpeg_0.45,jpeg,Synthetic,-0.02083333333333337,0.04166666666666663,0.0625,ATC-NE
Polyp,unet,cross_entropy,jpeg_0.47500000000000003,jpeg,Synthetic,-0.02083333333333337,-0.04166666666666663,0.02083333333333326,ATC-NE
Polyp,unet,cross_entropy,jpeg_0.5,jpeg,Synthetic,0.0,0.125,0.125,ATC-NE
Polyp,unet,cross_entropy,multnoise_0.025,multnoise,Synthetic,-0.03125,0.20833333333333337,0.23958333333333337,ATC-NE
Polyp,unet,cross_entropy,multnoise_0.05,multnoise,Synthetic,-0.01041666666666663,0.04166666666666663,0.05208333333333326,ATC-NE
Polyp,unet,cross_entropy,multnoise_0.07500000000000001,multnoise,Synthetic,0.07291666666666663,-0.04166666666666663,0.11458333333333326,ATC-NE
Polyp,unet,cross_entropy,multnoise_0.1,multnoise,Synthetic,0.15625,-0.125,0.28125,ATC-NE
Polyp,unet,cross_entropy,multnoise_0.125,multnoise,Synthetic,0.30208333333333337,0.125,0.17708333333333337,ATC-NE
Polyp,unet,cross_entropy,multnoise_0.15000000000000002,multnoise,Synthetic,0.33333333333333337,0.29166666666666663,0.04166666666666674,ATC-NE
Polyp,unet,cross_entropy,multnoise_0.17500000000000002,multnoise,Synthetic,0.5416666666666667,0.7916666666666666,0.2499999999999999,ATC-NE
Polyp,unet,cross_entropy,multnoise_0.2,multnoise,Synthetic,0.6354166666666666,0.875,0.23958333333333337,ATC-NE
Polyp,unet,cross_entropy,multnoise_0.225,multnoise,Synthetic,0.7395833333333334,0.875,0.13541666666666663,ATC-NE
Polyp,unet,cross_entropy,multnoise_0.25,multnoise,Synthetic,0.7916666666666666,0.875,0.08333333333333337,ATC-NE
Polyp,unet,cross_entropy,multnoise_0.275,multnoise,Synthetic,0.8229166666666666,0.875,0.05208333333333337,ATC-NE
Polyp,unet,cross_entropy,multnoise_0.30000000000000004,multnoise,Synthetic,0.8645833333333334,0.875,0.01041666666666663,ATC-NE
Polyp,unet,cross_entropy,multnoise_0.325,multnoise,Synthetic,0.8645833333333334,0.875,0.01041666666666663,ATC-NE
Polyp,unet,cross_entropy,multnoise_0.35000000000000003,multnoise,Synthetic,0.875,0.875,0.0,ATC-NE
Polyp,unet,cross_entropy,multnoise_0.375,multnoise,Synthetic,0.875,0.875,0.0,ATC-NE
Polyp,unet,cross_entropy,multnoise_0.4,multnoise,Synthetic,0.875,0.875,0.0,ATC-NE
Polyp,unet,cross_entropy,multnoise_0.42500000000000004,multnoise,Synthetic,0.875,0.875,0.0,ATC-NE
Polyp,unet,cross_entropy,multnoise_0.45,multnoise,Synthetic,0.875,0.875,0.0,ATC-NE
Polyp,unet,cross_entropy,multnoise_0.47500000000000003,multnoise,Synthetic,0.875,0.875,0.0,ATC-NE
Polyp,unet,cross_entropy,multnoise_0.5,multnoise,Synthetic,0.875,0.875,0.0,ATC-NE
Polyp,unet,cross_entropy,noise_0.025,noise,Synthetic,-0.02083333333333337,0.125,0.14583333333333337,ATC-NE
Polyp,unet,cross_entropy,noise_0.05,noise,Synthetic,-0.02083333333333337,0.125,0.14583333333333337,ATC-NE
Polyp,unet,cross_entropy,noise_0.07500000000000001,noise,Synthetic,0.0625,-0.125,0.1875,ATC-NE
Polyp,unet,cross_entropy,noise_0.1,noise,Synthetic,0.20833333333333337,-0.04166666666666663,0.25,ATC-NE
Polyp,unet,cross_entropy,noise_0.125,noise,Synthetic,0.3125,0.20833333333333337,0.10416666666666663,ATC-NE
Polyp,unet,cross_entropy,noise_0.15000000000000002,noise,Synthetic,0.34375,0.20833333333333337,0.13541666666666663,ATC-NE
Polyp,unet,cross_entropy,noise_0.17500000000000002,noise,Synthetic,0.5208333333333333,0.625,0.10416666666666674,ATC-NE
Polyp,unet,cross_entropy,noise_0.2,noise,Synthetic,0.59375,0.875,0.28125,ATC-NE
Polyp,unet,cross_entropy,noise_0.225,noise,Synthetic,0.7083333333333334,0.875,0.16666666666666663,ATC-NE
Polyp,unet,cross_entropy,noise_0.25,noise,Synthetic,0.7916666666666666,0.875,0.08333333333333337,ATC-NE
Polyp,unet,cross_entropy,noise_0.275,noise,Synthetic,0.8541666666666666,0.875,0.02083333333333337,ATC-NE
Polyp,unet,cross_entropy,noise_0.30000000000000004,noise,Synthetic,0.8645833333333334,0.875,0.01041666666666663,ATC-NE
Polyp,unet,cross_entropy,noise_0.325,noise,Synthetic,0.875,0.875,0.0,ATC-NE
Polyp,unet,cross_entropy,noise_0.35000000000000003,noise,Synthetic,0.875,0.875,0.0,ATC-NE
Polyp,unet,cross_entropy,noise_0.375,noise,Synthetic,0.875,0.875,0.0,ATC-NE
Polyp,unet,cross_entropy,noise_0.4,noise,Synthetic,0.875,0.875,0.0,ATC-NE
Polyp,unet,cross_entropy,noise_0.42500000000000004,noise,Synthetic,0.875,0.875,0.0,ATC-NE
Polyp,unet,cross_entropy,noise_0.45,noise,Synthetic,0.875,0.875,0.0,ATC-NE
Polyp,unet,cross_entropy,noise_0.47500000000000003,noise,Synthetic,0.875,0.875,0.0,ATC-NE
Polyp,unet,cross_entropy,noise_0.5,noise,Synthetic,0.875,0.875,0.0,ATC-NE
Polyp,unet,cross_entropy,saltpepper_0.025,saltpepper,Synthetic,0.8333333333333334,0.875,0.04166666666666663,ATC-NE
Polyp,unet,cross_entropy,saltpepper_0.05,saltpepper,Synthetic,0.8541666666666666,0.875,0.02083333333333337,ATC-NE
Polyp,unet,cross_entropy,saltpepper_0.07500000000000001,saltpepper,Synthetic,0.84375,0.875,0.03125,ATC-NE
Polyp,unet,cross_entropy,saltpepper_0.1,saltpepper,Synthetic,0.8541666666666666,0.875,0.02083333333333337,ATC-NE
Polyp,unet,cross_entropy,saltpepper_0.125,saltpepper,Synthetic,0.84375,0.875,0.03125,ATC-NE
Polyp,unet,cross_entropy,saltpepper_0.15000000000000002,saltpepper,Synthetic,0.8541666666666666,0.875,0.02083333333333337,ATC-NE
Polyp,unet,cross_entropy,saltpepper_0.17500000000000002,saltpepper,Synthetic,0.8541666666666666,0.875,0.02083333333333337,ATC-NE
Polyp,unet,cross_entropy,saltpepper_0.2,saltpepper,Synthetic,0.8541666666666666,0.875,0.02083333333333337,ATC-NE
Polyp,unet,cross_entropy,saltpepper_0.225,saltpepper,Synthetic,0.8645833333333334,0.875,0.01041666666666663,ATC-NE
Polyp,unet,cross_entropy,saltpepper_0.25,saltpepper,Synthetic,0.8541666666666666,0.875,0.02083333333333337,ATC-NE
Polyp,unet,cross_entropy,saltpepper_0.275,saltpepper,Synthetic,0.8541666666666666,0.875,0.02083333333333337,ATC-NE
Polyp,unet,cross_entropy,saltpepper_0.30000000000000004,saltpepper,Synthetic,0.8645833333333334,0.875,0.01041666666666663,ATC-NE
Polyp,unet,cross_entropy,saltpepper_0.325,saltpepper,Synthetic,0.875,0.875,0.0,ATC-NE
Polyp,unet,cross_entropy,saltpepper_0.35000000000000003,saltpepper,Synthetic,0.875,0.875,0.0,ATC-NE
Polyp,unet,cross_entropy,saltpepper_0.375,saltpepper,Synthetic,0.875,0.875,0.0,ATC-NE
Polyp,unet,cross_entropy,saltpepper_0.4,saltpepper,Synthetic,0.875,0.875,0.0,ATC-NE
Polyp,unet,cross_entropy,saltpepper_0.42500000000000004,saltpepper,Synthetic,0.875,0.875,0.0,ATC-NE
Polyp,unet,cross_entropy,saltpepper_0.45,saltpepper,Synthetic,0.875,0.875,0.0,ATC-NE
Polyp,unet,cross_entropy,saltpepper_0.47500000000000003,saltpepper,Synthetic,0.875,0.875,0.0,ATC-NE
Polyp,unet,cross_entropy,saltpepper_0.5,saltpepper,Synthetic,0.875,0.875,0.0,ATC-NE
Polyp,unet,cross_entropy,smear_0.025,smear,Synthetic,0.02083333333333337,0.125,0.10416666666666663,ATC-NE
Polyp,unet,cross_entropy,smear_0.05,smear,Synthetic,0.0,0.125,0.125,ATC-NE
Polyp,unet,cross_entropy,smear_0.07500000000000001,smear,Synthetic,0.02083333333333337,0.125,0.10416666666666663,ATC-NE
Polyp,unet,cross_entropy,smear_0.1,smear,Synthetic,-0.01041666666666663,0.04166666666666663,0.05208333333333326,ATC-NE
Polyp,unet,cross_entropy,smear_0.125,smear,Synthetic,0.01041666666666663,-0.04166666666666663,0.05208333333333326,ATC-NE
Polyp,unet,cross_entropy,smear_0.15000000000000002,smear,Synthetic,0.0625,0.125,0.0625,ATC-NE
Polyp,unet,cross_entropy,smear_0.17500000000000002,smear,Synthetic,0.11458333333333337,0.125,0.01041666666666663,ATC-NE
Polyp,unet,cross_entropy,smear_0.2,smear,Synthetic,0.22916666666666663,0.20833333333333337,0.02083333333333326,ATC-NE
Polyp,unet,cross_entropy,smear_0.225,smear,Synthetic,0.22916666666666663,0.125,0.10416666666666663,ATC-NE
Polyp,unet,cross_entropy,smear_0.25,smear,Synthetic,0.34375,0.125,0.21875,ATC-NE
Polyp,unet,cross_entropy,smear_0.275,smear,Synthetic,0.4479166666666667,0.4583333333333333,0.01041666666666663,ATC-NE
Polyp,unet,cross_entropy,smear_0.30000000000000004,smear,Synthetic,0.4895833333333333,0.125,0.3645833333333333,ATC-NE
Polyp,unet,cross_entropy,smear_0.325,smear,Synthetic,0.5625,0.29166666666666663,0.27083333333333337,ATC-NE
Polyp,unet,cross_entropy,smear_0.35000000000000003,smear,Synthetic,0.6145833333333333,0.375,0.23958333333333326,ATC-NE
Polyp,unet,cross_entropy,smear_0.375,smear,Synthetic,0.65625,0.375,0.28125,ATC-NE
Polyp,unet,cross_entropy,smear_0.4,smear,Synthetic,0.6770833333333334,0.29166666666666663,0.38541666666666674,ATC-NE
Polyp,unet,cross_entropy,smear_0.42500000000000004,smear,Synthetic,0.6875,0.4583333333333333,0.22916666666666669,ATC-NE
Polyp,unet,cross_entropy,smear_0.45,smear,Synthetic,0.75,0.625,0.125,ATC-NE
Polyp,unet,cross_entropy,smear_0.47500000000000003,smear,Synthetic,0.7708333333333334,0.4583333333333333,0.31250000000000006,ATC-NE
Polyp,unet,cross_entropy,smear_0.5,smear,Synthetic,0.8125,0.4583333333333333,0.3541666666666667,ATC-NE
Office31,resnet,kNN,brightness_0.025,brightness,Synthetic,-0.027593984962405838,0.012019673841219158,0.039613658803624996,PRE
Office31,resnet,kNN,brightness_0.025,brightness,Synthetic,-0.027593984962405838,0.04342361261351002,0.07101759757591586,PRE-0
Office31,resnet,kNN,brightness_0.025,brightness,Synthetic,-0.027593984962405838,0.014148139129791626,0.04174212409219746,PRE
Office31,resnet,kNN,brightness_0.025,brightness,Synthetic,-0.027593984962405838,0.04508340430260094,0.07267738926500678,PRE-0
Office31,resnet,kNN,brightness_0.05,brightness,Synthetic,-0.06363408521303238,0.015534328865413616,0.07916841407844599,PRE
Office31,resnet,kNN,brightness_0.05,brightness,Synthetic,-0.06363408521303238,0.05612104685813779,0.11975513207117017,PRE-0
Office31,resnet,kNN,brightness_0.05,brightness,Synthetic,-0.06363408521303238,0.01777088919673142,0.0814049744097638,PRE
Office31,resnet,kNN,brightness_0.05,brightness,Synthetic,-0.06363408521303238,0.05775188943695553,0.1213859746499879,PRE-0
Office31,resnet,kNN,brightness_0.07500000000000001,brightness,Synthetic,-0.06894736842105254,0.0042711217237162424,0.07321849014476878,PRE
Office31,resnet,kNN,brightness_0.07500000000000001,brightness,Synthetic,-0.06894736842105254,0.015430330107608192,0.08437769852866073,PRE-0
Office31,resnet,kNN,brightness_0.07500000000000001,brightness,Synthetic,-0.06894736842105254,0.006161276262986126,0.07510864468403866,PRE
Office31,resnet,kNN,brightness_0.07500000000000001,brightness,Synthetic,-0.06894736842105254,0.017153944188416204,0.08610131260946874,PRE-0
Office31,resnet,kNN,brightness_0.1,brightness,Synthetic,0.021904761904762093,0.013050571036109071,0.008854190868653022,PRE
Office31,resnet,kNN,brightness_0.1,brightness,Synthetic,0.021904761904762093,0.047147946653402606,0.025243184748640513,PRE-0
Office31,resnet,kNN,brightness_0.1,brightness,Synthetic,0.021904761904762093,0.015210742103934582,0.006694019800827511,PRE
Office31,resnet,kNN,brightness_0.1,brightness,Synthetic,0.021904761904762093,0.048799247165871695,0.026894485261109602,PRE-0
Office31,resnet,kNN,brightness_0.125,brightness,Synthetic,-0.02303258145363396,0.008635482042753218,0.03166806349638718,PRE
Office31,resnet,kNN,brightness_0.125,brightness,Synthetic,-0.02303258145363396,0.031197504350700567,0.05423008580433453,PRE-0
Office31,resnet,kNN,brightness_0.125,brightness,Synthetic,-0.02303258145363396,0.010659864752923132,0.03369244620655709,PRE
Office31,resnet,kNN,brightness_0.125,brightness,Synthetic,-0.02303258145363396,0.03288517056542306,0.05591775201905702,PRE-0
Office31,resnet,kNN,brightness_0.15000000000000002,brightness,Synthetic,-0.002355889724310667,0.021363751506481732,0.0237196412307924,PRE
Office31,resnet,kNN,brightness_0.15000000000000002,brightness,Synthetic,-0.002355889724310667,0.07718106844192585,0.07953695816623652,PRE-0
Office31,resnet,kNN,brightness_0.15000000000000002,brightness,Synthetic,-0.002355889724310667,0.023779598762185827,0.026135488486496494,PRE
Office31,resnet,kNN,brightness_0.15000000000000002,brightness,Synthetic,-0.002355889724310667,0.07876389589615751,0.08111978562046818,PRE-0
Office31,resnet,kNN,brightness_0.17500000000000002,brightness,Synthetic,-0.05508771929824552,0.007838882538573566,0.06292660183681908,PRE
Office31,resnet,kNN,brightness_0.17500000000000002,brightness,Synthetic,-0.05508771929824552,0.028319620247141408,0.08340733954538693,PRE-0
Office31,resnet,kNN,brightness_0.17500000000000002,brightness,Synthetic,-0.05508771929824552,0.009838765416793405,0.06492648471503892,PRE
Office31,resnet,kNN,brightness_0.17500000000000002,brightness,Synthetic,-0.05508771929824552,0.03001384780194749,0.08510156710019301,PRE-0
Office31,resnet,kNN,brightness_0.2,brightness,Synthetic,-0.002180451127819394,0.011929179045082394,0.014109630172901788,PRE
Office31,resnet,kNN,brightness_0.2,brightness,Synthetic,-0.002180451127819394,0.04309668103259601,0.0452771321604154,PRE-0
Office31,resnet,kNN,brightness_0.2,brightness,Synthetic,-0.002180451127819394,0.014054861119146,0.016235312246965394,PRE
Office31,resnet,kNN,brightness_0.2,brightness,Synthetic,-0.002180451127819394,0.044757218098918417,0.04693766922673781,PRE-0
Office31,resnet,kNN,brightness_0.225,brightness,Synthetic,0.015789473684210686,0.011951217948207415,0.003838255736003271,PRE
Office31,resnet,kNN,brightness_0.225,brightness,Synthetic,0.015789473684210686,0.04317630122898175,0.027386827544771064,PRE-0
Office31,resnet,kNN,brightness_0.225,brightness,Synthetic,0.015789473684210686,0.014077577840196143,0.0017118958440145438,PRE
Office31,resnet,kNN,brightness_0.225,brightness,Synthetic,0.015789473684210686,0.044836656767776595,0.02904718308356591,PRE-0
Office31,resnet,kNN,brightness_0.25,brightness,Synthetic,0.04213032581453646,0.009670741499019031,0.03245958431551743,PRE
Office31,resnet,kNN,brightness_0.25,brightness,Synthetic,0.04213032581453646,0.03493759798196028,0.0071927278325761845,PRE-0
Office31,resnet,kNN,brightness_0.25,brightness,Synthetic,0.04213032581453646,0.011726964152058872,0.03040336166247759,PRE
Office31,resnet,kNN,brightness_0.25,brightness,Synthetic,0.04213032581453646,0.03661673708948332,0.005513588725053142,PRE-0
Office31,resnet,kNN,brightness_0.275,brightness,Synthetic,0.030375939849624167,0.015606527452243446,0.014769412397380721,PRE
Office31,resnet,kNN,brightness_0.275,brightness,Synthetic,0.030375939849624167,0.056381879515259414,0.026005939665635247,PRE-0
Office31,resnet,kNN,brightness_0.275,brightness,Synthetic,0.030375939849624167,0.017845308288639394,0.012530631560984773,PRE
Office31,resnet,kNN,brightness_0.275,brightness,Synthetic,0.030375939849624167,0.05801212741697881,0.027636187567354642,PRE-0
Office31,resnet,kNN,brightness_0.30000000000000004,brightness,Synthetic,0.009598997493734385,0.014991031338460248,0.005392033844725863,PRE
Office31,resnet,kNN,brightness_0.30000000000000004,brightness,Synthetic,0.009598997493734385,0.05415826969330351,0.04455927219956912,PRE-0
Office31,resnet,kNN,brightness_0.30000000000000004,brightness,Synthetic,0.009598997493734385,0.017210882271844197,0.007611884778109812,PRE
Office31,resnet,kNN,brightness_0.30000000000000004,brightness,Synthetic,0.009598997493734385,0.055793587243323506,0.04619458974958912,PRE-0
Office31,resnet,kNN,brightness_0.325,brightness,Synthetic,0.015614035087719413,0.010329013062757575,0.0052850220249618385,PRE
Office31,resnet,kNN,brightness_0.325,brightness,Synthetic,0.015614035087719413,0.037315743159265224,0.02170170807154581,PRE-0
Office31,resnet,kNN,brightness_0.325,brightness,Synthetic,0.015614035087719413,0.01240548120001439,0.0032085538877050235,PRE
Office31,resnet,kNN,brightness_0.325,brightness,Synthetic,0.015614035087719413,0.03898946029053252,0.023375425202813105,PRE-0
Office31,resnet,kNN,brightness_0.35000000000000003,brightness,Synthetic,-0.002456140350877156,0.00960287988509334,0.012059020235970497,PRE
Office31,resnet,kNN,brightness_0.35000000000000003,brightness,Synthetic,-0.002456140350877156,0.03469243355625595,0.03714857390713311,PRE-0
Office31,resnet,kNN,brightness_0.35000000000000003,brightness,Synthetic,-0.002456140350877156,0.01165701541891162,0.014113155769788777,PRE
Office31,resnet,kNN,brightness_0.35000000000000003,brightness,Synthetic,-0.002456140350877156,0.03637213161859276,0.03882827196946992,PRE-0
Office31,resnet,kNN,brightness_0.375,brightness,Synthetic,-0.005037593984962285,0.014712251225951767,0.019749845210914052,PRE
Office31,resnet,kNN,brightness_0.375,brightness,Synthetic,-0.005037593984962285,0.05315111760499902,0.058188711589961306,PRE-0
Office31,resnet,kNN,brightness_0.375,brightness,Synthetic,-0.005037593984962285,0.01692352813202125,0.021961122116983534,PRE
Office31,resnet,kNN,brightness_0.375,brightness,Synthetic,-0.005037593984962285,0.054788731379303623,0.05982632536426591,PRE-0
Office31,resnet,kNN,brightness_0.4,brightness,Synthetic,0.009122807017543977,0.014048315044542403,0.004925508026998426,PRE
Office31,resnet,kNN,brightness_0.4,brightness,Synthetic,0.009122807017543977,0.05075250779890417,0.04162970078136019,PRE-0
Office31,resnet,kNN,brightness_0.4,brightness,Synthetic,0.009122807017543977,0.016239172248133205,0.007116365230589228,PRE
Office31,resnet,kNN,brightness_0.4,brightness,Synthetic,0.009122807017543977,0.05239559020714235,0.043272783189598374,PRE-0
Office31,resnet,kNN,brightness_0.42500000000000004,brightness,Synthetic,-0.06380952380952365,0.005361977885111724,0.06917150169463537,PRE
Office31,resnet,kNN,brightness_0.42500000000000004,brightness,Synthetic,-0.06380952380952365,0.019371278588844243,0.08318080239836789,PRE-0
Office31,resnet,kNN,brightness_0.42500000000000004,brightness,Synthetic,-0.06380952380952365,0.0072856822728257775,0.07109520608234943,PRE
Office31,resnet,kNN,brightness_0.42500000000000004,brightness,Synthetic,-0.06380952380952365,0.02108590762984297,0.08489543143936662,PRE-0
Office31,resnet,kNN,brightness_0.45,brightness,Synthetic,-0.061578947368420955,0.0104463895043585,0.07202533687277946,PRE
Office31,resnet,kNN,brightness_0.45,brightness,Synthetic,-0.061578947368420955,0.03773979036698161,0.09931873773540256,PRE-0
Office31,resnet,kNN,brightness_0.45,brightness,Synthetic,-0.061578947368420955,0.012526467615107673,0.07410541498352863,PRE
Office31,resnet,kNN,brightness_0.45,brightness,Synthetic,-0.061578947368420955,0.03941254070534095,0.1009914880737619,PRE-0
Office31,resnet,kNN,brightness_0.47500000000000003,brightness,Synthetic,-0.04486215538847105,0.005837477019318804,0.05069963240778985,PRE
Office31,resnet,kNN,brightness_0.47500000000000003,brightness,Synthetic,-0.04486215538847105,0.021089119727848993,0.06595127511632004,PRE-0
Office31,resnet,kNN,brightness_0.47500000000000003,brightness,Synthetic,-0.04486215538847105,0.00777580563014546,0.05263796101861651,PRE
Office31,resnet,kNN,brightness_0.47500000000000003,brightness,Synthetic,-0.04486215538847105,0.022799832231726436,0.06766198762019748,PRE-0
Office31,resnet,kNN,brightness_0.5,brightness,Synthetic,-0.053233082706766854,0.009164441006227486,0.06239752371299434,PRE
Office31,resnet,kNN,brightness_0.5,brightness,Synthetic,-0.053233082706766854,0.03310848042391035,0.0863415631306772,PRE-0
Office31,resnet,kNN,brightness_0.5,brightness,Synthetic,-0.053233082706766854,0.011205092124356164,0.06443817483112302,PRE
Office31,resnet,kNN,brightness_0.5,brightness,Synthetic,-0.053233082706766854,0.03479178976967745,0.0880248724764443,PRE-0
Office31,resnet,kNN,webcam,Organic,Organic,0.47571428571428587,0.023916635373299133,0.45179765034098673,PRE
Office31,resnet,kNN,webcam,Organic,Organic,0.47571428571428587,0.08640390106986318,0.3893103846444227,PRE-0
Office31,resnet,kNN,webcam,Organic,Organic,0.47571428571428587,0.0264109978997219,0.44930328781456397,PRE
Office31,resnet,kNN,webcam,Organic,Organic,0.47571428571428587,0.08796570122096947,0.3877485844933164,PRE-0
Office31,resnet,kNN,dslr,Organic,Organic,0.43578947368421067,0.05908320144062995,0.3767062722435807,PRE
Office31,resnet,kNN,dslr,Organic,Organic,0.43578947368421067,0.21345055491652942,0.22233891876768125,PRE-0
Office31,resnet,kNN,dslr,Organic,Organic,0.43578947368421067,0.06265912999162282,0.37313034369258785,PRE
Office31,resnet,kNN,dslr,Organic,Organic,0.43578947368421067,0.21472269910083486,0.2210667745833758,PRE-0
Office31,resnet,kNN,contrast_0.025,contrast,Synthetic,-0.02453634085213008,0.011222677910465606,0.035759018762595685,PRE
Office31,resnet,kNN,contrast_0.025,contrast,Synthetic,-0.02453634085213008,0.03584287483464432,0.0603792156867744,PRE-0
Office31,resnet,kNN,contrast_0.025,contrast,Synthetic,-0.02453634085213008,0.013500569015735153,0.03803690986786523,PRE
Office31,resnet,kNN,contrast_0.025,contrast,Synthetic,-0.02453634085213008,0.03783801000123832,0.0623743508533684,PRE-0
Office31,resnet,kNN,contrast_0.05,contrast,Synthetic,-0.027844611528822005,0.005267641091292852,0.03311225262011486,PRE
Office31,resnet,kNN,contrast_0.05,contrast,Synthetic,-0.027844611528822005,0.016823738666951638,0.04466835019577364,PRE-0
Office31,resnet,kNN,contrast_0.05,contrast,Synthetic,-0.027844611528822005,0.007447080502400949,0.035291692031222954,PRE
Office31,resnet,kNN,contrast_0.05,contrast,Synthetic,-0.027844611528822005,0.018870459593821054,0.04671507112264306,PRE-0
Office31,resnet,kNN,contrast_0.07500000000000001,contrast,Synthetic,-0.04606516290726803,0.010044055318775946,0.05610921822604398,PRE
Office31,resnet,kNN,contrast_0.07500000000000001,contrast,Synthetic,-0.04606516290726803,0.03207860196071477,0.0781437648679828,PRE-0
Office31,resnet,kNN,contrast_0.07500000000000001,contrast,Synthetic,-0.04606516290726803,0.012302460836558393,0.058367623743826424,PRE
Office31,resnet,kNN,contrast_0.07500000000000001,contrast,Synthetic,-0.04606516290726803,0.03408394699574724,0.08014910990301527,PRE-0
Office31,resnet,kNN,contrast_0.1,contrast,Synthetic,-0.034260651629072436,0.0048874377830563365,0.03914808941212877,PRE
Office31,resnet,kNN,contrast_0.1,contrast,Synthetic,-0.034260651629072436,0.0156094491990042,0.049870100828076636,PRE-0
Office31,resnet,kNN,contrast_0.1,contrast,Synthetic,-0.034260651629072436,0.0070605914799094505,0.04132124310898189,PRE
Office31,resnet,kNN,contrast_0.1,contrast,Synthetic,-0.034260651629072436,0.017659463653237006,0.05192011528230944,PRE-0
Office31,resnet,kNN,contrast_0.125,contrast,Synthetic,-0.04654135338345855,0.002577631794960067,0.04911898517841862,PRE
Office31,resnet,kNN,contrast_0.125,contrast,Synthetic,-0.04654135338345855,0.008232414271677091,0.05477376765513564,PRE-0
Office31,resnet,kNN,contrast_0.125,contrast,Synthetic,-0.04654135338345855,0.004712598605716933,0.051253951989175484,PRE
Office31,resnet,kNN,contrast_0.125,contrast,Synthetic,-0.04654135338345855,0.010302437518735719,0.05684379090219427,PRE-0
Office31,resnet,kNN,contrast_0.15000000000000002,contrast,Synthetic,-0.0406265664160399,0.008798501821517535,0.049425068237557435,PRE
Office31,resnet,kNN,contrast_0.15000000000000002,contrast,Synthetic,-0.0406265664160399,0.028100565839723313,0.06872713225576321,PRE-0
Office31,resnet,kNN,contrast_0.15000000000000002,contrast,Synthetic,-0.0406265664160399,0.011036315216077619,0.05166288163211752,PRE
Office31,resnet,kNN,contrast_0.15000000000000002,contrast,Synthetic,-0.0406265664160399,0.030116700535016694,0.0707432669510566,PRE-0
Office31,resnet,kNN,contrast_0.17500000000000002,contrast,Synthetic,-0.0518546365914786,0.009238329837234271,0.06109296642871287,PRE
Office31,resnet,kNN,contrast_0.17500000000000002,contrast,Synthetic,-0.0518546365914786,0.029505284093412243,0.08135992068489084,PRE-0
Office31,resnet,kNN,contrast_0.17500000000000002,contrast,Synthetic,-0.0518546365914786,0.011483414692005534,0.06333805128348413,PRE
Office31,resnet,kNN,contrast_0.17500000000000002,contrast,Synthetic,-0.0518546365914786,0.031517608759772164,0.08337224535125076,PRE-0
Office31,resnet,kNN,contrast_0.2,contrast,Synthetic,-0.04030075187969906,0.003915611252656603,0.04421636313235566,PRE
Office31,resnet,kNN,contrast_0.2,contrast,Synthetic,-0.04030075187969906,0.012505639487275344,0.0528063913669744,PRE-0
Office31,resnet,kNN,contrast_0.2,contrast,Synthetic,-0.04030075187969906,0.0060726982195709045,0.046373450099269964,PRE
Office31,resnet,kNN,contrast_0.2,contrast,Synthetic,-0.04030075187969906,0.014564072430251263,0.05486482430995032,PRE-0
Office31,resnet,kNN,contrast_0.225,contrast,Synthetic,-0.03040100250626554,0.017015062410646986,0.047416064916912526,PRE
Office31,resnet,kNN,contrast_0.225,contrast,Synthetic,-0.03040100250626554,0.05434253367636621,0.08474353618263175,PRE-0
Office31,resnet,kNN,contrast_0.225,contrast,Synthetic,-0.03040100250626554,0.01938871615930493,0.04978971866557047,PRE
Office31,resnet,kNN,contrast_0.225,contrast,Synthetic,-0.03040100250626554,0.056287492065331235,0.08668849457159677,PRE-0
Office31,resnet,kNN,contrast_0.25,contrast,Synthetic,-0.011177944862155176,0.007215662543257451,0.018393607405412626,PRE
Office31,resnet,kNN,contrast_0.25,contrast,Synthetic,-0.011177944862155176,0.02304530981378594,0.03422325467594112,PRE-0
Office31,resnet,kNN,contrast_0.25,contrast,Synthetic,-0.011177944862155176,0.009427307634705007,0.020605252496860182,PRE
Office31,resnet,kNN,contrast_0.25,contrast,Synthetic,-0.011177944862155176,0.025075155921794656,0.03625310078394983,PRE-0
Office31,resnet,kNN,contrast_0.275,contrast,Synthetic,-0.017017543859649042,0.00290416264800597,0.019921706507655013,PRE
Office31,resnet,kNN,contrast_0.275,contrast,Synthetic,-0.017017543859649042,0.00927528519684706,0.026292829056496103,PRE-0
Office31,resnet,kNN,contrast_0.275,contrast,Synthetic,-0.017017543859649042,0.005044527832719914,0.022062071692368956,PRE
Office31,resnet,kNN,contrast_0.275,contrast,Synthetic,-0.017017543859649042,0.011342479856473076,0.028360023716122118,PRE-0
Office31,resnet,kNN,contrast_0.30000000000000004,contrast,Synthetic,-0.018796992481202923,0.011052770485679986,0.02984976296688291,PRE
Office31,resnet,kNN,contrast_0.30000000000000004,contrast,Synthetic,-0.018796992481202923,0.035300226225404296,0.05409721870660722,PRE-0
Office31,resnet,kNN,contrast_0.30000000000000004,contrast,Synthetic,-0.018796992481202923,0.013327852595081291,0.032124845076284214,PRE
Office31,resnet,kNN,contrast_0.30000000000000004,contrast,Synthetic,-0.018796992481202923,0.037296833222307924,0.05609382570351085,PRE-0
Office31,resnet,kNN,contrast_0.325,contrast,Synthetic,0.019323308270676853,0.006331408205334732,0.012991900065342121,PRE
Office31,resnet,kNN,contrast_0.325,contrast,Synthetic,0.019323308270676853,0.02022118728180078,0.0008978790111239254,PRE-0
Office31,resnet,kNN,contrast_0.325,contrast,Synthetic,0.019323308270676853,0.008528434354820758,0.010794873915856096,PRE
Office31,resnet,kNN,contrast_0.325,contrast,Synthetic,0.019323308270676853,0.022258693280702513,0.0029353850100256595,PRE-0
Office31,resnet,kNN,contrast_0.35000000000000003,contrast,Synthetic,-0.003057644110275537,0.010756256355551441,0.013813900465826978,PRE
Office31,resnet,kNN,contrast_0.35000000000000003,contrast,Synthetic,-0.003057644110275537,0.0343532224053098,0.03741086651558534,PRE-0
Office31,resnet,kNN,contrast_0.35000000000000003,contrast,Synthetic,-0.003057644110275537,0.013026436342708836,0.016084080452984373,PRE
Office31,resnet,kNN,contrast_0.35000000000000003,contrast,Synthetic,-0.003057644110275537,0.0363523979685042,0.03941004207877974,PRE-0
Office31,resnet,kNN,contrast_0.375,contrast,Synthetic,-0.019448621553884604,0.010682095890335419,0.030130717444220023,PRE
Office31,resnet,kNN,contrast_0.375,contrast,Synthetic,-0.019448621553884604,0.034116369464004204,0.05356499101788881,PRE-0
Office31,resnet,kNN,contrast_0.375,contrast,Synthetic,-0.019448621553884604,0.012951049819004523,0.03239967137288913,PRE
Office31,resnet,kNN,contrast_0.375,contrast,Synthetic,-0.019448621553884604,0.03611618744538958,0.055564808999274184,PRE-0
Office31,resnet,kNN,contrast_0.4,contrast,Synthetic,0.0035087719298247944,0.009235238753427466,0.005726466823602672,PRE
Office31,resnet,kNN,contrast_0.4,contrast,Synthetic,0.0035087719298247944,0.0294954118213151,0.025986639891490304,PRE-0
Office31,resnet,kNN,contrast_0.4,contrast,Synthetic,0.0035087719298247944,0.011480272504830857,0.007971500575006063,PRE
Office31,resnet,kNN,contrast_0.4,contrast,Synthetic,0.0035087719298247944,0.031507763264320254,0.02799899133449546,PRE-0
Office31,resnet,kNN,contrast_0.42500000000000004,contrast,Synthetic,-0.014862155388471132,0.005132782980415973,0.019994938368887105,PRE
Office31,resnet,kNN,contrast_0.42500000000000004,contrast,Synthetic,-0.014862155388471132,0.016393030200829606,0.03125518558930074,PRE-0
Office31,resnet,kNN,contrast_0.42500000000000004,contrast,Synthetic,-0.014862155388471132,0.007309992848719915,0.022172148237191047,PRE
Office31,resnet,kNN,contrast_0.42500000000000004,contrast,Synthetic,-0.014862155388471132,0.018440919341832562,0.033303074730303694,PRE-0
Office31,resnet,kNN,contrast_0.45,contrast,Synthetic,0.03954887218045133,0.004500030461319415,0.03504884171913192,PRE
Office31,resnet,kNN,contrast_0.45,contrast,Synthetic,0.03954887218045133,0.014372151625838603,0.02517672055461273,PRE-0
Office31,resnet,kNN,contrast_0.45,contrast,Synthetic,0.03954887218045133,0.006666779343506568,0.032882092836944765,PRE
Office31,resnet,kNN,contrast_0.45,contrast,Synthetic,0.03954887218045133,0.01642552201250891,0.023123350167942425,PRE-0
Office31,resnet,kNN,contrast_0.47500000000000003,contrast,Synthetic,0.003533834586466389,0.012280135126157887,0.008746300539691498,PRE
Office31,resnet,kNN,contrast_0.47500000000000003,contrast,Synthetic,0.003533834586466389,0.039220170960171274,0.035686336373704886,PRE-0
Office31,resnet,kNN,contrast_0.47500000000000003,contrast,Synthetic,0.003533834586466389,0.014575508651360258,0.01104167406489387,PRE
Office31,resnet,kNN,contrast_0.47500000000000003,contrast,Synthetic,0.003533834586466389,0.04120614585856097,0.03767231127209458,PRE-0
Office31,resnet,kNN,contrast_0.5,contrast,Synthetic,0.0140350877192984,0.007935987254831023,0.006099100464467377,PRE
Office31,resnet,kNN,contrast_0.5,contrast,Synthetic,0.0140350877192984,0.025345875568520526,0.011310787849222126,PRE-0
Office31,resnet,kNN,contrast_0.5,contrast,Synthetic,0.0140350877192984,0.01015954112037265,0.00387554659892575,PRE
Office31,resnet,kNN,contrast_0.5,contrast,Synthetic,0.0140350877192984,0.02736948183301202,0.013334394113713621,PRE-0
Office31,resnet,kNN,webcam,Organic,Organic,0.4825313283208022,0.03363875784674675,0.44889257047405545,PRE
Office31,resnet,kNN,webcam,Organic,Organic,0.4825313283208022,0.10743512348059925,0.37509620484020295,PRE-0
Office31,resnet,kNN,webcam,Organic,Organic,0.4825313283208022,0.03628724297405228,0.4462440853467499,PRE
Office31,resnet,kNN,webcam,Organic,Organic,0.4825313283208022,0.10923607839927607,0.37329524992152613,PRE-0
Office31,resnet,kNN,dslr,Organic,Organic,0.445137844611529,0.07489305207830343,0.37024479253322556,PRE
Office31,resnet,kNN,dslr,Organic,Organic,0.445137844611529,0.23919266979264076,0.20594517481888824,PRE-0
Office31,resnet,kNN,dslr,Organic,Organic,0.445137844611529,0.07822357415716308,0.3669142704543659,PRE
Office31,resnet,kNN,dslr,Organic,Organic,0.445137844611529,0.2406362576291019,0.2045015869824271,PRE-0
Office31,resnet,kNN,fog_0.025,fog,Synthetic,-0.04739348370927299,0.007191096555704046,0.054584580264977034,PRE
Office31,resnet,kNN,fog_0.025,fog,Synthetic,-0.04739348370927299,0.025582380280517292,0.07297586398979028,PRE-0
Office31,resnet,kNN,fog_0.025,fog,Synthetic,-0.04739348370927299,0.009858086365032714,0.0572515700743057,PRE
Office31,resnet,kNN,fog_0.025,fog,Synthetic,-0.04739348370927299,0.02760534507132284,0.07499882878059583,PRE-0
Office31,resnet,kNN,fog_0.05,fog,Synthetic,-0.036190476190476106,0.008426625865312398,0.044617102055788505,PRE
Office31,resnet,kNN,fog_0.05,fog,Synthetic,-0.036190476190476106,0.029977785126117595,0.0661682613165937,PRE-0
Office31,resnet,kNN,fog_0.05,fog,Synthetic,-0.036190476190476106,0.011192346339182868,0.047382822529658974,PRE
Office31,resnet,kNN,fog_0.05,fog,Synthetic,-0.036190476190476106,0.03198882822401994,0.06817930441449604,PRE-0
Office31,resnet,kNN,fog_0.07500000000000001,fog,Synthetic,-0.04749373433583948,0.0034718132516097233,0.0509655475874492,PRE
Office31,resnet,kNN,fog_0.07500000000000001,fog,Synthetic,-0.04749373433583948,0.012351001850359644,0.05984473618619912,PRE-0
Office31,resnet,kNN,fog_0.07500000000000001,fog,Synthetic,-0.04749373433583948,0.005841596584832964,0.05333533092067244,PRE
Office31,resnet,kNN,fog_0.07500000000000001,fog,Synthetic,-0.04749373433583948,0.014409854218276674,0.06190358855411615,PRE-0
Office31,resnet,kNN,fog_0.1,fog,Synthetic,-0.058671679197994764,0.005258014081261808,0.06392969327925657,PRE
Office31,resnet,kNN,fog_0.1,fog,Synthetic,-0.058671679197994764,0.018705424785383395,0.07737710398337816,PRE-0
Office31,resnet,kNN,fog_0.1,fog,Synthetic,-0.058671679197994764,0.00777053202510547,0.06644221122310023,PRE
Office31,resnet,kNN,fog_0.1,fog,Synthetic,-0.058671679197994764,0.02074704199943611,0.07941872119743087,PRE-0
Office31,resnet,kNN,fog_0.125,fog,Synthetic,-0.06416040100250608,0.004386213684944185,0.06854661468745027,PRE
Office31,resnet,kNN,fog_0.125,fog,Synthetic,-0.06416040100250608,0.015603988294503601,0.07976438929700969,PRE-0
Office31,resnet,kNN,fog_0.125,fog,Synthetic,-0.06416040100250608,0.006829066399637207,0.07098946740214329,PRE
Office31,resnet,kNN,fog_0.125,fog,Synthetic,-0.06416040100250608,0.017654017560392865,0.08181441856289895,PRE-0
Office31,resnet,kNN,fog_0.15000000000000002,fog,Synthetic,-0.0953884711779448,0.0022339243975068035,0.0976223955754516,PRE
Office31,resnet,kNN,fog_0.15000000000000002,fog,Synthetic,-0.0953884711779448,0.007947202907408246,0.10333567408535305,PRE-0
Office31,resnet,kNN,fog_0.15000000000000002,fog,Synthetic,-0.0953884711779448,0.004504788515909186,0.09989325969385399,PRE
Office31,resnet,kNN,fog_0.15000000000000002,fog,Synthetic,-0.0953884711779448,0.01001799973560813,0.10540647091355293,PRE-0
Office31,resnet,kNN,fog_0.17500000000000002,fog,Synthetic,-0.046842105263157796,0.007495657326069827,0.05433776258922762,PRE
Office31,resnet,kNN,fog_0.17500000000000002,fog,Synthetic,-0.046842105263157796,0.02666585752013828,0.07350796278329608,PRE-0
Office31,resnet,kNN,fog_0.17500000000000002,fog,Synthetic,-0.046842105263157796,0.010186984467599025,0.05702908973075682,PRE
Office31,resnet,kNN,fog_0.17500000000000002,fog,Synthetic,-0.046842105263157796,0.028685883586669014,0.07552798884982681,PRE-0
Office31,resnet,kNN,fog_0.2,fog,Synthetic,-0.012180451127819514,0.012177916903420849,0.024358368031240363,PRE
Office31,resnet,kNN,fog_0.2,fog,Synthetic,-0.012180451127819514,0.0433230313116475,0.05550348243946701,PRE-0
Office31,resnet,kNN,fog_0.2,fog,Synthetic,-0.012180451127819514,0.015243401578919569,0.027423852706739082,PRE
Office31,resnet,kNN,fog_0.2,fog,Synthetic,-0.012180451127819514,0.045297877987984236,0.05747832911580375,PRE-0
Office31,resnet,kNN,fog_0.225,fog,Synthetic,-0.05812030075187957,0.003554679428371954,0.061674980180251526,PRE
Office31,resnet,kNN,fog_0.225,fog,Synthetic,-0.05812030075187957,0.012645798899725058,0.07076609965160463,PRE-0
Office31,resnet,kNN,fog_0.225,fog,Synthetic,-0.05812030075187957,0.005931084565413358,0.06405138531729293,PRE
Office31,resnet,kNN,fog_0.225,fog,Synthetic,-0.05812030075187957,0.014703851687167924,0.0728241524390475,PRE-0
Office31,resnet,kNN,fog_0.25,fog,Synthetic,-0.03568922305764399,0.005110696433684558,0.04079991949132855,PRE
Office31,resnet,kNN,fog_0.25,fog,Synthetic,-0.03568922305764399,0.01818134114206682,0.05387056419971081,PRE-0
Office31,resnet,kNN,fog_0.25,fog,Synthetic,-0.03568922305764399,0.00761144228185151,0.0433006653394955,PRE
Office31,resnet,kNN,fog_0.25,fog,Synthetic,-0.03568922305764399,0.02022437983251857,0.05591360289016256,PRE-0
Office31,resnet,kNN,fog_0.275,fog,Synthetic,-0.06709273182957376,0.001753474973400726,0.06884620680297449,PRE
Office31,resnet,kNN,fog_0.275,fog,Synthetic,-0.06709273182957376,0.006238000454370729,0.07333073228394449,PRE-0
Office31,resnet,kNN,fog_0.275,fog,Synthetic,-0.06709273182957376,0.003985946565982723,0.07107867839555648,PRE
Office31,resnet,kNN,fog_0.275,fog,Synthetic,-0.06709273182957376,0.00831343316651556,0.07540616499608932,PRE-0
Office31,resnet,kNN,fog_0.30000000000000004,fog,Synthetic,-0.04100250626566404,0.0061534612169711345,0.047155967482635175,PRE
Office31,resnet,kNN,fog_0.30000000000000004,fog,Synthetic,-0.04100250626566404,0.021890984730152052,0.06289349099581609,PRE-0
Office31,resnet,kNN,fog_0.30000000000000004,fog,Synthetic,-0.04100250626566404,0.008737533991674207,0.04974004025733825,PRE
Office31,resnet,kNN,fog_0.30000000000000004,fog,Synthetic,-0.04100250626566404,0.023923961723628984,0.06492646798929302,PRE-0
Office31,resnet,kNN,fog_0.325,fog,Synthetic,-0.03912280701754367,0.005753441483464239,0.04487624850100791,PRE
Office31,resnet,kNN,fog_0.325,fog,Synthetic,-0.03912280701754367,0.020467911508563086,0.059590718526106756,PRE-0
Office31,resnet,kNN,fog_0.325,fog,Synthetic,-0.03912280701754367,0.00830554883750767,0.04742835585505134,PRE
Office31,resnet,kNN,fog_0.325,fog,Synthetic,-0.03912280701754367,0.02250474831530458,0.06162755533284825,PRE-0
Office31,resnet,kNN,fog_0.35000000000000003,fog,Synthetic,-0.04832080200501232,0.008887685989006133,0.05720848799401845,PRE
Office31,resnet,kNN,fog_0.35000000000000003,fog,Synthetic,-0.04832080200501232,0.031618009996573715,0.07993881200158603,PRE-0
Office31,resnet,kNN,fog_0.35000000000000003,fog,Synthetic,-0.04832080200501232,0.011690249597274383,0.0600110516022867,PRE
Office31,resnet,kNN,fog_0.35000000000000003,fog,Synthetic,-0.04832080200501232,0.03362460429899883,0.08194540630401115,PRE-0
Office31,resnet,kNN,fog_0.375,fog,Synthetic,-0.04486215538847105,0.0073555209008674405,0.05221767628933849,PRE
Office31,resnet,kNN,fog_0.375,fog,Synthetic,-0.04486215538847105,0.026167321129629828,0.07102947651810088,PRE-0
Office31,resnet,kNN,fog_0.375,fog,Synthetic,-0.04486215538847105,0.010035649795395063,0.05489780518386611,PRE
Office31,resnet,kNN,fog_0.375,fog,Synthetic,-0.04486215538847105,0.028188699380534143,0.07305085476900519,PRE-0
Office31,resnet,kNN,fog_0.4,fog,Synthetic,-0.04786967418546362,0.010867395114440126,0.058737069299903744,PRE
Office31,resnet,kNN,fog_0.4,fog,Synthetic,-0.04786967418546362,0.03866084015458193,0.08653051434004555,PRE-0
Office31,resnet,kNN,fog_0.4,fog,Synthetic,-0.04786967418546362,0.013828156505661715,0.06169783069112533,PRE
Office31,resnet,kNN,fog_0.4,fog,Synthetic,-0.04786967418546362,0.0406483321305402,0.08851800631600382,PRE-0
Office31,resnet,kNN,fog_0.42500000000000004,fog,Synthetic,-0.08097744360902248,0.007061783258509702,0.08803922686753218,PRE
Office31,resnet,kNN,fog_0.42500000000000004,fog,Synthetic,-0.08097744360902248,0.02512234724959783,0.10609979085862031,PRE-0
Office31,resnet,kNN,fog_0.42500000000000004,fog,Synthetic,-0.08097744360902248,0.0097184396927682,0.09069588330179068,PRE
Office31,resnet,kNN,fog_0.42500000000000004,fog,Synthetic,-0.08097744360902248,0.0271465597917967,0.10812400340081918,PRE-0
Office31,resnet,kNN,fog_0.45,fog,Synthetic,-0.03609022556390962,0.003230088177024748,0.039320313740934365,PRE
Office31,resnet,kNN,fog_0.45,fog,Synthetic,-0.03609022556390962,0.011491063072807894,0.04758128863671751,PRE-0
Office31,resnet,kNN,fog_0.45,fog,Synthetic,-0.03609022556390962,0.005580555353953964,0.04167078091786358,PRE
Office31,resnet,kNN,fog_0.45,fog,Synthetic,-0.03609022556390962,0.01355224785978093,0.04964247342369055,PRE-0
Office31,resnet,kNN,fog_0.47500000000000003,fog,Synthetic,-0.04791979949874681,0.005628308683580885,0.05354810818232769,PRE
Office31,resnet,kNN,fog_0.47500000000000003,fog,Synthetic,-0.04791979949874681,0.02002275062838521,0.06794255012713202,PRE-0
Office31,resnet,kNN,fog_0.47500000000000003,fog,Synthetic,-0.04791979949874681,0.008170416724461615,0.05609021622320842,PRE
Office31,resnet,kNN,fog_0.47500000000000003,fog,Synthetic,-0.04791979949874681,0.022060794848662635,0.06998059434740944,PRE-0
Office31,resnet,kNN,fog_0.5,fog,Synthetic,-0.04260651629072665,0.007966283863856005,0.05057280015458265,PRE
Office31,resnet,kNN,fog_0.5,fog,Synthetic,-0.04260651629072665,0.028340114980942244,0.07094663127166889,PRE-0
Office31,resnet,kNN,fog_0.5,fog,Synthetic,-0.04260651629072665,0.010695218588196442,0.05330173487892309,PRE
Office31,resnet,kNN,fog_0.5,fog,Synthetic,-0.04260651629072665,0.03035559994511927,0.07296211623584592,PRE-0
Office31,resnet,kNN,webcam,Organic,Organic,0.47571428571428587,0.03287617462414649,0.4428381110901394,PRE
Office31,resnet,kNN,webcam,Organic,Organic,0.47571428571428587,0.11695723939855562,0.35875704631573024,PRE-0
Office31,resnet,kNN,webcam,Organic,Organic,0.47571428571428587,0.037595648989519614,0.43811863672476625,PRE
Office31,resnet,kNN,webcam,Organic,Organic,0.47571428571428587,0.11873236740350035,0.3569819183107855,PRE-0
Office31,resnet,kNN,dslr,Organic,Organic,0.43578947368421067,0.0765968926872469,0.3591925809969638,PRE
Office31,resnet,kNN,dslr,Organic,Organic,0.43578947368421067,0.2724940239436503,0.16329544974056037,PRE-0
Office31,resnet,kNN,dslr,Organic,Organic,0.43578947368421067,0.084810072556048,0.35097940112816267,PRE
Office31,resnet,kNN,dslr,Organic,Organic,0.43578947368421067,0.2738472882419167,0.161942185442294,PRE-0
Office31,resnet,kNN,hue_0.025,hue,Synthetic,-0.06754385964912268,0.005866306825526912,0.0734101664746496,PRE
Office31,resnet,kNN,hue_0.025,hue,Synthetic,-0.06754385964912268,0.02121495762035941,0.0887588172694821,PRE-0
Office31,resnet,kNN,hue_0.025,hue,Synthetic,-0.06754385964912268,0.007519530847711953,0.07506339049683464,PRE
Office31,resnet,kNN,hue_0.025,hue,Synthetic,-0.06754385964912268,0.022925383224146945,0.09046924287326963,PRE-0
Office31,resnet,kNN,hue_0.05,hue,Synthetic,-0.06716791979949865,0.018151410837324522,0.08531933063682318,PRE
Office31,resnet,kNN,hue_0.05,hue,Synthetic,-0.06716791979949865,0.06564290329784872,0.13281082309734737,PRE-0
Office31,resnet,kNN,hue_0.05,hue,Synthetic,-0.06716791979949865,0.019583552358005907,0.08675147215750456,PRE
Office31,resnet,kNN,hue_0.05,hue,Synthetic,-0.06716791979949865,0.0672520368237377,0.13441995662323636,PRE-0
Office31,resnet,kNN,hue_0.07500000000000001,hue,Synthetic,-0.0769423558897242,0.0031171559509336477,0.08005951184065785,PRE
Office31,resnet,kNN,hue_0.07500000000000001,hue,Synthetic,-0.0769423558897242,0.01127290702002548,0.08821526290974968,PRE-0
Office31,resnet,kNN,hue_0.07500000000000001,hue,Synthetic,-0.0769423558897242,0.004819853640723015,0.08176220953044722,PRE
Office31,resnet,kNN,hue_0.07500000000000001,hue,Synthetic,-0.0769423558897242,0.013005999685017922,0.08994835557474212,PRE-0
Office31,resnet,kNN,hue_0.1,hue,Synthetic,-0.05132832080200478,0.012620434790417967,0.06394875559242275,PRE
Office31,resnet,kNN,hue_0.1,hue,Synthetic,-0.05132832080200478,0.04564063851283107,0.09696895931483585,PRE-0
Office31,resnet,kNN,hue_0.1,hue,Synthetic,-0.05132832080200478,0.014152111652357524,0.0654804324543623,PRE
Office31,resnet,kNN,hue_0.1,hue,Synthetic,-0.05132832080200478,0.047295375564425646,0.09862369636643042,PRE-0
Office31,resnet,kNN,hue_0.125,hue,Synthetic,-0.05704260651629056,0.010645901063361163,0.06768850757965172,PRE
Office31,resnet,kNN,hue_0.125,hue,Synthetic,-0.05704260651629056,0.03849991938828701,0.09554252590457757,PRE-0
Office31,resnet,kNN,hue_0.125,hue,Synthetic,-0.05704260651629056,0.012213111597238813,0.06925571811352937,PRE
Office31,resnet,kNN,hue_0.125,hue,Synthetic,-0.05704260651629056,0.04017093669472538,0.09721354321101594,PRE-0
Office31,resnet,kNN,hue_0.15000000000000002,hue,Synthetic,-0.06932330827067645,0.018469527901555094,0.08779283617223155,PRE
Office31,resnet,kNN,hue_0.15000000000000002,hue,Synthetic,-0.06932330827067645,0.06679334432261708,0.13611665259329353,PRE-0
Office31,resnet,kNN,hue_0.15000000000000002,hue,Synthetic,-0.06932330827067645,0.01989594459351185,0.0892192528641883,PRE
Office31,resnet,kNN,hue_0.15000000000000002,hue,Synthetic,-0.06932330827067645,0.06839985493718026,0.1377231632078567,PRE-0
Office31,resnet,kNN,hue_0.17500000000000002,hue,Synthetic,-0.027844611528822005,0.034017932934647055,0.06186254446346906,PRE
Office31,resnet,kNN,hue_0.17500000000000002,hue,Synthetic,-0.027844611528822005,0.12302271718901214,0.15086732871783415,PRE-0
Office31,resnet,kNN,hue_0.17500000000000002,hue,Synthetic,-0.027844611528822005,0.03516454082109377,0.06300915234991578,PRE
Office31,resnet,kNN,hue_0.17500000000000002,hue,Synthetic,-0.027844611528822005,0.12450102943811603,0.15234564096693803,PRE-0
Office31,resnet,kNN,hue_0.2,hue,Synthetic,-0.03390977443609,0.026151278162402813,0.060061052598492815,PRE
Office31,resnet,kNN,hue_0.2,hue,Synthetic,-0.03390977443609,0.09457368569939717,0.12848346013548717,PRE-0
Office31,resnet,kNN,hue_0.2,hue,Synthetic,-0.03390977443609,0.027439454220665183,0.061349228656755184,PRE
Office31,resnet,kNN,hue_0.2,hue,Synthetic,-0.03390977443609,0.09611685941057935,0.13002663384666935,PRE-0
Office31,resnet,kNN,hue_0.225,hue,Synthetic,-0.030802005012531275,0.016501435025564892,0.04730344003809617,PRE
Office31,resnet,kNN,hue_0.225,hue,Synthetic,-0.030802005012531275,0.05967591794195537,0.09047792295448664,PRE-0
Office31,resnet,kNN,hue_0.225,hue,Synthetic,-0.030802005012531275,0.017963269480024913,0.04876527449255619,PRE
Office31,resnet,kNN,hue_0.225,hue,Synthetic,-0.030802005012531275,0.06129865570581383,0.0921006607183451,PRE-0
Office31,resnet,kNN,hue_0.25,hue,Synthetic,-0.015739348370927164,0.022070420986459727,0.03780976935738689,PRE
Office31,resnet,kNN,hue_0.25,hue,Synthetic,-0.015739348370927164,0.07981564207548586,0.09555499044641302,PRE-0
Office31,resnet,kNN,hue_0.25,hue,Synthetic,-0.015739348370927164,0.023432036073961826,0.03917138444488899,PRE
Office31,resnet,kNN,hue_0.25,hue,Synthetic,-0.015739348370927164,0.08139246291758073,0.0971318112885079,PRE-0
Office31,resnet,kNN,hue_0.275,hue,Synthetic,-0.017318295739348177,0.020400576356024547,0.037718872095372724,PRE
Office31,resnet,kNN,hue_0.275,hue,Synthetic,-0.017318295739348177,0.07377680296923372,0.0910950987085819,PRE-0
Office31,resnet,kNN,hue_0.275,hue,Synthetic,-0.017318295739348177,0.021792241936193668,0.039110537675541845,PRE
Office31,resnet,kNN,hue_0.275,hue,Synthetic,-0.017318295739348177,0.07536739186996455,0.09268568760931273,PRE-0
Office31,resnet,kNN,hue_0.30000000000000004,hue,Synthetic,-0.009699248120300652,0.02294652917772999,0.03264577729803064,PRE
Office31,resnet,kNN,hue_0.30000000000000004,hue,Synthetic,-0.009699248120300652,0.08298400655103122,0.09268325467133187,PRE-0
Office31,resnet,kNN,hue_0.30000000000000004,hue,Synthetic,-0.009699248120300652,0.02429237783864535,0.033991625958946003,PRE
Office31,resnet,kNN,hue_0.30000000000000004,hue,Synthetic,-0.009699248120300652,0.08455360378158205,0.0942528519018827,PRE-0
Office31,resnet,kNN,hue_0.325,hue,Synthetic,-0.0013032581453632508,0.023773549699330987,0.025076807844694238,PRE
Office31,resnet,kNN,hue_0.325,hue,Synthetic,-0.0013032581453632508,0.08597484999627791,0.08727810814164116,PRE-0
Office31,resnet,kNN,hue_0.325,hue,Synthetic,-0.0013032581453632508,0.025104515314442466,0.026407773459805717,PRE
Office31,resnet,kNN,hue_0.325,hue,Synthetic,-0.0013032581453632508,0.0875376283486966,0.08884088649405986,PRE-0
Office31,resnet,kNN,hue_0.35000000000000003,hue,Synthetic,-0.043182957393483545,0.022915963718820986,0.06609892111230453,PRE
Office31,resnet,kNN,hue_0.35000000000000003,hue,Synthetic,-0.043182957393483545,0.0828734693877552,0.12605642678123874,PRE-0
Office31,resnet,kNN,hue_0.35000000000000003,hue,Synthetic,-0.043182957393483545,0.024262362435161777,0.06744531982864532,PRE
Office31,resnet,kNN,hue_0.35000000000000003,hue,Synthetic,-0.043182957393483545,0.08444331863398646,0.12762627602747,PRE-0
Office31,resnet,kNN,hue_0.375,hue,Synthetic,0.008972431077694298,0.03306463616136057,0.024092205083666274,PRE
Office31,resnet,kNN,hue_0.375,hue,Synthetic,0.008972431077694298,0.11957520732524385,0.11060277624754955,PRE-0
Office31,resnet,kNN,hue_0.375,hue,Synthetic,0.008972431077694298,0.0342283995586693,0.025255968480975,PRE
Office31,resnet,kNN,hue_0.375,hue,Synthetic,0.008972431077694298,0.12106137961451724,0.11208894853682294,PRE-0
Office31,resnet,kNN,hue_0.4,hue,Synthetic,0.027819548872180633,0.013737179275392752,0.01408236959678788,PRE
Office31,resnet,kNN,hue_0.4,hue,Synthetic,0.027819548872180633,0.049679241952122366,0.021859693079941733,PRE-0
Office31,resnet,kNN,hue_0.4,hue,Synthetic,0.027819548872180633,0.015248759224514852,0.012570789647665781,PRE
Office31,resnet,kNN,hue_0.4,hue,Synthetic,0.027819548872180633,0.05132477131860036,0.023505222446419727,PRE-0
Office31,resnet,kNN,hue_0.42500000000000004,hue,Synthetic,0.014235588972431157,0.032188705823965935,0.01795311685153478,PRE
Office31,resnet,kNN,hue_0.42500000000000004,hue,Synthetic,0.014235588972431157,0.11640748604183737,0.10217189706940621,PRE-0
Office31,resnet,kNN,hue_0.42500000000000004,hue,Synthetic,0.014235588972431157,0.03336823244720655,0.01913264347477539,PRE
Office31,resnet,kNN,hue_0.42500000000000004,hue,Synthetic,0.014235588972431157,0.11790088047622915,0.103665291503798,PRE-0
Office31,resnet,kNN,hue_0.45,hue,Synthetic,-0.019248120300751737,0.025917044608220308,0.045165164908972044,PRE
Office31,resnet,kNN,hue_0.45,hue,Synthetic,-0.019248120300751737,0.09372660165264668,0.11297472195339842,PRE-0
Office31,resnet,kNN,hue_0.45,hue,Synthetic,-0.019248120300751737,0.02720943592913283,0.04645755622988457,PRE
Office31,resnet,kNN,hue_0.45,hue,Synthetic,-0.019248120300751737,0.09527170664608697,0.11451982694683871,PRE-0
Office31,resnet,kNN,hue_0.47500000000000003,hue,Synthetic,0.030751879699248197,0.029506313671968765,0.0012455660272794322,PRE
Office31,resnet,kNN,hue_0.47500000000000003,hue,Synthetic,0.030751879699248197,0.10670686220501757,0.07595498250576938,PRE-0
Office31,resnet,kNN,hue_0.47500000000000003,hue,Synthetic,0.030751879699248197,0.03073411257409342,1.7767125154777297e-05,PRE
Office31,resnet,kNN,hue_0.47500000000000003,hue,Synthetic,0.030751879699248197,0.10822237326736417,0.07747049356811597,PRE-0
Office31,resnet,kNN,hue_0.5,hue,Synthetic,0.045689223057644224,0.025152806504710856,0.020536416552933368,PRE
Office31,resnet,kNN,hue_0.5,hue,Synthetic,0.045689223057644224,0.09096280503238308,0.04527358197473885,PRE-0
Office31,resnet,kNN,hue_0.5,hue,Synthetic,0.045689223057644224,0.02645895104020779,0.019230272017436434,PRE
Office31,resnet,kNN,hue_0.5,hue,Synthetic,0.045689223057644224,0.09251421125578774,0.04682498819814351,PRE-0
Office31,resnet,kNN,webcam,Organic,Organic,0.47571428571428587,0.024029392499400393,0.4516848932148855,PRE
Office31,resnet,kNN,webcam,Organic,Organic,0.47571428571428587,0.08690008188788811,0.38881420382639775,PRE-0
Office31,resnet,kNN,webcam,Organic,Organic,0.47571428571428587,0.02535575397227796,0.4503585317420079,PRE
Office31,resnet,kNN,webcam,Organic,Organic,0.47571428571428587,0.08846075078736204,0.3872535349269238,PRE-0
Office31,resnet,kNN,dslr,Organic,Organic,0.43578947368421067,0.05936175450176606,0.3764277191824446,PRE
Office31,resnet,kNN,dslr,Organic,Organic,0.43578947368421067,0.2146763105784264,0.22111316310578427,PRE-0
Office31,resnet,kNN,dslr,Organic,Organic,0.43578947368421067,0.06005227545037828,0.3757371982338324,PRE
Office31,resnet,kNN,dslr,Organic,Organic,0.43578947368421067,0.2159456601402009,0.21984381354400978,PRE-0
Office31,resnet,kNN,jpeg_0.025,jpeg,Synthetic,-0.05483709273182946,0.012310861875975299,0.06714795460780476,PRE
Office31,resnet,kNN,jpeg_0.025,jpeg,Synthetic,-0.05483709273182946,0.043700019148901204,0.09853711188073067,PRE-0
Office31,resnet,kNN,jpeg_0.025,jpeg,Synthetic,-0.05483709273182946,0.014030419322350829,0.06886751205418029,PRE
Office31,resnet,kNN,jpeg_0.025,jpeg,Synthetic,-0.05483709273182946,0.04535918065372646,0.10019627338555592,PRE-0
Office31,resnet,kNN,jpeg_0.05,jpeg,Synthetic,-0.06982456140350857,0.008996120572133837,0.0788206819756424,PRE
Office31,resnet,kNN,jpeg_0.05,jpeg,Synthetic,-0.06982456140350857,0.031933640814804876,0.10175820221831344,PRE-0
Office31,resnet,kNN,jpeg_0.05,jpeg,Synthetic,-0.06982456140350857,0.010726242585498036,0.0805508039890066,PRE
Office31,resnet,kNN,jpeg_0.05,jpeg,Synthetic,-0.06982456140350857,0.03361962869867219,0.10344419010218076,PRE-0
Office31,resnet,kNN,jpeg_0.07500000000000001,jpeg,Synthetic,-0.05338345864661642,0.005131235228821085,0.05851469387543751,PRE
Office31,resnet,kNN,jpeg_0.07500000000000001,jpeg,Synthetic,-0.05338345864661642,0.018214409357852568,0.07159786800446899,PRE-0
Office31,resnet,kNN,jpeg_0.07500000000000001,jpeg,Synthetic,-0.05338345864661642,0.00687367519896398,0.0602571338455804,PRE
Office31,resnet,kNN,jpeg_0.07500000000000001,jpeg,Synthetic,-0.05338345864661642,0.019931675965960904,0.07331513461257733,PRE-0
Office31,resnet,kNN,jpeg_0.1,jpeg,Synthetic,-0.03423558897243084,0.0064876767310417804,0.04072326570347262,PRE
Office31,resnet,kNN,jpeg_0.1,jpeg,Synthetic,-0.03423558897243084,0.023029386588414247,0.05726497556084509,PRE-0
Office31,resnet,kNN,jpeg_0.1,jpeg,Synthetic,-0.03423558897243084,0.008225793523053193,0.042461382495484035,PRE
Office31,resnet,kNN,jpeg_0.1,jpeg,Synthetic,-0.03423558897243084,0.024735675442739913,0.058971264415170754,PRE-0
Office31,resnet,kNN,jpeg_0.125,jpeg,Synthetic,-0.061203007518796815,0.00657569771958999,0.0677787052383868,PRE
Office31,resnet,kNN,jpeg_0.125,jpeg,Synthetic,-0.061203007518796815,0.023341835783589615,0.08454484330238643,PRE-0
Office31,resnet,kNN,jpeg_0.125,jpeg,Synthetic,-0.061203007518796815,0.008313533975793375,0.06951654149459019,PRE
Office31,resnet,kNN,jpeg_0.125,jpeg,Synthetic,-0.061203007518796815,0.025047412279337045,0.08625041979813386,PRE-0
Office31,resnet,kNN,jpeg_0.15000000000000002,jpeg,Synthetic,-0.049097744360902085,0.005209687600262303,0.05430743196116439,PRE
Office31,resnet,kNN,jpeg_0.15000000000000002,jpeg,Synthetic,-0.049097744360902085,0.018492892714160325,0.06759063707506241,PRE-0
Office31,resnet,kNN,jpeg_0.15000000000000002,jpeg,Synthetic,-0.049097744360902085,0.006951877531184203,0.05604962189208629,PRE
Office31,resnet,kNN,jpeg_0.15000000000000002,jpeg,Synthetic,-0.049097744360902085,0.020209524403021484,0.06930726876392357,PRE-0
Office31,resnet,kNN,jpeg_0.17500000000000002,jpeg,Synthetic,-0.07849624060150362,0.0043347507430239185,0.08283099134452754,PRE
Office31,resnet,kNN,jpeg_0.17500000000000002,jpeg,Synthetic,-0.07849624060150362,0.0153871184961899,0.09388335909769352,PRE-0
Office31,resnet,kNN,jpeg_0.17500000000000002,jpeg,Synthetic,-0.07849624060150362,0.006079729226110886,0.0845759698276145,PRE
Office31,resnet,kNN,jpeg_0.17500000000000002,jpeg,Synthetic,-0.07849624060150362,0.017110831095933476,0.0956070716974371,PRE-0
Office31,resnet,kNN,jpeg_0.2,jpeg,Synthetic,-0.03578947368421037,0.011990274619759211,0.04777974830396958,PRE
Office31,resnet,kNN,jpeg_0.2,jpeg,Synthetic,-0.03578947368421037,0.0425620265878055,0.07835150027201587,PRE-0
Office31,resnet,kNN,jpeg_0.2,jpeg,Synthetic,-0.03578947368421037,0.013710853824767888,0.04950032750897826,PRE
Office31,resnet,kNN,jpeg_0.2,jpeg,Synthetic,-0.03578947368421037,0.04422378262247861,0.08001325630668898,PRE-0
Office31,resnet,kNN,jpeg_0.225,jpeg,Synthetic,-0.009949874686716598,0.005448375725111587,0.015398250411828185,PRE
Office31,resnet,kNN,jpeg_0.225,jpeg,Synthetic,-0.009949874686716598,0.01934016691247442,0.02929004159919102,PRE-0
Office31,resnet,kNN,jpeg_0.225,jpeg,Synthetic,-0.009949874686716598,0.007189804921950982,0.01713967960866758,PRE
Office31,resnet,kNN,jpeg_0.225,jpeg,Synthetic,-0.009949874686716598,0.021054866885547585,0.031004741572264183,PRE-0
Office31,resnet,kNN,jpeg_0.25,jpeg,Synthetic,-0.07433583959899726,0.019201385103845947,0.0935372247028432,PRE
Office31,resnet,kNN,jpeg_0.25,jpeg,Synthetic,-0.07433583959899726,0.0681593949454512,0.14249523454444846,PRE-0
Office31,resnet,kNN,jpeg_0.25,jpeg,Synthetic,-0.07433583959899726,0.020898981441478726,0.09523482104047598,PRE
Office31,resnet,kNN,jpeg_0.25,jpeg,Synthetic,-0.07433583959899726,0.06976279107646144,0.1440986306754587,PRE-0
Office31,resnet,kNN,jpeg_0.275,jpeg,Synthetic,-0.04784461152882191,0.012142909495868381,0.05998752102469029,PRE
Office31,resnet,kNN,jpeg_0.275,jpeg,Synthetic,-0.04784461152882191,0.04310383650135641,0.09094844803017832,PRE-0
Office31,resnet,kNN,jpeg_0.275,jpeg,Synthetic,-0.04784461152882191,0.01386300223112702,0.06170761375994893,PRE
Office31,resnet,kNN,jpeg_0.275,jpeg,Synthetic,-0.04784461152882191,0.04476435725379602,0.09260896878261793,PRE-0
Office31,resnet,kNN,jpeg_0.30000000000000004,jpeg,Synthetic,-0.050927318295739266,0.005594091359280462,0.05652140965501973,PRE
Office31,resnet,kNN,jpeg_0.30000000000000004,jpeg,Synthetic,-0.050927318295739266,0.01985741550705933,0.0707847338027986,PRE-0
Office31,resnet,kNN,jpeg_0.30000000000000004,jpeg,Synthetic,-0.050927318295739266,0.0073350561390091995,0.058262374434748465,PRE
Office31,resnet,kNN,jpeg_0.30000000000000004,jpeg,Synthetic,-0.050927318295739266,0.021570936195694723,0.07249825449143399,PRE-0
Office31,resnet,kNN,jpeg_0.325,jpeg,Synthetic,-0.03724310776942352,0.011535868195535315,0.04877897596495884,PRE
Office31,resnet,kNN,jpeg_0.325,jpeg,Synthetic,-0.03724310776942352,0.04094901446566346,0.07819212223508698,PRE-0
Office31,resnet,kNN,jpeg_0.325,jpeg,Synthetic,-0.03724310776942352,0.013257895660504282,0.050501003429927804,PRE
Office31,resnet,kNN,jpeg_0.325,jpeg,Synthetic,-0.03724310776942352,0.0426144480358841,0.07985755580530762,PRE-0
Office31,resnet,kNN,jpeg_0.35000000000000003,jpeg,Synthetic,-0.0752380952380951,0.00901855023373932,0.08425664547183442,PRE
Office31,resnet,kNN,jpeg_0.35000000000000003,jpeg,Synthetic,-0.0752380952380951,0.03201325966290336,0.10725135490099846,PRE-0
Office31,resnet,kNN,jpeg_0.35000000000000003,jpeg,Synthetic,-0.0752380952380951,0.010748600760480453,0.08598669599857556,PRE
Office31,resnet,kNN,jpeg_0.35000000000000003,jpeg,Synthetic,-0.0752380952380951,0.03369906602231698,0.10893716126041209,PRE-0
Office31,resnet,kNN,jpeg_0.375,jpeg,Synthetic,-0.0641102756892229,0.004457920966186912,0.06856819665540981,PRE
Office31,resnet,kNN,jpeg_0.375,jpeg,Synthetic,-0.0641102756892229,0.01582433736559319,0.07993461305481608,PRE-0
Office31,resnet,kNN,jpeg_0.375,jpeg,Synthetic,-0.0641102756892229,0.006202506887696746,0.07031278257691964,PRE
Office31,resnet,kNN,jpeg_0.375,jpeg,Synthetic,-0.0641102756892229,0.017547053142118796,0.08165732883134169,PRE-0
Office31,resnet,kNN,jpeg_0.4,jpeg,Synthetic,-0.03518796992481177,0.017206199826603208,0.052394169751414976,PRE
Office31,resnet,kNN,jpeg_0.4,jpeg,Synthetic,-0.03518796992481177,0.06107706101144261,0.09626503093625438,PRE-0
Office31,resnet,kNN,jpeg_0.4,jpeg,Synthetic,-0.03518796992481177,0.018910155112517035,0.054098125037328804,PRE
Office31,resnet,kNN,jpeg_0.4,jpeg,Synthetic,-0.03518796992481177,0.0626966042838435,0.09788457420865526,PRE-0
Office31,resnet,kNN,jpeg_0.42500000000000004,jpeg,Synthetic,-0.05882205513784444,0.012145211622833552,0.070967266760678,PRE
Office31,resnet,kNN,jpeg_0.42500000000000004,jpeg,Synthetic,-0.05882205513784444,0.04311200839000884,0.10193406352785328,PRE-0
Office31,resnet,kNN,jpeg_0.42500000000000004,jpeg,Synthetic,-0.05882205513784444,0.01386529702087591,0.07268735215872035,PRE
Office31,resnet,kNN,jpeg_0.42500000000000004,jpeg,Synthetic,-0.05882205513784444,0.04477251051121156,0.103594565649056,PRE-0
Office31,resnet,kNN,jpeg_0.45,jpeg,Synthetic,-0.04268170426065143,0.014247850926861982,0.056929555187513414,PRE
Office31,resnet,kNN,jpeg_0.45,jpeg,Synthetic,-0.04268170426065143,0.050575773216140485,0.09325747747679192,PRE-0
Office31,resnet,kNN,jpeg_0.45,jpeg,Synthetic,-0.04268170426065143,0.015961234904870336,0.05864293916552177,PRE
Office31,resnet,kNN,jpeg_0.45,jpeg,Synthetic,-0.04268170426065143,0.0522192585647544,0.09490096282540583,PRE-0
Office31,resnet,kNN,jpeg_0.47500000000000003,jpeg,Synthetic,-0.05756892230576427,0.008998551309543967,0.06656747361530824,PRE
Office31,resnet,kNN,jpeg_0.47500000000000003,jpeg,Synthetic,-0.05756892230576427,0.03194226923354948,0.08951119153931375,PRE-0
Office31,resnet,kNN,jpeg_0.47500000000000003,jpeg,Synthetic,-0.05756892230576427,0.01072866557579144,0.06829758788155571,PRE
Office31,resnet,kNN,jpeg_0.47500000000000003,jpeg,Synthetic,-0.05756892230576427,0.03362823744532861,0.09119715975109288,PRE-0
Office31,resnet,kNN,jpeg_0.5,jpeg,Synthetic,-0.06591478696741826,0.0047259065504038356,0.0706406935178221,PRE
Office31,resnet,kNN,jpeg_0.5,jpeg,Synthetic,-0.06591478696741826,0.016775609118935164,0.08269039608635342,PRE-0
Office31,resnet,kNN,jpeg_0.5,jpeg,Synthetic,-0.06591478696741826,0.0064696383625285625,0.07238442532994682,PRE
Office31,resnet,kNN,jpeg_0.5,jpeg,Synthetic,-0.06591478696741826,0.018496156073763537,0.0844109430411818,PRE-0
Office31,resnet,kNN,webcam,Organic,Organic,0.47571428571428587,0.02432672997428653,0.45138755573999934,PRE
Office31,resnet,kNN,webcam,Organic,Organic,0.47571428571428587,0.08635289522507583,0.38936139048921004,PRE-0
Office31,resnet,kNN,webcam,Organic,Organic,0.47571428571428587,0.02600799108564944,0.4497062946286364,PRE
Office31,resnet,kNN,webcam,Organic,Organic,0.47571428571428587,0.08791481166533133,0.38779947404895454,PRE-0
Office31,resnet,kNN,dslr,Organic,Organic,0.43578947368421067,0.06009629134820538,0.3756931823360053,PRE
Office31,resnet,kNN,dslr,Organic,Organic,0.43578947368421067,0.2133245510470393,0.22246492263717138,PRE-0
Office31,resnet,kNN,dslr,Organic,Organic,0.43578947368421067,0.06166354961812359,0.3741259240660871,PRE
Office31,resnet,kNN,dslr,Organic,Organic,0.43578947368421067,0.21459698250984838,0.2211924911743623,PRE-0
Office31,resnet,kNN,multnoise_0.025,multnoise,Synthetic,0.07807017543859673,0.01991689175213407,0.058153283686462665,PRE
Office31,resnet,kNN,multnoise_0.025,multnoise,Synthetic,0.07807017543859673,0.11279952677683425,0.03472935133823751,PRE-0
Office31,resnet,kNN,multnoise_0.025,multnoise,Synthetic,0.07807017543859673,0.02228816374450515,0.05578201169409158,PRE
Office31,resnet,kNN,multnoise_0.025,multnoise,Synthetic,0.07807017543859673,0.11430114706289107,0.03623097162429434,PRE-0
Office31,resnet,kNN,multnoise_0.05,multnoise,Synthetic,0.3580952380952383,0.07606920598836098,0.2820260321068773,PRE
Office31,resnet,kNN,multnoise_0.05,multnoise,Synthetic,0.3580952380952383,0.4308187514679488,0.07272351337271049,PRE-0
Office31,resnet,kNN,multnoise_0.05,multnoise,Synthetic,0.3580952380952383,0.08016725637624866,0.27792798171898964,PRE
Office31,resnet,kNN,multnoise_0.05,multnoise,Synthetic,0.3580952380952383,0.431595313964602,0.07350007586936369,PRE-0
Office31,resnet,kNN,multnoise_0.07500000000000001,multnoise,Synthetic,0.5820802005012533,0.09614236275211863,0.4859378377491347,PRE
Office31,resnet,kNN,multnoise_0.07500000000000001,multnoise,Synthetic,0.5820802005012533,0.5445032867883998,0.037576913712853516,PRE-0
Office31,resnet,kNN,multnoise_0.07500000000000001,multnoise,Synthetic,0.5820802005012533,0.10085769657526511,0.4812225039259882,PRE
Office31,resnet,kNN,multnoise_0.07500000000000001,multnoise,Synthetic,0.5820802005012533,0.5450206578542554,0.0370595426469979,PRE-0
Office31,resnet,kNN,multnoise_0.1,multnoise,Synthetic,0.6766416040100253,0.13358886626287958,0.5430527377471457,PRE
Office31,resnet,kNN,multnoise_0.1,multnoise,Synthetic,0.6766416040100253,0.7565819548872182,0.07994035087719299,PRE-0
Office31,resnet,kNN,multnoise_0.1,multnoise,Synthetic,0.6766416040100253,0.13945574324376653,0.5371858607662587,PRE
Office31,resnet,kNN,multnoise_0.1,multnoise,Synthetic,0.6766416040100253,0.7566158039571291,0.07997419994710389,PRE-0
Office31,resnet,kNN,multnoise_0.125,multnoise,Synthetic,0.6965413533834589,0.13381663449297865,0.5627247188904803,PRE
Office31,resnet,kNN,multnoise_0.125,multnoise,Synthetic,0.6965413533834589,0.7578719226638025,0.061330569280343694,PRE-0
Office31,resnet,kNN,multnoise_0.125,multnoise,Synthetic,0.6965413533834589,0.1396905157312015,0.5568508376522574,PRE
Office31,resnet,kNN,multnoise_0.125,multnoise,Synthetic,0.6965413533834589,0.7579028307128196,0.061361477329360696,PRE-0
Office31,resnet,kNN,multnoise_0.15000000000000002,multnoise,Synthetic,0.7099248120300754,0.134709443623941,0.5752153684061344,PRE
Office31,resnet,kNN,multnoise_0.15000000000000002,multnoise,Synthetic,0.7099248120300754,0.7629283566058004,0.053003544575724995,PRE-0
Office31,resnet,kNN,multnoise_0.15000000000000002,multnoise,Synthetic,0.7099248120300754,0.1406107802491704,0.569314031780905,PRE
Office31,resnet,kNN,multnoise_0.15000000000000002,multnoise,Synthetic,0.7099248120300754,0.7629477363995057,0.0530229243694304,PRE-0
Office31,resnet,kNN,multnoise_0.17500000000000002,multnoise,Synthetic,0.7366917293233085,0.1351304666427976,0.6015612626805109,PRE
Office31,resnet,kNN,multnoise_0.17500000000000002,multnoise,Synthetic,0.7366917293233085,0.7653128249194416,0.0286210955961332,PRE-0
Office31,resnet,kNN,multnoise_0.17500000000000002,multnoise,Synthetic,0.7366917293233085,0.14104475043615128,0.5956469788871572,PRE
Office31,resnet,kNN,multnoise_0.17500000000000002,multnoise,Synthetic,0.7366917293233085,0.7653267683206583,0.0286350389973498,PRE-0
Office31,resnet,kNN,multnoise_0.2,multnoise,Synthetic,0.7395739348370929,0.13586893821856239,0.6037049966185305,PRE
Office31,resnet,kNN,multnoise_0.2,multnoise,Synthetic,0.7395739348370929,0.7694951664876478,0.029921231650555,PRE-0
Office31,resnet,kNN,multnoise_0.2,multnoise,Synthetic,0.7395739348370929,0.14180593125872232,0.5977680035783706,PRE
Office31,resnet,kNN,multnoise_0.2,multnoise,Synthetic,0.7395739348370929,0.7694995744925849,0.029925639655491998,PRE-0
Office31,resnet,kNN,multnoise_0.225,multnoise,Synthetic,0.7360150375939851,0.13463946087938117,0.6013755767146041,PRE
Office31,resnet,kNN,multnoise_0.225,multnoise,Synthetic,0.7360150375939851,0.762532008592911,0.026516970998925898,PRE-0
Office31,resnet,kNN,multnoise_0.225,multnoise,Synthetic,0.7360150375939851,0.14053864541714978,0.5954763921768353,PRE
Office31,resnet,kNN,multnoise_0.225,multnoise,Synthetic,0.7360150375939851,0.7625522920276284,0.026537254433643298,PRE-0
Office31,resnet,kNN,multnoise_0.25,multnoise,Synthetic,0.7401253132832082,0.13586893821856239,0.6042563750646458,PRE
Office31,resnet,kNN,multnoise_0.25,multnoise,Synthetic,0.7401253132832082,0.7694951664876478,0.029369853204439703,PRE-0
Office31,resnet,kNN,multnoise_0.25,multnoise,Synthetic,0.7401253132832082,0.14180593125872232,0.5983193820244859,PRE
Office31,resnet,kNN,multnoise_0.25,multnoise,Synthetic,0.7401253132832082,0.7694995744925849,0.029374261209376702,PRE-0
Office31,resnet,kNN,multnoise_0.275,multnoise,Synthetic,0.7416791979949877,0.13621031746031764,0.6054688805346701,PRE
Office31,resnet,kNN,multnoise_0.275,multnoise,Synthetic,0.7416791979949877,0.7714285714285716,0.0297493734335839,PRE-0
Office31,resnet,kNN,multnoise_0.275,multnoise,Synthetic,0.7416791979949877,0.14215780848809134,0.5995213895068964,PRE
Office31,resnet,kNN,multnoise_0.275,multnoise,Synthetic,0.7416791979949877,0.7714285714285716,0.0297493734335839,PRE-0
Office31,resnet,kNN,multnoise_0.30000000000000004,multnoise,Synthetic,0.7441102756892233,0.13621031746031764,0.6078999582289056,PRE
Office31,resnet,kNN,multnoise_0.30000000000000004,multnoise,Synthetic,0.7441102756892233,0.7714285714285716,0.0273182957393483,PRE-0
Office31,resnet,kNN,multnoise_0.30000000000000004,multnoise,Synthetic,0.7441102756892233,0.14215780848809134,0.6019524672011319,PRE
Office31,resnet,kNN,multnoise_0.30000000000000004,multnoise,Synthetic,0.7441102756892233,0.7714285714285716,0.0273182957393483,PRE-0
Office31,resnet,kNN,multnoise_0.325,multnoise,Synthetic,0.7479448621553887,0.13621031746031764,0.611734544695071,PRE
Office31,resnet,kNN,multnoise_0.325,multnoise,Synthetic,0.7479448621553887,0.7714285714285716,0.0234837092731829,PRE-0
Office31,resnet,kNN,multnoise_0.325,multnoise,Synthetic,0.7479448621553887,0.14215780848809134,0.6057870536672973,PRE
Office31,resnet,kNN,multnoise_0.325,multnoise,Synthetic,0.7479448621553887,0.7714285714285716,0.0234837092731829,PRE-0
Office31,resnet,kNN,multnoise_0.35000000000000003,multnoise,Synthetic,0.7513784461152884,0.13621031746031764,0.6151681286549707,PRE
Office31,resnet,kNN,multnoise_0.35000000000000003,multnoise,Synthetic,0.7513784461152884,0.7714285714285716,0.0200501253132832,PRE-0
Office31,resnet,kNN,multnoise_0.35000000000000003,multnoise,Synthetic,0.7513784461152884,0.14215780848809134,0.609220637627197,PRE
Office31,resnet,kNN,multnoise_0.35000000000000003,multnoise,Synthetic,0.7513784461152884,0.7714285714285716,0.0200501253132832,PRE-0
Office31,resnet,kNN,multnoise_0.375,multnoise,Synthetic,0.7418295739348373,0.13621031746031764,0.6056192564745196,PRE
Office31,resnet,kNN,multnoise_0.375,multnoise,Synthetic,0.7418295739348373,0.7714285714285716,0.0295989974937343,PRE-0
Office31,resnet,kNN,multnoise_0.375,multnoise,Synthetic,0.7418295739348373,0.14215780848809134,0.5996717654467459,PRE
Office31,resnet,kNN,multnoise_0.375,multnoise,Synthetic,0.7418295739348373,0.7714285714285716,0.0295989974937343,PRE-0
Office31,resnet,kNN,multnoise_0.4,multnoise,Synthetic,0.7343358395989976,0.13621031746031764,0.5981255221386801,PRE
Office31,resnet,kNN,multnoise_0.4,multnoise,Synthetic,0.7343358395989976,0.7714285714285716,0.0370927318295739,PRE-0
Office31,resnet,kNN,multnoise_0.4,multnoise,Synthetic,0.7343358395989976,0.14215780848809134,0.5921780311109064,PRE
Office31,resnet,kNN,multnoise_0.4,multnoise,Synthetic,0.7343358395989976,0.7714285714285716,0.0370927318295739,PRE-0
Office31,resnet,kNN,multnoise_0.42500000000000004,multnoise,Synthetic,0.7434837092731832,0.13621031746031764,0.6072733918128655,PRE
Office31,resnet,kNN,multnoise_0.42500000000000004,multnoise,Synthetic,0.7434837092731832,0.7714285714285716,0.0279448621553884,PRE-0
Office31,resnet,kNN,multnoise_0.42500000000000004,multnoise,Synthetic,0.7434837092731832,0.14215780848809134,0.6013259007850918,PRE
Office31,resnet,kNN,multnoise_0.42500000000000004,multnoise,Synthetic,0.7434837092731832,0.7714285714285716,0.0279448621553884,PRE-0
Office31,resnet,kNN,multnoise_0.45,multnoise,Synthetic,0.7631077694235591,0.13621031746031764,0.6268974519632414,PRE
Office31,resnet,kNN,multnoise_0.45,multnoise,Synthetic,0.7631077694235591,0.7714285714285716,0.0083208020050125,PRE-0
Office31,resnet,kNN,multnoise_0.45,multnoise,Synthetic,0.7631077694235591,0.14215780848809134,0.6209499609354677,PRE
Office31,resnet,kNN,multnoise_0.45,multnoise,Synthetic,0.7631077694235591,0.7714285714285716,0.0083208020050125,PRE-0
Office31,resnet,kNN,multnoise_0.47500000000000003,multnoise,Synthetic,0.7459649122807019,0.13621031746031764,0.6097545948203843,PRE
Office31,resnet,kNN,multnoise_0.47500000000000003,multnoise,Synthetic,0.7459649122807019,0.7714285714285716,0.0254636591478696,PRE-0
Office31,resnet,kNN,multnoise_0.47500000000000003,multnoise,Synthetic,0.7459649122807019,0.14215780848809134,0.6038071037926106,PRE
Office31,resnet,kNN,multnoise_0.47500000000000003,multnoise,Synthetic,0.7459649122807019,0.7714285714285716,0.0254636591478696,PRE-0
Office31,resnet,kNN,multnoise_0.5,multnoise,Synthetic,0.7389473684210528,0.13621031746031764,0.6027370509607352,PRE
Office31,resnet,kNN,multnoise_0.5,multnoise,Synthetic,0.7389473684210528,0.7714285714285716,0.0324812030075188,PRE-0
Office31,resnet,kNN,multnoise_0.5,multnoise,Synthetic,0.7389473684210528,0.14215780848809134,0.5967895599329615,PRE
Office31,resnet,kNN,multnoise_0.5,multnoise,Synthetic,0.7389473684210528,0.7714285714285716,0.0324812030075188,PRE-0
Office31,resnet,kNN,webcam,Organic,Organic,0.47571428571428587,0.022412205492037263,0.4533020802222486,PRE
Office31,resnet,kNN,webcam,Organic,Organic,0.47571428571428587,0.12693176249532445,0.3487825232189614,PRE-0
Office31,resnet,kNN,webcam,Organic,Organic,0.47571428571428587,0.02486021259167337,0.4508540731226125,PRE
Office31,resnet,kNN,webcam,Organic,Organic,0.47571428571428587,0.12840116244124522,0.34731312327304065,PRE-0
Office31,resnet,kNN,dslr,Organic,Organic,0.43578947368421067,0.055366686456790104,0.38042278722742057,PRE
Office31,resnet,kNN,dslr,Organic,Organic,0.43578947368421067,0.31356981346540286,0.12221966021880781,PRE-0
Office31,resnet,kNN,dslr,Organic,Organic,0.43578947368421067,0.05882809944253098,0.3769613742416797,PRE
Office31,resnet,kNN,dslr,Organic,Organic,0.43578947368421067,0.3146136939390767,0.121175779745134,PRE-0
Office31,resnet,kNN,noise_0.025,noise,Synthetic,0.03989974937343377,0.019318488265808842,0.020581261107624926,PRE
Office31,resnet,kNN,noise_0.025,noise,Synthetic,0.03989974937343377,0.10766955616035634,0.06776980678692257,PRE-0
Office31,resnet,kNN,noise_0.025,noise,Synthetic,0.03989974937343377,0.023529869951305682,0.016369879422128086,PRE
Office31,resnet,kNN,noise_0.025,noise,Synthetic,0.03989974937343377,0.10918287235932078,0.06928312298588701,PRE-0
Office31,resnet,kNN,noise_0.05,noise,Synthetic,0.280075187969925,0.05094081668173356,0.22913437128819142,PRE
Office31,resnet,kNN,noise_0.05,noise,Synthetic,0.280075187969925,0.28391326728580807,0.0038380793158830917,PRE-0
Office31,resnet,kNN,noise_0.05,noise,Synthetic,0.280075187969925,0.05916682586530064,0.22090836210462433,PRE
Office31,resnet,kNN,noise_0.05,noise,Synthetic,0.280075187969925,0.28502476225616885,0.004949574286243874,PRE-0
Office31,resnet,kNN,noise_0.07500000000000001,noise,Synthetic,0.5206265664160403,0.05981634125360735,0.4608102251624329,PRE
Office31,resnet,kNN,noise_0.07500000000000001,noise,Synthetic,0.5206265664160403,0.3333800670785912,0.18724649933744908,PRE-0
Office31,resnet,kNN,noise_0.07500000000000001,noise,Synthetic,0.5206265664160403,0.06916914681147623,0.45145741960456404,PRE
Office31,resnet,kNN,noise_0.07500000000000001,noise,Synthetic,0.5206265664160403,0.334378781796307,0.1862477846197333,PRE-0
Office31,resnet,kNN,noise_0.1,noise,Synthetic,0.6559398496240604,0.0872624616470451,0.5686773879770153,PRE
Office31,resnet,kNN,noise_0.1,noise,Synthetic,0.6559398496240604,0.4863481233998152,0.16959172622424518,PRE-0
Office31,resnet,kNN,noise_0.1,noise,Synthetic,0.6559398496240604,0.10009970225971387,0.5558401473643465,PRE
Office31,resnet,kNN,noise_0.1,noise,Synthetic,0.6559398496240604,0.48699808347581597,0.1689417661482444,PRE-0
Office31,resnet,kNN,noise_0.125,noise,Synthetic,0.6783458646616543,0.055310095874607224,0.623035768787047,PRE
Office31,resnet,kNN,noise_0.125,noise,Synthetic,0.6783458646616543,0.3082649838882924,0.3700808807733619,PRE-0
Office31,resnet,kNN,noise_0.125,noise,Synthetic,0.6783458646616543,0.06409080894220665,0.6142550557194476,PRE
Office31,resnet,kNN,noise_0.125,noise,Synthetic,0.6783458646616543,0.30932095893898437,0.3690249057226699,PRE-0
Office31,resnet,kNN,noise_0.15000000000000002,noise,Synthetic,0.7101754385964913,0.10219647817957611,0.6079789604169152,PRE
Office31,resnet,kNN,noise_0.15000000000000002,noise,Synthetic,0.7101754385964913,0.5695812889366274,0.14059414965986392,PRE-0
Office31,resnet,kNN,noise_0.15000000000000002,noise,Synthetic,0.7101754385964913,0.11692967384778541,0.5932457647487059,PRE
Office31,resnet,kNN,noise_0.15000000000000002,noise,Synthetic,0.7101754385964913,0.5700414842112462,0.1401339543852452,PRE-0
Office31,resnet,kNN,noise_0.17500000000000002,noise,Synthetic,0.7076942355889727,0.13071230393443944,0.5769819316545333,PRE
Office31,resnet,kNN,noise_0.17500000000000002,noise,Synthetic,0.7076942355889727,0.7285112352309346,0.020816999641961993,PRE-0
Office31,resnet,kNN,noise_0.17500000000000002,noise,Synthetic,0.7076942355889727,0.14906573960205394,0.5586284959869188,PRE
Office31,resnet,kNN,noise_0.17500000000000002,noise,Synthetic,0.7076942355889727,0.7286090832429245,0.020914847653951796,PRE-0
Office31,resnet,kNN,noise_0.2,noise,Synthetic,0.7147869674185465,0.13713527755897692,0.5776516898595696,PRE
Office31,resnet,kNN,noise_0.2,noise,Synthetic,0.7147869674185465,0.764309001074114,0.049522033655567496,PRE-0
Office31,resnet,kNN,noise_0.2,noise,Synthetic,0.7147869674185465,0.15630414484798538,0.5584828225705611,PRE
Office31,resnet,kNN,noise_0.2,noise,Synthetic,0.7147869674185465,0.764325233111494,0.0495382656929474,PRE-0
Office31,resnet,kNN,noise_0.225,noise,Synthetic,0.7068170426065165,0.13742351593268898,0.5693935266738275,PRE
Office31,resnet,kNN,noise_0.225,noise,Synthetic,0.7068170426065165,0.7659154672395275,0.059098424633011105,PRE-0
Office31,resnet,kNN,noise_0.225,noise,Synthetic,0.7068170426065165,0.15662897665928,0.5501880659472365,PRE
Office31,resnet,kNN,noise_0.225,noise,Synthetic,0.7068170426065165,0.7659280366656054,0.05911099405908891,PRE-0
Office31,resnet,kNN,noise_0.25,noise,Synthetic,0.7272431077694238,0.13676735648645433,0.5904757512829695,PRE
Office31,resnet,kNN,noise_0.25,noise,Synthetic,0.7272431077694238,0.7622584317937704,0.0350153240243466,PRE-0
Office31,resnet,kNN,noise_0.25,noise,Synthetic,0.7272431077694238,0.15588951418357444,0.5713535935858494,PRE
Office31,resnet,kNN,noise_0.25,noise,Synthetic,0.7272431077694238,0.7622793389611864,0.0350362311917626,PRE-0
Office31,resnet,kNN,noise_0.275,noise,Synthetic,0.7206516290726819,0.13806527907069277,0.5825863500019891,PRE
Office31,resnet,kNN,noise_0.275,noise,Synthetic,0.7206516290726819,0.7694922663802365,0.0488406373075546,PRE-0
Office31,resnet,kNN,noise_0.275,noise,Synthetic,0.7206516290726819,0.15735221513670816,0.5632994139359737,PRE
Office31,resnet,kNN,noise_0.275,noise,Synthetic,0.7206516290726819,0.7694966809971808,0.048845051924499,PRE-0
Office31,resnet,kNN,noise_0.30000000000000004,noise,Synthetic,0.744636591478697,0.13841269841269854,0.6062238930659984,PRE
Office31,resnet,kNN,noise_0.30000000000000004,noise,Synthetic,0.744636591478697,0.7714285714285716,0.0267919799498746,PRE-0
Office31,resnet,kNN,noise_0.30000000000000004,noise,Synthetic,0.744636591478697,0.1577437412638132,0.5868928502148838,PRE
Office31,resnet,kNN,noise_0.30000000000000004,noise,Synthetic,0.744636591478697,0.7714285714285716,0.0267919799498746,PRE-0
Office31,resnet,kNN,noise_0.325,noise,Synthetic,0.7354135338345866,0.13838126936388606,0.5970322644707006,PRE
Office31,resnet,kNN,noise_0.325,noise,Synthetic,0.7354135338345866,0.771253404940924,0.0358398711063373,PRE-0
Office31,resnet,kNN,noise_0.325,noise,Synthetic,0.7354135338345866,0.1577083221254051,0.5777052117091815,PRE
Office31,resnet,kNN,noise_0.325,noise,Synthetic,0.7354135338345866,0.7712538043061712,0.0358402704715845,PRE-0
Office31,resnet,kNN,noise_0.35000000000000003,noise,Synthetic,0.7417794486215541,0.13841269841269854,0.6033667502088556,PRE
Office31,resnet,kNN,noise_0.35000000000000003,noise,Synthetic,0.7417794486215541,0.7714285714285716,0.0296491228070175,PRE-0
Office31,resnet,kNN,noise_0.35000000000000003,noise,Synthetic,0.7417794486215541,0.1577437412638132,0.5840357073577409,PRE
Office31,resnet,kNN,noise_0.35000000000000003,noise,Synthetic,0.7417794486215541,0.7714285714285716,0.0296491228070175,PRE-0
Office31,resnet,kNN,noise_0.375,noise,Synthetic,0.7331578947368422,0.13841269841269854,0.5947451963241437,PRE
Office31,resnet,kNN,noise_0.375,noise,Synthetic,0.7331578947368422,0.7714285714285716,0.0382706766917293,PRE-0
Office31,resnet,kNN,noise_0.375,noise,Synthetic,0.7331578947368422,0.1577437412638132,0.575414153473029,PRE
Office31,resnet,kNN,noise_0.375,noise,Synthetic,0.7331578947368422,0.7714285714285716,0.0382706766917293,PRE-0
Office31,resnet,kNN,noise_0.4,noise,Synthetic,0.7350375939849626,0.13841269841269854,0.5966248955722641,PRE
Office31,resnet,kNN,noise_0.4,noise,Synthetic,0.7350375939849626,0.7714285714285716,0.036390977443609,PRE-0
Office31,resnet,kNN,noise_0.4,noise,Synthetic,0.7350375939849626,0.1577437412638132,0.5772938527211494,PRE
Office31,resnet,kNN,noise_0.4,noise,Synthetic,0.7350375939849626,0.7714285714285716,0.036390977443609,PRE-0
Office31,resnet,kNN,noise_0.42500000000000004,noise,Synthetic,0.7384711779448624,0.13841269841269854,0.6000584795321638,PRE
Office31,resnet,kNN,noise_0.42500000000000004,noise,Synthetic,0.7384711779448624,0.7714285714285716,0.0329573934837092,PRE-0
Office31,resnet,kNN,noise_0.42500000000000004,noise,Synthetic,0.7384711779448624,0.1577437412638132,0.5807274366810492,PRE
Office31,resnet,kNN,noise_0.42500000000000004,noise,Synthetic,0.7384711779448624,0.7714285714285716,0.0329573934837092,PRE-0
Office31,resnet,kNN,noise_0.45,noise,Synthetic,0.7419548872180453,0.13841269841269854,0.6035421888053467,PRE
Office31,resnet,kNN,noise_0.45,noise,Synthetic,0.7419548872180453,0.7714285714285716,0.0294736842105263,PRE-0
Office31,resnet,kNN,noise_0.45,noise,Synthetic,0.7419548872180453,0.1577437412638132,0.5842111459542321,PRE
Office31,resnet,kNN,noise_0.45,noise,Synthetic,0.7419548872180453,0.7714285714285716,0.0294736842105263,PRE-0
Office31,resnet,kNN,noise_0.47500000000000003,noise,Synthetic,0.7373684210526318,0.13841269841269854,0.5989557226399332,PRE
Office31,resnet,kNN,noise_0.47500000000000003,noise,Synthetic,0.7373684210526318,0.7714285714285716,0.0340601503759398,PRE-0
Office31,resnet,kNN,noise_0.47500000000000003,noise,Synthetic,0.7373684210526318,0.1577437412638132,0.5796246797888186,PRE
Office31,resnet,kNN,noise_0.47500000000000003,noise,Synthetic,0.7373684210526318,0.7714285714285716,0.0340601503759398,PRE-0
Office31,resnet,kNN,noise_0.5,noise,Synthetic,0.7579197994987471,0.13841269841269854,0.6195071010860486,PRE
Office31,resnet,kNN,noise_0.5,noise,Synthetic,0.7579197994987471,0.7714285714285716,0.0135087719298245,PRE-0
Office31,resnet,kNN,noise_0.5,noise,Synthetic,0.7579197994987471,0.1577437412638132,0.6001760582349339,PRE
Office31,resnet,kNN,noise_0.5,noise,Synthetic,0.7579197994987471,0.7714285714285716,0.0135087719298245,PRE-0
Office31,resnet,kNN,webcam,Organic,Organic,0.47571428571428587,0.021499774739479283,0.4542145109748066,PRE
Office31,resnet,kNN,webcam,Organic,Organic,0.47571428571428587,0.11982672618562895,0.3558875595286569,PRE-0
Office31,resnet,kNN,webcam,Organic,Organic,0.47571428571428587,0.025988082669722412,0.44972620304456346,PRE
Office31,resnet,kNN,webcam,Organic,Organic,0.47571428571428587,0.12131232503249767,0.3544019606817882,PRE-0
Office31,resnet,kNN,dslr,Organic,Organic,0.43578947368421067,0.05311263486832141,0.38267683881588926,PRE
Office31,resnet,kNN,dslr,Organic,Organic,0.43578947368421067,0.296017666811974,0.13977180687223667,PRE-0
Office31,resnet,kNN,dslr,Organic,Organic,0.43578947368421067,0.061614368245818896,0.3741751054383918,PRE
Office31,resnet,kNN,dslr,Organic,Organic,0.43578947368421067,0.2971015647426557,0.13868790894155497,PRE-0
Office31,resnet,kNN,saltpepper_0.025,saltpepper,Synthetic,0.7081704260651631,0.10060392848191924,0.6075664975832439,PRE
Office31,resnet,kNN,saltpepper_0.025,saltpepper,Synthetic,0.7081704260651631,0.5978115145005373,0.11035891156462581,PRE-0
Office31,resnet,kNN,saltpepper_0.025,saltpepper,Synthetic,0.7081704260651631,0.10152183120060199,0.6066485948645611,PRE
Office31,resnet,kNN,saltpepper_0.025,saltpepper,Synthetic,0.7081704260651631,0.5982073471726699,0.1099630788924932,PRE-0
Office31,resnet,kNN,saltpepper_0.05,saltpepper,Synthetic,0.7145112781954889,0.12357913274257082,0.5909321454529181,PRE
Office31,resnet,kNN,saltpepper_0.05,saltpepper,Synthetic,0.7145112781954889,0.7343354242749733,0.019824146079484503,PRE-0
Office31,resnet,kNN,saltpepper_0.05,saltpepper,Synthetic,0.7145112781954889,0.12430499874312473,0.5902062794523641,PRE
Office31,resnet,kNN,saltpepper_0.05,saltpepper,Synthetic,0.7145112781954889,0.734419993612891,0.0199087154174021,PRE-0
Office31,resnet,kNN,saltpepper_0.07500000000000001,saltpepper,Synthetic,0.7098746867167922,0.12729625537056954,0.5825784313462227,PRE
Office31,resnet,kNN,saltpepper_0.07500000000000001,saltpepper,Synthetic,0.7098746867167922,0.7564234156820625,0.046548728965270306,PRE-0
Office31,resnet,kNN,saltpepper_0.07500000000000001,saltpepper,Synthetic,0.7098746867167922,0.12799105204863703,0.5818836346681552,PRE
Office31,resnet,kNN,saltpepper_0.07500000000000001,saltpepper,Synthetic,0.7098746867167922,0.7564576262083783,0.0465829394915861,PRE-0
Office31,resnet,kNN,saltpepper_0.1,saltpepper,Synthetic,0.7180952380952382,0.12982142857142875,0.5882738095238095,PRE
Office31,resnet,kNN,saltpepper_0.1,saltpepper,Synthetic,0.7180952380952382,0.7714285714285716,0.0533333333333333,PRE-0
Office31,resnet,kNN,saltpepper_0.1,saltpepper,Synthetic,0.7180952380952382,0.13049511875709263,0.5876001193381456,PRE
Office31,resnet,kNN,saltpepper_0.1,saltpepper,Synthetic,0.7180952380952382,0.7714285714285716,0.0533333333333333,PRE-0
Office31,resnet,kNN,saltpepper_0.125,saltpepper,Synthetic,0.7482205513784462,0.12982142857142875,0.6183991228070175,PRE
Office31,resnet,kNN,saltpepper_0.125,saltpepper,Synthetic,0.7482205513784462,0.7714285714285716,0.0232080200501253,PRE-0
Office31,resnet,kNN,saltpepper_0.125,saltpepper,Synthetic,0.7482205513784462,0.13049511875709263,0.6177254326213536,PRE
Office31,resnet,kNN,saltpepper_0.125,saltpepper,Synthetic,0.7482205513784462,0.7714285714285716,0.0232080200501253,PRE-0
Office31,resnet,kNN,saltpepper_0.15000000000000002,saltpepper,Synthetic,0.7338345864661656,0.12982142857142875,0.6040131578947369,PRE
Office31,resnet,kNN,saltpepper_0.15000000000000002,saltpepper,Synthetic,0.7338345864661656,0.7714285714285716,0.037593984962406,PRE-0
Office31,resnet,kNN,saltpepper_0.15000000000000002,saltpepper,Synthetic,0.7338345864661656,0.13049511875709263,0.603339467709073,PRE
Office31,resnet,kNN,saltpepper_0.15000000000000002,saltpepper,Synthetic,0.7338345864661656,0.7714285714285716,0.037593984962406,PRE-0
Office31,resnet,kNN,saltpepper_0.17500000000000002,saltpepper,Synthetic,0.723107769423559,0.12982142857142875,0.5932863408521303,PRE
Office31,resnet,kNN,saltpepper_0.17500000000000002,saltpepper,Synthetic,0.723107769423559,0.7714285714285716,0.0483208020050125,PRE-0
Office31,resnet,kNN,saltpepper_0.17500000000000002,saltpepper,Synthetic,0.723107769423559,0.13049511875709263,0.5926126506664664,PRE
Office31,resnet,kNN,saltpepper_0.17500000000000002,saltpepper,Synthetic,0.723107769423559,0.7714285714285716,0.0483208020050125,PRE-0
Office31,resnet,kNN,saltpepper_0.2,saltpepper,Synthetic,0.7336090225563912,0.12982142857142875,0.6037875939849624,PRE
Office31,resnet,kNN,saltpepper_0.2,saltpepper,Synthetic,0.7336090225563912,0.7714285714285716,0.0378195488721804,PRE-0
Office31,resnet,kNN,saltpepper_0.2,saltpepper,Synthetic,0.7336090225563912,0.13049511875709263,0.6031139037992985,PRE
Office31,resnet,kNN,saltpepper_0.2,saltpepper,Synthetic,0.7336090225563912,0.7714285714285716,0.0378195488721804,PRE-0
Office31,resnet,kNN,saltpepper_0.225,saltpepper,Synthetic,0.7258897243107771,0.12982142857142875,0.5960682957393484,PRE
Office31,resnet,kNN,saltpepper_0.225,saltpepper,Synthetic,0.7258897243107771,0.7714285714285716,0.0455388471177944,PRE-0
Office31,resnet,kNN,saltpepper_0.225,saltpepper,Synthetic,0.7258897243107771,0.13049511875709263,0.5953946055536845,PRE
Office31,resnet,kNN,saltpepper_0.225,saltpepper,Synthetic,0.7258897243107771,0.7714285714285716,0.0455388471177944,PRE-0
Office31,resnet,kNN,saltpepper_0.25,saltpepper,Synthetic,0.7379197994987471,0.12982142857142875,0.6080983709273183,PRE
Office31,resnet,kNN,saltpepper_0.25,saltpepper,Synthetic,0.7379197994987471,0.7714285714285716,0.0335087719298245,PRE-0
Office31,resnet,kNN,saltpepper_0.25,saltpepper,Synthetic,0.7379197994987471,0.13049511875709263,0.6074246807416545,PRE
Office31,resnet,kNN,saltpepper_0.25,saltpepper,Synthetic,0.7379197994987471,0.7714285714285716,0.0335087719298245,PRE-0
Office31,resnet,kNN,saltpepper_0.275,saltpepper,Synthetic,0.7375689223057645,0.12982142857142875,0.6077474937343358,PRE
Office31,resnet,kNN,saltpepper_0.275,saltpepper,Synthetic,0.7375689223057645,0.7714285714285716,0.033859649122807,PRE-0
Office31,resnet,kNN,saltpepper_0.275,saltpepper,Synthetic,0.7375689223057645,0.13049511875709263,0.6070738035486719,PRE
Office31,resnet,kNN,saltpepper_0.275,saltpepper,Synthetic,0.7375689223057645,0.7714285714285716,0.033859649122807,PRE-0
Office31,resnet,kNN,saltpepper_0.30000000000000004,saltpepper,Synthetic,0.7571177944862157,0.12982142857142875,0.627296365914787,PRE
Office31,resnet,kNN,saltpepper_0.30000000000000004,saltpepper,Synthetic,0.7571177944862157,0.7714285714285716,0.0143107769423558,PRE-0
Office31,resnet,kNN,saltpepper_0.30000000000000004,saltpepper,Synthetic,0.7571177944862157,0.13049511875709263,0.6266226757291231,PRE
Office31,resnet,kNN,saltpepper_0.30000000000000004,saltpepper,Synthetic,0.7571177944862157,0.7714285714285716,0.0143107769423558,PRE-0
Office31,resnet,kNN,saltpepper_0.325,saltpepper,Synthetic,0.7502506265664163,0.12982142857142875,0.6204291979949875,PRE
Office31,resnet,kNN,saltpepper_0.325,saltpepper,Synthetic,0.7502506265664163,0.7714285714285716,0.0211779448621553,PRE-0
Office31,resnet,kNN,saltpepper_0.325,saltpepper,Synthetic,0.7502506265664163,0.13049511875709263,0.6197555078093236,PRE
Office31,resnet,kNN,saltpepper_0.325,saltpepper,Synthetic,0.7502506265664163,0.7714285714285716,0.0211779448621553,PRE-0
Office31,resnet,kNN,saltpepper_0.35000000000000003,saltpepper,Synthetic,0.7395989974937346,0.12982142857142875,0.6097775689223058,PRE
Office31,resnet,kNN,saltpepper_0.35000000000000003,saltpepper,Synthetic,0.7395989974937346,0.7714285714285716,0.031829573934837,PRE-0
Office31,resnet,kNN,saltpepper_0.35000000000000003,saltpepper,Synthetic,0.7395989974937346,0.13049511875709263,0.609103878736642,PRE
Office31,resnet,kNN,saltpepper_0.35000000000000003,saltpepper,Synthetic,0.7395989974937346,0.7714285714285716,0.031829573934837,PRE-0
Office31,resnet,kNN,saltpepper_0.375,saltpepper,Synthetic,0.74609022556391,0.12982142857142875,0.6162687969924813,PRE
Office31,resnet,kNN,saltpepper_0.375,saltpepper,Synthetic,0.74609022556391,0.7714285714285716,0.0253383458646616,PRE-0
Office31,resnet,kNN,saltpepper_0.375,saltpepper,Synthetic,0.74609022556391,0.13049511875709263,0.6155951068068174,PRE
Office31,resnet,kNN,saltpepper_0.375,saltpepper,Synthetic,0.74609022556391,0.7714285714285716,0.0253383458646616,PRE-0
Office31,resnet,kNN,saltpepper_0.4,saltpepper,Synthetic,0.7420050125313284,0.12982142857142875,0.6121835839598997,PRE
Office31,resnet,kNN,saltpepper_0.4,saltpepper,Synthetic,0.7420050125313284,0.7714285714285716,0.0294235588972431,PRE-0
Office31,resnet,kNN,saltpepper_0.4,saltpepper,Synthetic,0.7420050125313284,0.13049511875709263,0.6115098937742358,PRE
Office31,resnet,kNN,saltpepper_0.4,saltpepper,Synthetic,0.7420050125313284,0.7714285714285716,0.0294235588972431,PRE-0
Office31,resnet,kNN,saltpepper_0.42500000000000004,saltpepper,Synthetic,0.7452380952380955,0.12982142857142875,0.6154166666666667,PRE
Office31,resnet,kNN,saltpepper_0.42500000000000004,saltpepper,Synthetic,0.7452380952380955,0.7714285714285716,0.0261904761904761,PRE-0
Office31,resnet,kNN,saltpepper_0.42500000000000004,saltpepper,Synthetic,0.7452380952380955,0.13049511875709263,0.6147429764810028,PRE
Office31,resnet,kNN,saltpepper_0.42500000000000004,saltpepper,Synthetic,0.7452380952380955,0.7714285714285716,0.0261904761904761,PRE-0
Office31,resnet,kNN,saltpepper_0.45,saltpepper,Synthetic,0.7482957393483711,0.12982142857142875,0.6184743107769424,PRE
Office31,resnet,kNN,saltpepper_0.45,saltpepper,Synthetic,0.7482957393483711,0.7714285714285716,0.0231328320802005,PRE-0
Office31,resnet,kNN,saltpepper_0.45,saltpepper,Synthetic,0.7482957393483711,0.13049511875709263,0.6178006205912785,PRE
Office31,resnet,kNN,saltpepper_0.45,saltpepper,Synthetic,0.7482957393483711,0.7714285714285716,0.0231328320802005,PRE-0
Office31,resnet,kNN,saltpepper_0.47500000000000003,saltpepper,Synthetic,0.7535087719298248,0.12982142857142875,0.623687343358396,PRE
Office31,resnet,kNN,saltpepper_0.47500000000000003,saltpepper,Synthetic,0.7535087719298248,0.7714285714285716,0.0179197994987468,PRE-0
Office31,resnet,kNN,saltpepper_0.47500000000000003,saltpepper,Synthetic,0.7535087719298248,0.13049511875709263,0.6230136531727322,PRE
Office31,resnet,kNN,saltpepper_0.47500000000000003,saltpepper,Synthetic,0.7535087719298248,0.7714285714285716,0.0179197994987468,PRE-0
Office31,resnet,kNN,saltpepper_0.5,saltpepper,Synthetic,0.7369924812030076,0.12982142857142875,0.6071710526315789,PRE
Office31,resnet,kNN,saltpepper_0.5,saltpepper,Synthetic,0.7369924812030076,0.7714285714285716,0.0344360902255639,PRE-0
Office31,resnet,kNN,saltpepper_0.5,saltpepper,Synthetic,0.7369924812030076,0.13049511875709263,0.606497362445915,PRE
Office31,resnet,kNN,saltpepper_0.5,saltpepper,Synthetic,0.7369924812030076,0.7714285714285716,0.0344360902255639,PRE-0
Office31,resnet,kNN,webcam,Organic,Organic,0.47571428571428587,0.022577803228646554,0.4531364824856393,PRE
Office31,resnet,kNN,webcam,Organic,Organic,0.47571428571428587,0.13416246210144767,0.3415518236128382,PRE-0
Office31,resnet,kNN,webcam,Organic,Organic,0.47571428571428587,0.024147882130485798,0.45156640358380007,PRE
Office31,resnet,kNN,webcam,Organic,Organic,0.47571428571428587,0.13561537664439516,0.3400989090698907,PRE-0
Office31,resnet,kNN,dslr,Organic,Organic,0.43578947368421067,0.05577577595777905,0.3800136977264316,PRE
Office31,resnet,kNN,dslr,Organic,Organic,0.43578947368421067,0.33143239633783356,0.10435707734637711,PRE-0
Office31,resnet,kNN,dslr,Organic,Organic,0.43578947368421067,0.057068371810540364,0.3787211018736703,PRE
Office31,resnet,kNN,dslr,Organic,Organic,0.43578947368421067,0.33243555158534166,0.10335392209886901,PRE-0
Office31,resnet,kNN,smear_0.025,smear,Synthetic,-0.06431077694235565,0.003679135475224804,0.06798991241758046,PRE
Office31,resnet,kNN,smear_0.025,smear,Synthetic,-0.06431077694235565,0.013413802257759122,0.07772457920011477,PRE-0
Office31,resnet,kNN,smear_0.025,smear,Synthetic,-0.06431077694235565,0.0053397380398330085,0.06965051498218866,PRE
Office31,resnet,kNN,smear_0.025,smear,Synthetic,-0.06431077694235565,0.015142013856929482,0.07945279079928513,PRE-0
Office31,resnet,kNN,smear_0.05,smear,Synthetic,-0.04022556390977439,0.006392189110302149,0.046617753020076536,PRE
Office31,resnet,kNN,smear_0.05,smear,Synthetic,-0.04022556390977439,0.023305355645962922,0.06353091955573731,PRE-0
Office31,resnet,kNN,smear_0.05,smear,Synthetic,-0.04022556390977439,0.007980383754430886,0.04820594766420527,PRE
Office31,resnet,kNN,smear_0.05,smear,Synthetic,-0.04022556390977439,0.025011015313436746,0.06523657922321113,PRE-0
Office31,resnet,kNN,smear_0.07500000000000001,smear,Synthetic,-0.07218045112781946,0.012894465339740924,0.08507491646756038,PRE
Office31,resnet,kNN,smear_0.07500000000000001,smear,Synthetic,-0.07218045112781946,0.04701207918315142,0.11919253031097088,PRE-0
Office31,resnet,kNN,smear_0.07500000000000001,smear,Synthetic,-0.07218045112781946,0.014309122574188815,0.08648957370200827,PRE
Office31,resnet,kNN,smear_0.07500000000000001,smear,Synthetic,-0.07218045112781946,0.04866368946232624,0.1208441405901457,PRE-0
Office31,resnet,kNN,smear_0.1,smear,Synthetic,-0.03162907268170412,0.01285622678351328,0.0444852994652174,PRE
Office31,resnet,kNN,smear_0.1,smear,Synthetic,-0.03162907268170412,0.04687266479210339,0.07850173747380751,PRE-0
Office31,resnet,kNN,smear_0.1,smear,Synthetic,-0.03162907268170412,0.014271904555964054,0.04590097723766817,PRE
Office31,resnet,kNN,smear_0.1,smear,Synthetic,-0.03162907268170412,0.04852459292467304,0.08015366560637716,PRE-0
Office31,resnet,kNN,smear_0.125,smear,Synthetic,-0.06776942355889704,0.011748905564881396,0.07951832912377843,PRE
Office31,resnet,kNN,smear_0.125,smear,Synthetic,-0.06776942355889704,0.04283546965140517,0.1106048932103022,PRE-0
Office31,resnet,kNN,smear_0.125,smear,Synthetic,-0.06776942355889704,0.013194136319885641,0.08096355987878268,PRE
Office31,resnet,kNN,smear_0.125,smear,Synthetic,-0.06776942355889704,0.04449660225828589,0.11226602581718292,PRE-0
Office31,resnet,kNN,smear_0.15000000000000002,smear,Synthetic,-0.020977443609022428,0.007558645975433209,0.028536089584455637,PRE
Office31,resnet,kNN,smear_0.15000000000000002,smear,Synthetic,-0.020977443609022428,0.027558154118983214,0.04853559772800564,PRE-0
Office31,resnet,kNN,smear_0.15000000000000002,smear,Synthetic,-0.020977443609022428,0.00911570938247852,0.03009315299150095,PRE
Office31,resnet,kNN,smear_0.15000000000000002,smear,Synthetic,-0.020977443609022428,0.029254117754204167,0.050231561363226596,PRE-0
Office31,resnet,kNN,smear_0.17500000000000002,smear,Synthetic,-0.00210526315789461,0.011457855881932932,0.013563119039827543,PRE
Office31,resnet,kNN,smear_0.17500000000000002,smear,Synthetic,-0.00210526315789461,0.0417743282717129,0.04387959142960751,PRE-0
Office31,resnet,kNN,smear_0.17500000000000002,smear,Synthetic,-0.00210526315789461,0.01291085437953754,0.01501611753743215,PRE
Office31,resnet,kNN,smear_0.17500000000000002,smear,Synthetic,-0.00210526315789461,0.04343788019404149,0.0455431433519361,PRE-0
Office31,resnet,kNN,smear_0.2,smear,Synthetic,-0.009323308270676511,0.0,0.009323308270676511,PRE
Office31,resnet,kNN,smear_0.2,smear,Synthetic,-0.009323308270676511,0.0,0.009323308270676511,PRE-0
Office31,resnet,kNN,smear_0.2,smear,Synthetic,-0.009323308270676511,0.0017587939698492372,0.011082102240525749,PRE
Office31,resnet,kNN,smear_0.2,smear,Synthetic,-0.009323308270676511,0.0017587939698492372,0.011082102240525749,PRE-0
Office31,resnet,kNN,smear_0.225,smear,Synthetic,-0.006416040100250542,0.0011785210360517606,0.0075945611363023025,PRE
Office31,resnet,kNN,smear_0.225,smear,Synthetic,-0.006416040100250542,0.004296783372251367,0.010712823472501909,PRE-0
Office31,resnet,kNN,smear_0.225,smear,Synthetic,-0.006416040100250542,0.0029058617915750373,0.00932190189182558,PRE
Office31,resnet,kNN,smear_0.225,smear,Synthetic,-0.006416040100250542,0.006045781027879671,0.012461821128130213,PRE-0
Office31,resnet,kNN,smear_0.25,smear,Synthetic,-0.03681704260651619,0.0,0.03681704260651619,PRE
Office31,resnet,kNN,smear_0.25,smear,Synthetic,-0.03681704260651619,0.0,0.03681704260651619,PRE-0
Office31,resnet,kNN,smear_0.25,smear,Synthetic,-0.03681704260651619,0.0017587939698492372,0.03857583657636543,PRE
Office31,resnet,kNN,smear_0.25,smear,Synthetic,-0.03681704260651619,0.0017587939698492372,0.03857583657636543,PRE-0
Office31,resnet,kNN,smear_0.275,smear,Synthetic,-0.008596491228070047,0.0,0.008596491228070047,PRE
Office31,resnet,kNN,smear_0.275,smear,Synthetic,-0.008596491228070047,0.0,0.008596491228070047,PRE-0
Office31,resnet,kNN,smear_0.275,smear,Synthetic,-0.008596491228070047,0.0017587939698492372,0.010355285197919284,PRE
Office31,resnet,kNN,smear_0.275,smear,Synthetic,-0.008596491228070047,0.0017587939698492372,0.010355285197919284,PRE-0
Office31,resnet,kNN,smear_0.30000000000000004,smear,Synthetic,0.003709273182957551,0.0,0.003709273182957551,PRE
Office31,resnet,kNN,smear_0.30000000000000004,smear,Synthetic,0.003709273182957551,0.0,0.003709273182957551,PRE-0
Office31,resnet,kNN,smear_0.30000000000000004,smear,Synthetic,0.003709273182957551,0.0017587939698492372,0.0019504792131083137,PRE
Office31,resnet,kNN,smear_0.30000000000000004,smear,Synthetic,0.003709273182957551,0.0017587939698492372,0.0019504792131083137,PRE-0
Office31,resnet,kNN,smear_0.325,smear,Synthetic,0.029824561403508976,0.0022456574619887926,0.027578903941520183,PRE
Office31,resnet,kNN,smear_0.325,smear,Synthetic,0.029824561403508976,0.008187468316028013,0.021637093087480963,PRE-0
Office31,resnet,kNN,smear_0.325,smear,Synthetic,0.029824561403508976,0.0039445177155158495,0.025880043687993126,PRE
Office31,resnet,kNN,smear_0.325,smear,Synthetic,0.029824561403508976,0.009927595528596012,0.019896965874912964,PRE-0
Office31,resnet,kNN,smear_0.35000000000000003,smear,Synthetic,0.022080200501253255,0.0015066739706222076,0.020573526530631048,PRE
Office31,resnet,kNN,smear_0.35000000000000003,smear,Synthetic,0.022080200501253255,0.0054931999228986506,0.016587000578354605,PRE-0
Office31,resnet,kNN,smear_0.35000000000000003,smear,Synthetic,0.022080200501253255,0.0032252567453655567,0.0188549437558877,PRE
Office31,resnet,kNN,smear_0.35000000000000003,smear,Synthetic,0.022080200501253255,0.007239469846766933,0.014840730654486323,PRE-0
Office31,resnet,kNN,smear_0.375,smear,Synthetic,-0.014010025062656473,0.0033951221856571845,0.017405147248313657,PRE
Office31,resnet,kNN,smear_0.375,smear,Synthetic,-0.014010025062656473,0.012378314945456936,0.02638834000811341,PRE-0
Office31,resnet,kNN,smear_0.375,smear,Synthetic,-0.014010025062656473,0.005063304700554716,0.01907332976321119,PRE
Office31,resnet,kNN,smear_0.375,smear,Synthetic,-0.014010025062656473,0.014108887370902434,0.028118912433558907,PRE-0
Office31,resnet,kNN,smear_0.4,smear,Synthetic,0.08248120300751893,0.000480346131119358,0.08200085687639957,PRE
Office31,resnet,kNN,smear_0.4,smear,Synthetic,0.08248120300751893,0.0017512994727983955,0.08072990353472054,PRE-0
Office31,resnet,kNN,smear_0.4,smear,Synthetic,0.08248120300751893,0.0022263202790474557,0.08025488272847148,PRE
Office31,resnet,kNN,smear_0.4,smear,Synthetic,0.08248120300751893,0.0035061006232653957,0.07897510238425354,PRE-0
Office31,resnet,kNN,smear_0.42500000000000004,smear,Synthetic,0.02172932330827082,0.0016898572401465861,0.020039466068124234,PRE
Office31,resnet,kNN,smear_0.42500000000000004,smear,Synthetic,0.02172932330827082,0.0061610699078109565,0.015568253400459864,PRE-0
Office31,resnet,kNN,smear_0.42500000000000004,smear,Synthetic,0.02172932330827082,0.0034035510884633524,0.018325772219807468,PRE
Office31,resnet,kNN,smear_0.42500000000000004,smear,Synthetic,0.02172932330827082,0.007905817142806248,0.013823506165464572,PRE-0
Office31,resnet,kNN,smear_0.45,smear,Synthetic,0.06598997493734349,0.0,0.06598997493734349,PRE
Office31,resnet,kNN,smear_0.45,smear,Synthetic,0.06598997493734349,0.0,0.06598997493734349,PRE-0
Office31,resnet,kNN,smear_0.45,smear,Synthetic,0.06598997493734349,0.0017587939698492372,0.06423118096749425,PRE
Office31,resnet,kNN,smear_0.45,smear,Synthetic,0.06598997493734349,0.0017587939698492372,0.06423118096749425,PRE-0
Office31,resnet,kNN,smear_0.47500000000000003,smear,Synthetic,0.028045112781954984,0.0,0.028045112781954984,PRE
Office31,resnet,kNN,smear_0.47500000000000003,smear,Synthetic,0.028045112781954984,0.0,0.028045112781954984,PRE-0
Office31,resnet,kNN,smear_0.47500000000000003,smear,Synthetic,0.028045112781954984,0.0017587939698492372,0.026286318812105747,PRE
Office31,resnet,kNN,smear_0.47500000000000003,smear,Synthetic,0.028045112781954984,0.0017587939698492372,0.026286318812105747,PRE-0
Office31,resnet,kNN,smear_0.5,smear,Synthetic,0.0944360902255641,0.0,0.0944360902255641,PRE
Office31,resnet,kNN,smear_0.5,smear,Synthetic,0.0944360902255641,0.0,0.0944360902255641,PRE-0
Office31,resnet,kNN,smear_0.5,smear,Synthetic,0.0944360902255641,0.0017587939698492372,0.09267729625571486,PRE
Office31,resnet,kNN,smear_0.5,smear,Synthetic,0.0944360902255641,0.0017587939698492372,0.09267729625571486,PRE-0
Office31,resnet,kNN,webcam,Organic,Organic,0.47571428571428587,0.023598179542438813,0.45211610617184705,PRE
Office31,resnet,kNN,webcam,Organic,Organic,0.47571428571428587,0.08603687365060164,0.3896774120636842,PRE-0
Office31,resnet,kNN,webcam,Organic,Organic,0.47571428571428587,0.024727168378443354,0.4509871173358425,PRE
Office31,resnet,kNN,webcam,Organic,Organic,0.47571428571428587,0.0875995105941677,0.38811477512011816,PRE-0
Office31,resnet,kNN,dslr,Organic,Organic,0.43578947368421067,0.05829649420899008,0.3774929794752206,PRE
Office31,resnet,kNN,dslr,Organic,Organic,0.43578947368421067,0.2125438573561078,0.22324561632810286,PRE-0
Office31,resnet,kNN,dslr,Organic,Organic,0.43578947368421067,0.05849942954695053,0.37729004413726014,PRE
Office31,resnet,kNN,dslr,Organic,Organic,0.43578947368421067,0.21381806873660048,0.2219714049476102,PRE-0
NICO,resnet,kNN,brightness_0.025,brightness,Synthetic,0.00867095623674552,0.017386798864865938,0.008715842628120418,PRE
NICO,resnet,kNN,brightness_0.025,brightness,Synthetic,0.00867095623674552,0.04315812653316753,0.03448717029642201,PRE-0
NICO,resnet,kNN,brightness_0.025,brightness,Synthetic,0.00867095623674552,0.027368345617324596,0.018697389380579077,PRE
NICO,resnet,kNN,brightness_0.025,brightness,Synthetic,0.00867095623674552,0.05179564202809228,0.04312468579134676,PRE-0
NICO,resnet,kNN,brightness_0.05,brightness,Synthetic,-0.008396712936186823,0.008862136778583385,0.017258849714770208,PRE
NICO,resnet,kNN,brightness_0.05,brightness,Synthetic,-0.008396712936186823,0.02199790906980692,0.030394622005993743,PRE-0
NICO,resnet,kNN,brightness_0.05,brightness,Synthetic,-0.008396712936186823,0.01026476400907761,0.018661476945264432,PRE
NICO,resnet,kNN,brightness_0.05,brightness,Synthetic,-0.008396712936186823,0.02306912737240041,0.031465840308587234,PRE-0
NICO,resnet,kNN,brightness_0.07500000000000001,brightness,Synthetic,0.0094228359359938,0.011287230645912971,0.0018643947099191704,PRE
NICO,resnet,kNN,brightness_0.07500000000000001,brightness,Synthetic,0.0094228359359938,0.02801756276192502,0.018594726825931218,PRE-0
NICO,resnet,kNN,brightness_0.07500000000000001,brightness,Synthetic,0.0094228359359938,0.006468885362410526,0.002953950573583275,PRE
NICO,resnet,kNN,brightness_0.07500000000000001,brightness,Synthetic,0.0094228359359938,0.023114574222489637,0.013691738286495836,PRE-0
NICO,resnet,kNN,brightness_0.1,brightness,Synthetic,0.0172173221515326,0.008809050574951183,0.008408271576581416,PRE
NICO,resnet,kNN,brightness_0.1,brightness,Synthetic,0.0172173221515326,0.0218661366192634,0.0046488144677308,PRE-0
NICO,resnet,kNN,brightness_0.1,brightness,Synthetic,0.0172173221515326,-0.0008450090298678381,0.018062331181400437,PRE
NICO,resnet,kNN,brightness_0.1,brightness,Synthetic,0.0172173221515326,0.012090452337459312,0.005126869814073287,PRE-0
NICO,resnet,kNN,brightness_0.125,brightness,Synthetic,0.011402785810680549,0.012720130322697143,0.0013173445120165939,PRE
NICO,resnet,kNN,brightness_0.125,brightness,Synthetic,0.011402785810680549,0.0315743569734781,0.020171571162797552,PRE-0
NICO,resnet,kNN,brightness_0.125,brightness,Synthetic,0.011402785810680549,0.01474290089650332,0.00334011508582277,PRE
NICO,resnet,kNN,brightness_0.125,brightness,Synthetic,0.011402785810680549,0.03310513903320289,0.02170235322252234,PRE-0
NICO,resnet,kNN,brightness_0.15000000000000002,brightness,Synthetic,0.028244891073838208,0.016271128316362793,0.011973762757475415,PRE
NICO,resnet,kNN,brightness_0.15000000000000002,brightness,Synthetic,0.028244891073838208,0.0403887696736408,0.012143878599802593,PRE-0
NICO,resnet,kNN,brightness_0.15000000000000002,brightness,Synthetic,0.028244891073838208,0.012322313946687369,0.01592257712715084,PRE
NICO,resnet,kNN,brightness_0.15000000000000002,brightness,Synthetic,0.028244891073838208,0.03664347377900745,0.008398582705169244,PRE-0
NICO,resnet,kNN,brightness_0.17500000000000002,brightness,Synthetic,0.032806294582610196,0.0065244659716001685,0.026281828611010027,PRE
NICO,resnet,kNN,brightness_0.17500000000000002,brightness,Synthetic,0.032806294582610196,0.01619525998731597,0.016611034595294227,PRE-0
NICO,resnet,kNN,brightness_0.17500000000000002,brightness,Synthetic,0.032806294582610196,0.017714460290414347,0.01509183429219585,PRE
NICO,resnet,kNN,brightness_0.17500000000000002,brightness,Synthetic,0.032806294582610196,0.027381120571846607,0.005425174010763589,PRE-0
NICO,resnet,kNN,brightness_0.2,brightness,Synthetic,0.05646544245228435,0.003862903429984521,0.05260253902229983,PRE
NICO,resnet,kNN,brightness_0.2,brightness,Synthetic,0.05646544245228435,0.009588635395878953,0.0468768070564054,PRE-0
NICO,resnet,kNN,brightness_0.2,brightness,Synthetic,0.05646544245228435,0.0006688095814774142,0.05579663287080694,PRE
NICO,resnet,kNN,brightness_0.2,brightness,Synthetic,0.05646544245228435,0.006282957711446158,0.050182484740838196,PRE-0
NICO,resnet,kNN,brightness_0.225,brightness,Synthetic,0.027969201850780556,0.006550876097384584,0.021418325753395973,PRE
NICO,resnet,kNN,brightness_0.225,brightness,Synthetic,0.027969201850780556,0.016260816134782585,0.011708385715997971,PRE-0
NICO,resnet,kNN,brightness_0.225,brightness,Synthetic,0.027969201850780556,0.0025738547139989576,0.0253953471367816,PRE
NICO,resnet,kNN,brightness_0.225,brightness,Synthetic,0.027969201850780556,0.012725385751284013,0.015243816099496543,PRE-0
NICO,resnet,kNN,brightness_0.25,brightness,Synthetic,0.009899026412184209,0.012727478579478979,0.0028284521672947704,PRE
NICO,resnet,kNN,brightness_0.25,brightness,Synthetic,0.009899026412184209,0.031592597076124385,0.021693570663940176,PRE-0
NICO,resnet,kNN,brightness_0.25,brightness,Synthetic,0.009899026412184209,0.02706830814216632,0.01716928172998211,PRE
NICO,resnet,kNN,brightness_0.25,brightness,Synthetic,0.009899026412184209,0.04547081435530331,0.035571787943119104,PRE-0
NICO,resnet,kNN,brightness_0.275,brightness,Synthetic,0.02842032967032948,0.0024880257476721512,0.02593230392265733,PRE
NICO,resnet,kNN,brightness_0.275,brightness,Synthetic,0.02842032967032948,0.006175865429305372,0.02224446424102411,PRE-0
NICO,resnet,kNN,brightness_0.275,brightness,Synthetic,0.02842032967032948,0.010277686512302542,0.01814264315802694,PRE
NICO,resnet,kNN,brightness_0.275,brightness,Synthetic,0.02842032967032948,0.013994201246047777,0.014426128424281703,PRE-0
NICO,resnet,kNN,brightness_0.30000000000000004,brightness,Synthetic,-0.005238818199344686,0.006177161532776365,0.011415979732121051,PRE
NICO,resnet,kNN,brightness_0.30000000000000004,brightness,Synthetic,-0.005238818199344686,0.015333168636700534,0.02057198683604522,PRE-0
NICO,resnet,kNN,brightness_0.30000000000000004,brightness,Synthetic,-0.005238818199344686,0.0030197517904774207,0.008258569989822107,PRE
NICO,resnet,kNN,brightness_0.30000000000000004,brightness,Synthetic,-0.005238818199344686,0.0120484073615994,0.017287225560944086,PRE-0
NICO,resnet,kNN,brightness_0.325,brightness,Synthetic,0.03899677077308639,0.005326909207779784,0.0336698615653066,PRE
NICO,resnet,kNN,brightness_0.325,brightness,Synthetic,0.03899677077308639,0.013222642270545593,0.025774128502540794,PRE-0
NICO,resnet,kNN,brightness_0.325,brightness,Synthetic,0.03899677077308639,0.0012334446247267428,0.037763326148359644,PRE
NICO,resnet,kNN,brightness_0.325,brightness,Synthetic,0.03899677077308639,0.009207317374513968,0.02978945339857242,PRE-0
NICO,resnet,kNN,brightness_0.35000000000000003,brightness,Synthetic,0.052330104106419806,0.0061663751963692,0.046163728910050605,PRE
NICO,resnet,kNN,brightness_0.35000000000000003,brightness,Synthetic,0.052330104106419806,0.015306394411317759,0.03702370969510205,PRE-0
NICO,resnet,kNN,brightness_0.35000000000000003,brightness,Synthetic,0.052330104106419806,0.003949134903941776,0.04838096920247803,PRE
NICO,resnet,kNN,brightness_0.35000000000000003,brightness,Synthetic,0.052330104106419806,0.013343815888928412,0.038986288217491394,PRE-0
NICO,resnet,kNN,brightness_0.375,brightness,Synthetic,0.023934114131482498,0.00928600277274616,0.014648111358736338,PRE
NICO,resnet,kNN,brightness_0.375,brightness,Synthetic,0.023934114131482498,0.02305004421851098,0.000884069912971519,PRE-0
NICO,resnet,kNN,brightness_0.375,brightness,Synthetic,0.023934114131482498,0.0018421956506481374,0.02209191848083436,PRE
NICO,resnet,kNN,brightness_0.375,brightness,Synthetic,0.023934114131482498,0.015659829061369313,0.008274285070113185,PRE-0
NICO,resnet,kNN,brightness_0.4,brightness,Synthetic,0.0036834875650662013,0.007587465216842171,0.0039039776517759694,PRE
NICO,resnet,kNN,brightness_0.4,brightness,Synthetic,0.0036834875650662013,0.018833874276660945,0.015150386711594743,PRE-0
NICO,resnet,kNN,brightness_0.4,brightness,Synthetic,0.0036834875650662013,0.01726782462837617,0.01358433706330997,PRE
NICO,resnet,kNN,brightness_0.4,brightness,Synthetic,0.0036834875650662013,0.028502294435800657,0.024818806870734456,PRE-0
NICO,resnet,kNN,brightness_0.42500000000000004,brightness,Synthetic,0.006064439946018796,0.011126214116706556,0.005061774170687761,PRE
NICO,resnet,kNN,brightness_0.42500000000000004,brightness,Synthetic,0.006064439946018796,0.02761788184334868,0.021553441897329884,PRE-0
NICO,resnet,kNN,brightness_0.42500000000000004,brightness,Synthetic,0.006064439946018796,0.021129332537870416,0.01506489259185162,PRE
NICO,resnet,kNN,brightness_0.42500000000000004,brightness,Synthetic,0.006064439946018796,0.03762026923617412,0.031555829290155324,PRE-0
NICO,resnet,kNN,brightness_0.45,brightness,Synthetic,0.01819476576055512,0.0154032881592564,0.0027914776012987197,PRE
NICO,resnet,kNN,brightness_0.45,brightness,Synthetic,0.01819476576055512,0.03823458616912845,0.020039820408573328,PRE-0
NICO,resnet,kNN,brightness_0.45,brightness,Synthetic,0.01819476576055512,0.008500178797577362,0.009694586962977758,PRE
NICO,resnet,kNN,brightness_0.45,brightness,Synthetic,0.01819476576055512,0.03075040139964924,0.01255563563909412,PRE-0
NICO,resnet,kNN,brightness_0.47500000000000003,brightness,Synthetic,0.006916570271833344,0.019547894904830887,0.012631324632997543,PRE
NICO,resnet,kNN,brightness_0.47500000000000003,brightness,Synthetic,0.006916570271833344,0.048522475489409134,0.04160590521757579,PRE-0
NICO,resnet,kNN,brightness_0.47500000000000003,brightness,Synthetic,0.006916570271833344,0.0053469196765065785,0.0015696505953267659,PRE
NICO,resnet,kNN,brightness_0.47500000000000003,brightness,Synthetic,0.006916570271833344,0.035170982458476274,0.02825441218664293,PRE-0
NICO,resnet,kNN,brightness_0.5,brightness,Synthetic,0.02754313668787345,0.020775494298108987,0.006767642389764461,PRE
NICO,resnet,kNN,brightness_0.5,brightness,Synthetic,0.02754313668787345,0.05156966608262403,0.024026529394750584,PRE-0
NICO,resnet,kNN,brightness_0.5,brightness,Synthetic,0.02754313668787345,0.019447124515664327,0.008096012172209122,PRE
NICO,resnet,kNN,brightness_0.5,brightness,Synthetic,0.02754313668787345,0.049694593969154655,0.022151457281281206,PRE-0
NICO,resnet,kNN,outdoor,Organic,Organic,0.789397773279352,0.048475355709487356,0.7409224175698648,PRE
NICO,resnet,kNN,outdoor,Organic,Organic,0.789397773279352,0.1203272408975713,0.6690705323817807,PRE-0
NICO,resnet,kNN,outdoor,Organic,Organic,0.789397773279352,0.04204214227787684,0.7473556310014753,PRE
NICO,resnet,kNN,outdoor,Organic,Organic,0.789397773279352,0.114430129780836,0.6749676434985161,PRE-0
NICO,resnet,kNN,water,Organic,Organic,0.7574679487179485,0.05017008744464291,0.7072978612733056,PRE
NICO,resnet,kNN,water,Organic,Organic,0.7574679487179485,0.12453396389667482,0.6329339848212737,PRE-0
NICO,resnet,kNN,water,Organic,Organic,0.7574679487179485,0.04590617027275723,0.7115617784451913,PRE
NICO,resnet,kNN,water,Organic,Organic,0.7574679487179485,0.12196576002677051,0.635502188691178,PRE-0
NICO,resnet,kNN,rock,Organic,Organic,0.7024804800462694,0.0178332535705783,0.6846472264756911,PRE
NICO,resnet,kNN,rock,Organic,Organic,0.7024804800462694,0.044266332179888956,0.6582141478663804,PRE-0
NICO,resnet,kNN,rock,Organic,Organic,0.7024804800462694,0.00787589902877217,0.6946045810174972,PRE
NICO,resnet,kNN,rock,Organic,Organic,0.7024804800462694,0.0338032594591805,0.6686772205870889,PRE-0
NICO,resnet,kNN,grass,Organic,Organic,0.7686960188933871,0.16474301425280358,0.6039530046405837,PRE
NICO,resnet,kNN,grass,Organic,Organic,0.7686960188933871,0.40893093144047743,0.35976508745290975,PRE-0
NICO,resnet,kNN,grass,Organic,Organic,0.7686960188933871,0.16659379957532006,0.6021022193180672,PRE
NICO,resnet,kNN,grass,Organic,Organic,0.7686960188933871,0.41151093954979656,0.3571850793435906,PRE-0
NICO,resnet,kNN,autumn,Organic,Organic,0.7613526604973972,0.0414058453100814,0.7199468151873158,PRE
NICO,resnet,kNN,autumn,Organic,Organic,0.7613526604973972,0.10277905237152585,0.6585736081258714,PRE-0
NICO,resnet,kNN,autumn,Organic,Organic,0.7613526604973972,0.04967198086734337,0.7116806796300539,PRE
NICO,resnet,kNN,autumn,Organic,Organic,0.7613526604973972,0.11168497904697028,0.649667681450427,PRE-0
NICO,resnet,kNN,contrast_0.025,contrast,Synthetic,0.005162184306920947,0.012014820651882197,0.006852636344961249,PRE
NICO,resnet,kNN,contrast_0.025,contrast,Synthetic,0.005162184306920947,0.02897309688466443,0.02381091257774348,PRE-0
NICO,resnet,kNN,contrast_0.025,contrast,Synthetic,0.005162184306920947,0.009898473083060355,0.004736288776139408,PRE
NICO,resnet,kNN,contrast_0.025,contrast,Synthetic,0.005162184306920947,0.026977928816492303,0.021815744509571355,PRE-0
NICO,resnet,kNN,contrast_0.05,contrast,Synthetic,-0.021654858299595237,0.006525016250991333,0.02817987455058657,PRE
NICO,resnet,kNN,contrast_0.05,contrast,Synthetic,-0.021654858299595237,0.015734727424696615,0.03738958572429185,PRE-0
NICO,resnet,kNN,contrast_0.05,contrast,Synthetic,-0.021654858299595237,-0.003060758774579009,0.018594099525016228,PRE
NICO,resnet,kNN,contrast_0.05,contrast,Synthetic,-0.021654858299595237,0.005955306266086979,0.027610164565682216,PRE-0
NICO,resnet,kNN,contrast_0.07500000000000001,contrast,Synthetic,0.013658424908424727,0.001758905810700595,0.011899519097724132,PRE
NICO,resnet,kNN,contrast_0.07500000000000001,contrast,Synthetic,0.013658424908424727,0.004241507213546547,0.00941691769487818,PRE-0
NICO,resnet,kNN,contrast_0.07500000000000001,contrast,Synthetic,0.013658424908424727,0.021359442809144147,0.00770101790071942,PRE
NICO,resnet,kNN,contrast_0.07500000000000001,contrast,Synthetic,0.013658424908424727,0.023844846199732928,0.0101864212913082,PRE-0
NICO,resnet,kNN,contrast_0.1,contrast,Synthetic,0.023808800848274414,0.005635807898395795,0.01817299294987862,PRE
NICO,resnet,kNN,contrast_0.1,contrast,Synthetic,0.023808800848274414,0.013590449079071143,0.010218351769203271,PRE-0
NICO,resnet,kNN,contrast_0.1,contrast,Synthetic,0.023808800848274414,0.005027900882856984,0.01878089996541743,PRE
NICO,resnet,kNN,contrast_0.1,contrast,Synthetic,0.023808800848274414,0.012931531162036602,0.010877269686237812,PRE-0
NICO,resnet,kNN,contrast_0.125,contrast,Synthetic,0.03456068054752259,0.006769669058359407,0.027791011489163187,PRE
NICO,resnet,kNN,contrast_0.125,contrast,Synthetic,0.03456068054752259,0.016324694574132992,0.0182359859733896,PRE-0
NICO,resnet,kNN,contrast_0.125,contrast,Synthetic,0.03456068054752259,0.0010143870245399311,0.03354629352298266,PRE
NICO,resnet,kNN,contrast_0.125,contrast,Synthetic,0.03456068054752259,0.010552639372242933,0.02400804117527966,PRE-0
NICO,resnet,kNN,contrast_0.15000000000000002,contrast,Synthetic,0.061001783304414636,0.0037939936123305706,0.057207789692084066,PRE
NICO,resnet,kNN,contrast_0.15000000000000002,contrast,Synthetic,0.061001783304414636,0.009149012515024979,0.05185277078938966,PRE-0
NICO,resnet,kNN,contrast_0.15000000000000002,contrast,Synthetic,0.061001783304414636,0.00359371037691536,0.057408072927499276,PRE
NICO,resnet,kNN,contrast_0.15000000000000002,contrast,Synthetic,0.061001783304414636,0.00890248188000553,0.052099301424409106,PRE-0
NICO,resnet,kNN,contrast_0.17500000000000002,contrast,Synthetic,0.0874428860613069,0.00670274358484213,0.08074014247646477,PRE
NICO,resnet,kNN,contrast_0.17500000000000002,contrast,Synthetic,0.0874428860613069,0.01616330737706595,0.07127957868424095,PRE-0
NICO,resnet,kNN,contrast_0.17500000000000002,contrast,Synthetic,0.0874428860613069,0.00954937856011795,0.07789350750118895,PRE
NICO,resnet,kNN,contrast_0.17500000000000002,contrast,Synthetic,0.0874428860613069,0.019171833577955044,0.06827105248335186,PRE-0
NICO,resnet,kNN,contrast_0.2,contrast,Synthetic,0.0964403797956429,0.008032828617552723,0.08840755117809018,PRE
NICO,resnet,kNN,contrast_0.2,contrast,Synthetic,0.0964403797956429,0.019370736237981134,0.07706964355766177,PRE-0
NICO,resnet,kNN,contrast_0.2,contrast,Synthetic,0.0964403797956429,0.01631718903006374,0.08012319076557917,PRE
NICO,resnet,kNN,contrast_0.2,contrast,Synthetic,0.0964403797956429,0.027693179129100742,0.06874720066654216,PRE-0
NICO,resnet,kNN,contrast_0.225,contrast,Synthetic,0.1879942645074223,0.0040908283599121464,0.18390343614751015,PRE
NICO,resnet,kNN,contrast_0.225,contrast,Synthetic,0.1879942645074223,0.00986481362014302,0.17812945088727927,PRE-0
NICO,resnet,kNN,contrast_0.225,contrast,Synthetic,0.1879942645074223,0.0051211906745369795,0.1828730738328853,PRE
NICO,resnet,kNN,contrast_0.225,contrast,Synthetic,0.1879942645074223,0.010925767234566952,0.17706849727285534,PRE-0
NICO,resnet,kNN,contrast_0.25,contrast,Synthetic,0.17538774821669545,0.003541365374764349,0.1718463828419311,PRE
NICO,resnet,kNN,contrast_0.25,contrast,Synthetic,0.17538774821669545,0.00853981304256679,0.16684793517412866,PRE-0
NICO,resnet,kNN,contrast_0.25,contrast,Synthetic,0.17538774821669545,-0.0007302977502295915,0.17611804596692504,PRE
NICO,resnet,kNN,contrast_0.25,contrast,Synthetic,0.17538774821669545,0.004237223524953815,0.17115052469174163,PRE-0
NICO,resnet,kNN,contrast_0.275,contrast,Synthetic,0.20045040485829946,0.011670525135768606,0.18877987972253085,PRE
NICO,resnet,kNN,contrast_0.275,contrast,Synthetic,0.20045040485829946,0.028142846676664002,0.17230755818163546,PRE-0
NICO,resnet,kNN,contrast_0.275,contrast,Synthetic,0.20045040485829946,0.012547440753005734,0.18790296410529372,PRE
NICO,resnet,kNN,contrast_0.275,contrast,Synthetic,0.20045040485829946,0.02879142563557635,0.1716589792227231,PRE-0
NICO,resnet,kNN,contrast_0.30000000000000004,contrast,Synthetic,0.24009952766531706,0.003043687283055929,0.23705584038226113,PRE
NICO,resnet,kNN,contrast_0.30000000000000004,contrast,Synthetic,0.24009952766531706,0.007339688963629021,0.23275983870168804,PRE-0
NICO,resnet,kNN,contrast_0.30000000000000004,contrast,Synthetic,0.24009952766531706,0.002623427293663383,0.23747610037165368,PRE
NICO,resnet,kNN,contrast_0.30000000000000004,contrast,Synthetic,0.24009952766531706,0.006842284497719731,0.23325724316759733,PRE-0
NICO,resnet,kNN,contrast_0.325,contrast,Synthetic,0.25055065548486577,0.007116715750461355,0.24343393973440441,PRE
NICO,resnet,kNN,contrast_0.325,contrast,Synthetic,0.25055065548486577,0.01716157909576732,0.23338907638909845,PRE-0
NICO,resnet,kNN,contrast_0.325,contrast,Synthetic,0.25055065548486577,0.0078091497977381685,0.2427415056871276,PRE
NICO,resnet,kNN,contrast_0.325,contrast,Synthetic,0.25055065548486577,0.01800075324309902,0.23254990224176675,PRE-0
NICO,resnet,kNN,contrast_0.35000000000000003,contrast,Synthetic,0.32944789859263524,0.00806770974427462,0.3213801888483606,PRE
NICO,resnet,kNN,contrast_0.35000000000000003,contrast,Synthetic,0.32944789859263524,0.019454850207988872,0.30999304838464636,PRE-0
NICO,resnet,kNN,contrast_0.35000000000000003,contrast,Synthetic,0.32944789859263524,0.007339914597747743,0.3221079839948875,PRE
NICO,resnet,kNN,contrast_0.35000000000000003,contrast,Synthetic,0.32944789859263524,0.019046248287716394,0.31040165030491884,PRE-0
NICO,resnet,kNN,contrast_0.375,contrast,Synthetic,0.2649366203971465,0.004962411306790981,0.2599742090903555,PRE
NICO,resnet,kNN,contrast_0.375,contrast,Synthetic,0.2649366203971465,0.01196658924331817,0.2529700311538283,PRE-0
NICO,resnet,kNN,contrast_0.375,contrast,Synthetic,0.2649366203971465,0.022496251035318604,0.2424403693618279,PRE
NICO,resnet,kNN,contrast_0.375,contrast,Synthetic,0.2649366203971465,0.02934463243458718,0.2355919879625593,PRE-0
NICO,resnet,kNN,contrast_0.4,contrast,Synthetic,0.2460644399460188,0.004381795422450541,0.24168264452356825,PRE
NICO,resnet,kNN,contrast_0.4,contrast,Synthetic,0.2460644399460188,0.010566465116859769,0.23549797482915902,PRE-0
NICO,resnet,kNN,contrast_0.4,contrast,Synthetic,0.2460644399460188,0.010203626759128115,0.23586081318689067,PRE
NICO,resnet,kNN,contrast_0.4,contrast,Synthetic,0.2460644399460188,0.016367353820956554,0.22969708612506223,PRE-0
NICO,resnet,kNN,contrast_0.42500000000000004,contrast,Synthetic,0.240851407364565,0.008938141198700955,0.23191326616586405,PRE
NICO,resnet,kNN,contrast_0.42500000000000004,contrast,Synthetic,0.240851407364565,0.02155384906875002,0.219297558295815,PRE-0
NICO,resnet,kNN,contrast_0.42500000000000004,contrast,Synthetic,0.240851407364565,0.012604746054411753,0.22824666131015325,PRE
NICO,resnet,kNN,contrast_0.42500000000000004,contrast,Synthetic,0.240851407364565,0.024971701234475785,0.21587970613008922,PRE-0
NICO,resnet,kNN,contrast_0.45,contrast,Synthetic,0.2129566705224598,0.004009910469929712,0.2089467600525301,PRE
NICO,resnet,kNN,contrast_0.45,contrast,Synthetic,0.2129566705224598,0.009669684459742922,0.2032869860627169,PRE-0
NICO,resnet,kNN,contrast_0.45,contrast,Synthetic,0.2129566705224598,0.00110343441965699,0.21185323610280282,PRE
NICO,resnet,kNN,contrast_0.45,contrast,Synthetic,0.2129566705224598,0.006711049153927617,0.2062456213685322,PRE-0
NICO,resnet,kNN,contrast_0.47500000000000003,contrast,Synthetic,0.19270604395604374,0.009721498525592565,0.18298454543045117,PRE
NICO,resnet,kNN,contrast_0.47500000000000003,contrast,Synthetic,0.19270604395604374,0.023442873331778524,0.1692631706242652,PRE-0
NICO,resnet,kNN,contrast_0.47500000000000003,contrast,Synthetic,0.19270604395604374,0.007332556957858616,0.18537348699818512,PRE
NICO,resnet,kNN,contrast_0.47500000000000003,contrast,Synthetic,0.19270604395604374,0.02088822141885216,0.17181782253719158,PRE-0
NICO,resnet,kNN,contrast_0.5,contrast,Synthetic,0.14368348756506633,0.010754055594372591,0.13292943197069373,PRE
NICO,resnet,kNN,contrast_0.5,contrast,Synthetic,0.14368348756506633,0.02593282943345565,0.11775065813161067,PRE-0
NICO,resnet,kNN,contrast_0.5,contrast,Synthetic,0.14368348756506633,0.013332108101012374,0.13035137946405395,PRE
NICO,resnet,kNN,contrast_0.5,contrast,Synthetic,0.14368348756506633,0.028361878690862707,0.11532160887420362,PRE-0
NICO,resnet,kNN,outdoor,Organic,Organic,0.7636584249084247,0.05097730409739287,0.7126811208110319,PRE
NICO,resnet,kNN,outdoor,Organic,Organic,0.7636584249084247,0.1229290401685168,0.6407293847399079,PRE-0
NICO,resnet,kNN,outdoor,Organic,Organic,0.7636584249084247,0.06797216874788958,0.6956862561605351,PRE
NICO,resnet,kNN,outdoor,Organic,Organic,0.7636584249084247,0.1372263400512973,0.6264320848571274,PRE-0
NICO,resnet,kNN,water,Organic,Organic,0.735663437439753,0.06689325590894091,0.6687701815308121,PRE
NICO,resnet,kNN,water,Organic,Organic,0.735663437439753,0.16130950602885297,0.5743539314109001,PRE-0
NICO,resnet,kNN,water,Organic,Organic,0.735663437439753,0.0668699982576707,0.6687934391820823,PRE
NICO,resnet,kNN,water,Organic,Organic,0.735663437439753,0.16069204189027197,0.5749713955494811,PRE-0
NICO,resnet,kNN,rock,Organic,Organic,0.7379942645074222,0.021996135151644336,0.7159981293557779,PRE
NICO,resnet,kNN,rock,Organic,Organic,0.7379942645074222,0.05304250253098253,0.6849517619764397,PRE-0
NICO,resnet,kNN,rock,Organic,Organic,0.7379942645074222,0.02028097781102789,0.7177132866963943,PRE
NICO,resnet,kNN,rock,Organic,Organic,0.7379942645074222,0.05132338027709937,0.6866708842303229,PRE-0
NICO,resnet,kNN,grass,Organic,Organic,0.7591220840562944,0.13774161826770837,0.6213804657885861,PRE
NICO,resnet,kNN,grass,Organic,Organic,0.7591220840562944,0.33215653955646474,0.4269655444998297,PRE-0
NICO,resnet,kNN,grass,Organic,Organic,0.7591220840562944,0.13153053583892682,0.6275915482173676,PRE
NICO,resnet,kNN,grass,Organic,Organic,0.7591220840562944,0.33072425782019443,0.4283978262361,PRE-0
NICO,resnet,kNN,autumn,Organic,Organic,0.7451120589936379,0.04188490838165826,0.7032271506119796,PRE
NICO,resnet,kNN,autumn,Organic,Organic,0.7451120589936379,0.10100321458872208,0.6441088444049158,PRE-0
NICO,resnet,kNN,autumn,Organic,Organic,0.7451120589936379,0.05778866218762324,0.6873233968060146,PRE
NICO,resnet,kNN,autumn,Organic,Organic,0.7451120589936379,0.11878570601941396,0.6263263529742239,PRE-0
NICO,resnet,kNN,fog_0.025,fog,Synthetic,0.02453561789088088,0.009257711641180943,0.015277906249699935,PRE
NICO,resnet,kNN,fog_0.025,fog,Synthetic,0.02453561789088088,0.02304420842589694,0.0014914094649839393,PRE-0
NICO,resnet,kNN,fog_0.025,fog,Synthetic,0.02453561789088088,0.0024019396378769375,0.02213367825300394,PRE
NICO,resnet,kNN,fog_0.025,fog,Synthetic,0.02453561789088088,0.01658859350947739,0.007947024381403489,PRE-0
NICO,resnet,kNN,fog_0.05,fog,Synthetic,0.0015531617505299966,0.00938863103159937,0.007835469281069374,PRE
NICO,resnet,kNN,fog_0.05,fog,Synthetic,0.0015531617505299966,0.023370091736668153,0.021816929986138156,PRE-0
NICO,resnet,kNN,fog_0.05,fog,Synthetic,0.0015531617505299966,0.009908007051440126,0.00835484530091013,PRE
NICO,resnet,kNN,fog_0.05,fog,Synthetic,0.0015531617505299966,0.023888603207740222,0.022335441457210226,PRE-0
NICO,resnet,kNN,fog_0.07500000000000001,fog,Synthetic,-0.004336562560247059,0.0075086871504613795,0.011845249710708439,PRE
NICO,resnet,kNN,fog_0.07500000000000001,fog,Synthetic,-0.004336562560247059,0.0186905531741115,0.02302711573435856,PRE-0
NICO,resnet,kNN,fog_0.07500000000000001,fog,Synthetic,-0.004336562560247059,0.01260921997460096,0.01694578253484802,PRE
NICO,resnet,kNN,fog_0.07500000000000001,fog,Synthetic,-0.004336562560247059,0.024079316833733544,0.028415879393980603,PRE-0
NICO,resnet,kNN,fog_0.1,fog,Synthetic,-0.0020809234625026596,0.02835637186882889,0.03043729533133155,PRE
NICO,resnet,kNN,fog_0.1,fog,Synthetic,-0.0020809234625026596,0.07058441317623187,0.07266533663873453,PRE-0
NICO,resnet,kNN,fog_0.1,fog,Synthetic,-0.0020809234625026596,0.03517961679311077,0.03726054025561343,PRE
NICO,resnet,kNN,fog_0.1,fog,Synthetic,-0.0020809234625026596,0.07699334825580573,0.07907427171830839,PRE-0
NICO,resnet,kNN,fog_0.125,fog,Synthetic,0.01701682089839962,0.015897992239885528,0.0011188286585140927,PRE
NICO,resnet,kNN,fog_0.125,fog,Synthetic,0.01701682089839962,0.03957313220899561,0.02255631131059599,PRE-0
NICO,resnet,kNN,fog_0.125,fog,Synthetic,0.01701682089839962,0.0028520026626911443,0.014164818235708476,PRE
NICO,resnet,kNN,fog_0.125,fog,Synthetic,0.01701682089839962,0.026293502160865123,0.009276681262465503,PRE-0
NICO,resnet,kNN,fog_0.15000000000000002,fog,Synthetic,-0.0035094948910742163,0.028860742477308854,0.03237023736838307,PRE
NICO,resnet,kNN,fog_0.15000000000000002,fog,Synthetic,-0.0035094948910742163,0.07183988773368133,0.07534938262475555,PRE-0
NICO,resnet,kNN,fog_0.15000000000000002,fog,Synthetic,-0.0035094948910742163,0.03138377687626115,0.034893271767335365,PRE
NICO,resnet,kNN,fog_0.15000000000000002,fog,Synthetic,-0.0035094948910742163,0.07367327834347193,0.07718277323454614,PRE-0
NICO,resnet,kNN,fog_0.17500000000000002,fog,Synthetic,0.005162184306920947,0.010558924107724188,0.005396739800803241,PRE
NICO,resnet,kNN,fog_0.17500000000000002,fog,Synthetic,0.005162184306920947,0.02628317421437687,0.021120989907455923,PRE-0
NICO,resnet,kNN,fog_0.17500000000000002,fog,Synthetic,0.005162184306920947,0.004696168770721987,0.0004660155361989604,PRE
NICO,resnet,kNN,fog_0.17500000000000002,fog,Synthetic,0.005162184306920947,0.020708732106321737,0.01554654779940079,PRE-0
NICO,resnet,kNN,fog_0.2,fog,Synthetic,-0.0012789184499711892,0.011290198189461198,0.012569116639432387,PRE
NICO,resnet,kNN,fog_0.2,fog,Synthetic,-0.0012789184499711892,0.028103454755525115,0.029382373205496304,PRE-0
NICO,resnet,kNN,fog_0.2,fog,Synthetic,-0.0012789184499711892,0.013955739270131717,0.015234657720102907,PRE
NICO,resnet,kNN,fog_0.2,fog,Synthetic,-0.0012789184499711892,0.031206401150973062,0.03248531960094425,PRE-0
NICO,resnet,kNN,fog_0.225,fog,Synthetic,-0.0022062367457106324,0.011210962143837766,0.013417198889548398,PRE
NICO,resnet,kNN,fog_0.225,fog,Synthetic,-0.0022062367457106324,0.027906221138735088,0.03011245788444572,PRE-0
NICO,resnet,kNN,fog_0.225,fog,Synthetic,-0.0022062367457106324,0.013901743146538803,0.016107979892249435,PRE
NICO,resnet,kNN,fog_0.225,fog,Synthetic,-0.0022062367457106324,0.030161637870722235,0.03236787461643287,PRE-0
NICO,resnet,kNN,fog_0.25,fog,Synthetic,0.006189753229226547,0.011301614816598748,0.005111861587372202,PRE
NICO,resnet,kNN,fog_0.25,fog,Synthetic,0.006189753229226547,0.028131872916024814,0.021942119686798267,PRE-0
NICO,resnet,kNN,fog_0.25,fog,Synthetic,0.006189753229226547,-0.003865971450611405,0.010055724679837952,PRE
NICO,resnet,kNN,fog_0.25,fog,Synthetic,0.006189753229226547,0.013053791723482755,0.006864038494256208,PRE-0
NICO,resnet,kNN,fog_0.275,fog,Synthetic,0.019071958743011264,0.007414152503697924,0.01165780623931334,PRE
NICO,resnet,kNN,fog_0.275,fog,Synthetic,0.019071958743011264,0.018455238423780274,0.00061672031923099,PRE-0
NICO,resnet,kNN,fog_0.275,fog,Synthetic,0.019071958743011264,-0.0027230589044646702,0.021795017647475934,PRE
NICO,resnet,kNN,fog_0.275,fog,Synthetic,0.019071958743011264,0.008222621369416538,0.010849337373594725,PRE-0
NICO,resnet,kNN,fog_0.30000000000000004,fog,Synthetic,0.05516218430692099,0.0073318648797661146,0.04783031942715488,PRE
NICO,resnet,kNN,fog_0.30000000000000004,fog,Synthetic,0.05516218430692099,0.018250408847071853,0.03691177545984914,PRE-0
NICO,resnet,kNN,fog_0.30000000000000004,fog,Synthetic,0.05516218430692099,0.014240875763104177,0.040921308543816814,PRE
NICO,resnet,kNN,fog_0.30000000000000004,fog,Synthetic,0.05516218430692099,0.0252433189304333,0.02991886537648769,PRE-0
NICO,resnet,kNN,fog_0.325,fog,Synthetic,0.031202284557547588,0.0016892826640138026,0.029513001893533786,PRE
NICO,resnet,kNN,fog_0.325,fog,Synthetic,0.031202284557547588,0.0042049464607030185,0.02699733809684457,PRE-0
NICO,resnet,kNN,fog_0.325,fog,Synthetic,0.031202284557547588,-0.000854586591162998,0.032056871148710586,PRE
NICO,resnet,kNN,fog_0.325,fog,Synthetic,0.031202284557547588,0.0015759401983885812,0.029626344359159007,PRE-0
NICO,resnet,kNN,fog_0.35000000000000003,fog,Synthetic,0.06375867553499115,0.0007525884980433828,0.06300608703694777,PRE
NICO,resnet,kNN,fog_0.35000000000000003,fog,Synthetic,0.06375867553499115,0.0018733361850137298,0.06188533934997742,PRE-0
NICO,resnet,kNN,fog_0.35000000000000003,fog,Synthetic,0.06375867553499115,-0.012169228020553868,0.07592790355554502,PRE
NICO,resnet,kNN,fog_0.35000000000000003,fog,Synthetic,0.06375867553499115,-0.011033144480524282,0.07479182001551543,PRE-0
NICO,resnet,kNN,fog_0.375,fog,Synthetic,0.0974679487179485,0.007304038977710148,0.09016390974023836,PRE
NICO,resnet,kNN,fog_0.375,fog,Synthetic,0.0974679487179485,0.01818114487434519,0.07928680384360332,PRE-0
NICO,resnet,kNN,fog_0.375,fog,Synthetic,0.0974679487179485,0.011018281382076611,0.0864496673358719,PRE
NICO,resnet,kNN,fog_0.375,fog,Synthetic,0.0974679487179485,0.021923038612048473,0.07554491010590003,PRE-0
NICO,resnet,kNN,fog_0.4,fog,Synthetic,0.05473611914401366,0.007117381698440339,0.04761873744557332,PRE
NICO,resnet,kNN,fog_0.4,fog,Synthetic,0.05473611914401366,0.017716519336802627,0.037019599807211034,PRE-0
NICO,resnet,kNN,fog_0.4,fog,Synthetic,0.05473611914401366,0.006286122509932546,0.048449996634081116,PRE
NICO,resnet,kNN,fog_0.4,fog,Synthetic,0.05473611914401366,0.016563035331787157,0.038173083812226505,PRE-0
NICO,resnet,kNN,fog_0.42500000000000004,fog,Synthetic,0.06378373819163274,0.004879203160682577,0.05890453503095017,PRE
NICO,resnet,kNN,fog_0.42500000000000004,fog,Synthetic,0.06378373819163274,0.012145266448666203,0.05163847174296654,PRE-0
NICO,resnet,kNN,fog_0.42500000000000004,fog,Synthetic,0.06378373819163274,0.00878471609153797,0.054999022100094774,PRE
NICO,resnet,kNN,fog_0.42500000000000004,fog,Synthetic,0.06378373819163274,0.015889344328074317,0.04789439386355843,PRE-0
NICO,resnet,kNN,fog_0.45,fog,Synthetic,0.05461080586080569,0.006859293863722193,0.047751511997083496,PRE
NICO,resnet,kNN,fog_0.45,fog,Synthetic,0.05461080586080569,0.01707408953493017,0.03753671632587552,PRE-0
NICO,resnet,kNN,fog_0.45,fog,Synthetic,0.05461080586080569,-0.002958200588203841,0.05756900644900953,PRE
NICO,resnet,kNN,fog_0.45,fog,Synthetic,0.05461080586080569,0.007309193943140779,0.04730161191766491,PRE-0
NICO,resnet,kNN,fog_0.47500000000000003,fog,Synthetic,0.05516218430692099,0.003356856932662966,0.051805327374258026,PRE
NICO,resnet,kNN,fog_0.47500000000000003,fog,Synthetic,0.05516218430692099,0.00835585658858673,0.04680632771833426,PRE-0
NICO,resnet,kNN,fog_0.47500000000000003,fog,Synthetic,0.05516218430692099,0.0008649757686973736,0.05429720853822362,PRE
NICO,resnet,kNN,fog_0.47500000000000003,fog,Synthetic,0.05516218430692099,0.0058764821149142055,0.049285702192006786,PRE-0
NICO,resnet,kNN,fog_0.5,fog,Synthetic,0.0902499036051666,0.0036498255101177213,0.08660007809504888,PRE
NICO,resnet,kNN,fog_0.5,fog,Synthetic,0.0902499036051666,0.009085111206010743,0.08116479239915586,PRE-0
NICO,resnet,kNN,fog_0.5,fog,Synthetic,0.0902499036051666,0.010620232806197949,0.07962967079896865,PRE
NICO,resnet,kNN,fog_0.5,fog,Synthetic,0.0902499036051666,0.01609357099800013,0.07415633260716648,PRE-0
NICO,resnet,kNN,outdoor,Organic,Organic,0.7644353672643145,0.06741680299146724,0.6970185642728473,PRE
NICO,resnet,kNN,outdoor,Organic,Organic,0.7644353672643145,0.16781326960242315,0.5966220976618913,PRE-0
NICO,resnet,kNN,outdoor,Organic,Organic,0.7644353672643145,0.0742223223666022,0.6902130448977123,PRE
NICO,resnet,kNN,outdoor,Organic,Organic,0.7644353672643145,0.17334779395826772,0.5910875733060468,PRE-0
NICO,resnet,kNN,water,Organic,Organic,0.7850869963369963,0.01849167960343301,0.7665953167335633,PRE
NICO,resnet,kNN,water,Organic,Organic,0.7850869963369963,0.0460293143103403,0.739057682026656,PRE-0
NICO,resnet,kNN,water,Organic,Organic,0.7850869963369963,0.023766135211989337,0.761320861125007,PRE
NICO,resnet,kNN,water,Organic,Organic,0.7850869963369963,0.05133974877531111,0.7337472475616852,PRE-0
NICO,resnet,kNN,rock,Organic,Organic,0.745738625409678,0.04576273623883664,0.6999758891708413,PRE
NICO,resnet,kNN,rock,Organic,Organic,0.745738625409678,0.11391217105273377,0.6318264543569442,PRE-0
NICO,resnet,kNN,rock,Organic,Organic,0.745738625409678,0.03595643599818976,0.7097821894114882,PRE
NICO,resnet,kNN,rock,Organic,Organic,0.745738625409678,0.10516610863517784,0.6405725167745001,PRE-0
NICO,resnet,kNN,grass,Organic,Organic,0.7653376229034122,0.09515823706868198,0.6701793858347302,PRE
NICO,resnet,kNN,grass,Organic,Organic,0.7653376229034122,0.23686698543268414,0.5284706374707281,PRE-0
NICO,resnet,kNN,grass,Organic,Organic,0.7653376229034122,0.08096186669677563,0.6843757562066366,PRE
NICO,resnet,kNN,grass,Organic,Organic,0.7653376229034122,0.22081848629039313,0.5445191366130191,PRE-0
NICO,resnet,kNN,autumn,Organic,Organic,0.7606759687680739,0.03294556174269969,0.7277304070253742,PRE
NICO,resnet,kNN,autumn,Organic,Organic,0.7606759687680739,0.08200778128904607,0.6786681874790278,PRE-0
NICO,resnet,kNN,autumn,Organic,Organic,0.7606759687680739,0.0392339578841121,0.7214420108839618,PRE
NICO,resnet,kNN,autumn,Organic,Organic,0.7606759687680739,0.08692926039670579,0.6737467083713681,PRE-0
NICO,resnet,kNN,hue_0.025,hue,Synthetic,0.03621481588586839,0.004803601592156537,0.03141121429371185,PRE
NICO,resnet,kNN,hue_0.025,hue,Synthetic,0.03621481588586839,0.013523786139708172,0.02269102974616022,PRE-0
NICO,resnet,kNN,hue_0.025,hue,Synthetic,0.03621481588586839,0.00964594394528262,0.02656887194058577,PRE
NICO,resnet,kNN,hue_0.025,hue,Synthetic,0.03621481588586839,0.01886587245712834,0.01734894342874005,PRE-0
NICO,resnet,kNN,hue_0.05,hue,Synthetic,0.06253060535955257,0.011947704050143337,0.050582901309409234,PRE
NICO,resnet,kNN,hue_0.05,hue,Synthetic,0.06253060535955257,0.033636885019459384,0.028893720340093187,PRE-0
NICO,resnet,kNN,hue_0.05,hue,Synthetic,0.06253060535955257,0.023812083653635407,0.038718521705917164,PRE
NICO,resnet,kNN,hue_0.05,hue,Synthetic,0.06253060535955257,0.045930398241060266,0.016600207118492305,PRE-0
NICO,resnet,kNN,hue_0.07500000000000001,hue,Synthetic,0.08085140736456509,0.02165603795423876,0.059195369410326326,PRE
NICO,resnet,kNN,hue_0.07500000000000001,hue,Synthetic,0.08085140736456509,0.06096917496337195,0.019882232401193134,PRE-0
NICO,resnet,kNN,hue_0.07500000000000001,hue,Synthetic,0.08085140736456509,0.004089797777720117,0.07676160958684497,PRE
NICO,resnet,kNN,hue_0.07500000000000001,hue,Synthetic,0.08085140736456509,0.043879125222101356,0.03697228214246373,PRE-0
NICO,resnet,kNN,hue_0.1,hue,Synthetic,0.09922233468286079,0.022642319579683323,0.07658001510317747,PRE
NICO,resnet,kNN,hue_0.1,hue,Synthetic,0.09922233468286079,0.0637458960382038,0.035476438644656993,PRE-0
NICO,resnet,kNN,hue_0.1,hue,Synthetic,0.09922233468286079,0.018901904133844183,0.08032043054901661,PRE
NICO,resnet,kNN,hue_0.1,hue,Synthetic,0.09922233468286079,0.060569845605205064,0.03865248907765573,PRE-0
NICO,resnet,kNN,hue_0.125,hue,Synthetic,0.22235516676306133,0.04449915842251362,0.1778560083405477,PRE
NICO,resnet,kNN,hue_0.125,hue,Synthetic,0.22235516676306133,0.12528039437860405,0.09707477238445728,PRE-0
NICO,resnet,kNN,hue_0.125,hue,Synthetic,0.22235516676306133,0.058157726700681645,0.16419744006237968,PRE
NICO,resnet,kNN,hue_0.125,hue,Synthetic,0.22235516676306133,0.13668667645983323,0.0856684903032281,PRE-0
NICO,resnet,kNN,hue_0.15000000000000002,hue,Synthetic,0.24837020435704638,0.06838688200829401,0.17998332234875236,PRE
NICO,resnet,kNN,hue_0.15000000000000002,hue,Synthetic,0.24837020435704638,0.19253252987336278,0.0558376744836836,PRE-0
NICO,resnet,kNN,hue_0.15000000000000002,hue,Synthetic,0.24837020435704638,0.0680464020451571,0.18032380231188927,PRE
NICO,resnet,kNN,hue_0.15000000000000002,hue,Synthetic,0.24837020435704638,0.18793620244165032,0.06043400191539605,PRE-0
NICO,resnet,kNN,hue_0.17500000000000002,hue,Synthetic,0.3169666955851165,0.06952207519048648,0.24744462039463,PRE
NICO,resnet,kNN,hue_0.17500000000000002,hue,Synthetic,0.3169666955851165,0.19572848805779952,0.12123820752731695,PRE-0
NICO,resnet,kNN,hue_0.17500000000000002,hue,Synthetic,0.3169666955851165,0.06682336232117791,0.25014333326393856,PRE
NICO,resnet,kNN,hue_0.17500000000000002,hue,Synthetic,0.3169666955851165,0.19320773934525381,0.12375895623986266,PRE-0
NICO,resnet,kNN,hue_0.2,hue,Synthetic,0.38521230962020414,0.11249373040368427,0.2727185792165199,PRE
NICO,resnet,kNN,hue_0.2,hue,Synthetic,0.38521230962020414,0.3167084369614418,0.06850387265876234,PRE-0
NICO,resnet,kNN,hue_0.2,hue,Synthetic,0.38521230962020414,0.13165471401521556,0.2535575956049886,PRE
NICO,resnet,kNN,hue_0.2,hue,Synthetic,0.38521230962020414,0.3238986669077756,0.06131364271242856,PRE-0
NICO,resnet,kNN,hue_0.225,hue,Synthetic,0.38225491613649487,0.15755340833663234,0.22470150779986253,PRE
NICO,resnet,kNN,hue_0.225,hue,Synthetic,0.38225491613649487,0.4435668860227296,0.06131196988623472,PRE-0
NICO,resnet,kNN,hue_0.225,hue,Synthetic,0.38225491613649487,0.1593967229472214,0.22285819318927347,PRE
NICO,resnet,kNN,hue_0.225,hue,Synthetic,0.38225491613649487,0.44525429426567387,0.062999378129179,PRE-0
NICO,resnet,kNN,hue_0.25,hue,Synthetic,0.44661581839213405,0.14899598747693976,0.2976198309151943,PRE
NICO,resnet,kNN,hue_0.25,hue,Synthetic,0.44661581839213405,0.41947481106736206,0.027141007324771982,PRE-0
NICO,resnet,kNN,hue_0.25,hue,Synthetic,0.44661581839213405,0.15100537979363238,0.29561043859850167,PRE
NICO,resnet,kNN,hue_0.25,hue,Synthetic,0.44661581839213405,0.42087886890071696,0.025736949491417083,PRE-0
NICO,resnet,kNN,hue_0.275,hue,Synthetic,0.5097486504723345,0.17758442791759388,0.3321642225547407,PRE
NICO,resnet,kNN,hue_0.275,hue,Synthetic,0.5097486504723345,0.49996107687643226,0.009787573595902321,PRE-0
NICO,resnet,kNN,hue_0.275,hue,Synthetic,0.5097486504723345,0.18077022680335553,0.32897842366897906,PRE
NICO,resnet,kNN,hue_0.275,hue,Synthetic,0.5097486504723345,0.49899601988772846,0.010752630584606127,PRE-0
NICO,resnet,kNN,hue_0.30000000000000004,hue,Synthetic,0.5302749662618083,0.17861408531743417,0.3516608809443741,PRE
NICO,resnet,kNN,hue_0.30000000000000004,hue,Synthetic,0.5302749662618083,0.5028599156342812,0.027415050627527082,PRE-0
NICO,resnet,kNN,hue_0.30000000000000004,hue,Synthetic,0.5302749662618083,0.1840224273641099,0.34625253889769836,PRE
NICO,resnet,kNN,hue_0.30000000000000004,hue,Synthetic,0.5302749662618083,0.5064268998214405,0.0238480664403678,PRE-0
NICO,resnet,kNN,hue_0.325,hue,Synthetic,0.5400494023520337,0.1869650825613859,0.35308431979064786,PRE
NICO,resnet,kNN,hue_0.325,hue,Synthetic,0.5400494023520337,0.5263708373070741,0.013678565044959679,PRE-0
NICO,resnet,kNN,hue_0.325,hue,Synthetic,0.5400494023520337,0.20439799179047424,0.3356514105615595,PRE
NICO,resnet,kNN,hue_0.325,hue,Synthetic,0.5400494023520337,0.5330657400750691,0.006983662276964564,PRE-0
NICO,resnet,kNN,hue_0.35000000000000003,hue,Synthetic,0.5951872469635626,0.22356393114094297,0.3716233158226196,PRE
NICO,resnet,kNN,hue_0.35000000000000003,hue,Synthetic,0.5951872469635626,0.6294091496345702,0.03422190267100761,PRE-0
NICO,resnet,kNN,hue_0.35000000000000003,hue,Synthetic,0.5951872469635626,0.21578649759913082,0.37940074936443174,PRE
NICO,resnet,kNN,hue_0.35000000000000003,hue,Synthetic,0.5951872469635626,0.633020785125529,0.037833538161966385,PRE-0
NICO,resnet,kNN,hue_0.375,hue,Synthetic,0.6141095527279736,0.25576250140948664,0.35834705131848704,PRE
NICO,resnet,kNN,hue_0.375,hue,Synthetic,0.6141095527279736,0.7200591692005468,0.10594961647257309,PRE-0
NICO,resnet,kNN,hue_0.375,hue,Synthetic,0.6141095527279736,0.2600668253074072,0.35404272742056647,PRE
NICO,resnet,kNN,hue_0.375,hue,Synthetic,0.6141095527279736,0.7200570096575735,0.10594745692959978,PRE-0
NICO,resnet,kNN,hue_0.4,hue,Synthetic,0.6370168208983997,0.2374355388071261,0.3995812820912736,PRE
NICO,resnet,kNN,hue_0.4,hue,Synthetic,0.6370168208983997,0.6684624832411102,0.031445662342710595,PRE-0
NICO,resnet,kNN,hue_0.4,hue,Synthetic,0.6370168208983997,0.22891240942921176,0.4081044114691879,PRE
NICO,resnet,kNN,hue_0.4,hue,Synthetic,0.6370168208983997,0.6692119252870198,0.03219510438862008,PRE-0
NICO,resnet,kNN,hue_0.42500000000000004,hue,Synthetic,0.6351120589936379,0.25345239540455455,0.3816596635890833,PRE
NICO,resnet,kNN,hue_0.42500000000000004,hue,Synthetic,0.6351120589936379,0.713555428419511,0.07844336942587318,PRE-0
NICO,resnet,kNN,hue_0.42500000000000004,hue,Synthetic,0.6351120589936379,0.25517946664641844,0.37993259234721943,PRE
NICO,resnet,kNN,hue_0.42500000000000004,hue,Synthetic,0.6351120589936379,0.7168898941872012,0.0817778351935633,PRE-0
NICO,resnet,kNN,hue_0.45,hue,Synthetic,0.6513777231540389,0.23586615360844898,0.4155115695455899,PRE
NICO,resnet,kNN,hue_0.45,hue,Synthetic,0.6513777231540389,0.6640441256003791,0.012666402446340208,PRE-0
NICO,resnet,kNN,hue_0.45,hue,Synthetic,0.6513777231540389,0.23090816668357295,0.4204695564704659,PRE
NICO,resnet,kNN,hue_0.45,hue,Synthetic,0.6513777231540389,0.6652381829507245,0.013860459796685598,PRE-0
NICO,resnet,kNN,hue_0.47500000000000003,hue,Synthetic,0.6517536630036629,0.24933630598485945,0.40241735701880343,PRE
NICO,resnet,kNN,hue_0.47500000000000003,hue,Synthetic,0.6517536630036629,0.7019672248651688,0.05021356186150597,PRE-0
NICO,resnet,kNN,hue_0.47500000000000003,hue,Synthetic,0.6517536630036629,0.24621782310401696,0.4055358398996459,PRE
NICO,resnet,kNN,hue_0.47500000000000003,hue,Synthetic,0.6517536630036629,0.7000971725192422,0.04834350951557928,PRE-0
NICO,resnet,kNN,hue_0.5,hue,Synthetic,0.6108764700212068,0.2626482949119686,0.34822817510923815,PRE
NICO,resnet,kNN,hue_0.5,hue,Synthetic,0.6108764700212068,0.7394450397693735,0.12856856974816672,PRE-0
NICO,resnet,kNN,hue_0.5,hue,Synthetic,0.6108764700212068,0.26801277719760586,0.3428636928236009,PRE
NICO,resnet,kNN,hue_0.5,hue,Synthetic,0.6108764700212068,0.7373355615775383,0.12645909155633162,PRE-0
NICO,resnet,kNN,outdoor,Organic,Organic,0.7669165702718332,0.049546558927134,0.7173700113446992,PRE
NICO,resnet,kNN,outdoor,Organic,Organic,0.7669165702718332,0.13949055808106325,0.62742601219077,PRE-0
NICO,resnet,kNN,outdoor,Organic,Organic,0.7669165702718332,0.04736654227750181,0.7195500279943314,PRE
NICO,resnet,kNN,outdoor,Organic,Organic,0.7669165702718332,0.1365891339069477,0.6303274363648855,PRE-0
NICO,resnet,kNN,water,Organic,Organic,0.7875180740312318,0.023821086699203797,0.763696987332028,PRE
NICO,resnet,kNN,water,Organic,Organic,0.7875180740312318,0.06706452980228261,0.7204535442289491,PRE-0
NICO,resnet,kNN,water,Organic,Organic,0.7875180740312318,0.02364754227579391,0.7638705317554378,PRE
NICO,resnet,kNN,water,Organic,Organic,0.7875180740312318,0.06582642546180018,0.7216916485694316,PRE-0
NICO,resnet,kNN,rock,Organic,Organic,0.7653125602467706,0.02260759591223649,0.7427049643345341,PRE
NICO,resnet,kNN,rock,Organic,Organic,0.7653125602467706,0.06364813700396066,0.70166442324281,PRE-0
NICO,resnet,kNN,rock,Organic,Organic,0.7653125602467706,0.015767398967232005,0.7495451612795386,PRE
NICO,resnet,kNN,rock,Organic,Organic,0.7653125602467706,0.056664752179921396,0.7086478080668492,PRE-0
NICO,resnet,kNN,grass,Organic,Organic,0.762380229419703,0.10356939498462214,0.6588108344350808,PRE
NICO,resnet,kNN,grass,Organic,Organic,0.762380229419703,0.29158337166804116,0.4707968577516618,PRE-0
NICO,resnet,kNN,grass,Organic,Organic,0.762380229419703,0.10613187178395167,0.6562483576357513,PRE
NICO,resnet,kNN,grass,Organic,Organic,0.762380229419703,0.2974665142887204,0.46491371513098256,PRE-0
NICO,resnet,kNN,autumn,Organic,Organic,0.7693225853094272,0.04728245962548083,0.7220401256839464,PRE
NICO,resnet,kNN,autumn,Organic,Organic,0.7693225853094272,0.13311634195027222,0.6362062433591551,PRE-0
NICO,resnet,kNN,autumn,Organic,Organic,0.7693225853094272,0.036856513712310246,0.732466071597117,PRE
NICO,resnet,kNN,autumn,Organic,Organic,0.7693225853094272,0.12378095826516711,0.6455416270442602,PRE-0
NICO,resnet,kNN,jpeg_0.025,jpeg,Synthetic,0.014009302101407162,0.027151953672960083,0.013142651571552921,PRE
NICO,resnet,kNN,jpeg_0.025,jpeg,Synthetic,0.014009302101407162,0.06711945752869086,0.0531101554272837,PRE-0
NICO,resnet,kNN,jpeg_0.025,jpeg,Synthetic,0.014009302101407162,0.027817726850409952,0.01380842474900279,PRE
NICO,resnet,kNN,jpeg_0.025,jpeg,Synthetic,0.014009302101407162,0.06831252212455596,0.0543032200231488,PRE-0
NICO,resnet,kNN,jpeg_0.05,jpeg,Synthetic,0.0009265953344897992,0.01862713491790491,0.01770053958341511,PRE
NICO,resnet,kNN,jpeg_0.05,jpeg,Synthetic,0.0009265953344897992,0.04604615955310076,0.045119564218610964,PRE-0
NICO,resnet,kNN,jpeg_0.05,jpeg,Synthetic,0.0009265953344897992,0.03466644697936372,0.03373985164487392,PRE
NICO,resnet,kNN,jpeg_0.05,jpeg,Synthetic,0.0009265953344897992,0.0622049222795229,0.0612783269450331,PRE-0
NICO,resnet,kNN,jpeg_0.07500000000000001,jpeg,Synthetic,-0.02769495855022186,0.007722729623473201,0.03541768817369506,PRE
NICO,resnet,kNN,jpeg_0.07500000000000001,jpeg,Synthetic,-0.02769495855022186,0.019090538721878048,0.04678549727209991,PRE-0
NICO,resnet,kNN,jpeg_0.07500000000000001,jpeg,Synthetic,-0.02769495855022186,0.006826280416782571,0.03452123896700443,PRE
NICO,resnet,kNN,jpeg_0.07500000000000001,jpeg,Synthetic,-0.02769495855022186,0.018109777357253498,0.04580473590747536,PRE-0
NICO,resnet,kNN,jpeg_0.1,jpeg,Synthetic,0.016716069018700375,0.02287564515804963,0.006159576139349254,PRE
NICO,resnet,kNN,jpeg_0.1,jpeg,Synthetic,0.016716069018700375,0.05654844996130737,0.03983238094260699,PRE-0
NICO,resnet,kNN,jpeg_0.1,jpeg,Synthetic,0.016716069018700375,0.031449951245853924,0.01473388222715355,PRE
NICO,resnet,kNN,jpeg_0.1,jpeg,Synthetic,0.016716069018700375,0.06481285923812752,0.048096790219427143,PRE-0
NICO,resnet,kNN,jpeg_0.125,jpeg,Synthetic,0.024635868517447257,0.011809965500020558,0.012825903017426699,PRE
NICO,resnet,kNN,jpeg_0.125,jpeg,Synthetic,0.024635868517447257,0.029194159924608165,0.004558291407160908,PRE-0
NICO,resnet,kNN,jpeg_0.125,jpeg,Synthetic,0.024635868517447257,0.009570775697177791,0.015065092820269466,PRE
NICO,resnet,kNN,jpeg_0.125,jpeg,Synthetic,0.024635868517447257,0.02677161667979422,0.002135748162346962,PRE-0
NICO,resnet,kNN,jpeg_0.15000000000000002,jpeg,Synthetic,-0.0021310487757858487,0.0064228990460517554,0.008553947821837604,PRE
NICO,resnet,kNN,jpeg_0.15000000000000002,jpeg,Synthetic,-0.0021310487757858487,0.015877365766201357,0.018008414541987205,PRE-0
NICO,resnet,kNN,jpeg_0.15000000000000002,jpeg,Synthetic,-0.0021310487757858487,0.005232999699643748,0.0073640484754295965,PRE
NICO,resnet,kNN,jpeg_0.15000000000000002,jpeg,Synthetic,-0.0021310487757858487,0.014646574993908201,0.01677762376969405,PRE-0
NICO,resnet,kNN,jpeg_0.17500000000000002,jpeg,Synthetic,0.0012273472141891562,0.012981761435507,0.011754414221317844,PRE
NICO,resnet,kNN,jpeg_0.17500000000000002,jpeg,Synthetic,0.0012273472141891562,0.03209083205625274,0.030863484842063582,PRE-0
NICO,resnet,kNN,jpeg_0.17500000000000002,jpeg,Synthetic,0.0012273472141891562,0.010520094609557162,0.009292747395368006,PRE
NICO,resnet,kNN,jpeg_0.17500000000000002,jpeg,Synthetic,0.0012273472141891562,0.029866180266242326,0.02863883305205317,PRE-0
NICO,resnet,kNN,jpeg_0.2,jpeg,Synthetic,0.011277472527472354,0.008015590106364545,0.003261882421107809,PRE
NICO,resnet,kNN,jpeg_0.2,jpeg,Synthetic,0.011277472527472354,0.01981448798092611,0.008537015453453756,PRE-0
NICO,resnet,kNN,jpeg_0.2,jpeg,Synthetic,0.011277472527472354,0.01310846600659099,0.0018309934791186366,PRE
NICO,resnet,kNN,jpeg_0.2,jpeg,Synthetic,0.011277472527472354,0.02458440990161148,0.013306937374139127,PRE-0
NICO,resnet,kNN,jpeg_0.225,jpeg,Synthetic,0.017467948717948545,0.014443542518706609,0.0030244061992419358,PRE
NICO,resnet,kNN,jpeg_0.225,jpeg,Synthetic,0.017467948717948545,0.035704345636594415,0.01823639691864587,PRE-0
NICO,resnet,kNN,jpeg_0.225,jpeg,Synthetic,0.017467948717948545,0.01531609673770895,0.002151851980239594,PRE
NICO,resnet,kNN,jpeg_0.225,jpeg,Synthetic,0.017467948717948545,0.03706283526599208,0.019594886548043533,PRE-0
NICO,resnet,kNN,jpeg_0.25,jpeg,Synthetic,-0.00751951995373068,0.00953545977496939,0.01705497972870007,PRE
NICO,resnet,kNN,jpeg_0.25,jpeg,Synthetic,-0.00751951995373068,0.02357159617652016,0.03109111613025084,PRE-0
NICO,resnet,kNN,jpeg_0.25,jpeg,Synthetic,-0.00751951995373068,0.007411268478341393,0.014930788432072073,PRE
NICO,resnet,kNN,jpeg_0.25,jpeg,Synthetic,-0.00751951995373068,0.021467835572870353,0.028987355526601033,PRE-0
NICO,resnet,kNN,jpeg_0.275,jpeg,Synthetic,0.023207297088875922,0.019042524418078854,0.004164772670797068,PRE
NICO,resnet,kNN,jpeg_0.275,jpeg,Synthetic,0.023207297088875922,0.04707299976690649,0.023865702678030565,PRE-0
NICO,resnet,kNN,jpeg_0.275,jpeg,Synthetic,0.023207297088875922,0.013750378882069758,0.009456918206806164,PRE
NICO,resnet,kNN,jpeg_0.275,jpeg,Synthetic,0.023207297088875922,0.041782059612913924,0.018574762524038002,PRE-0
NICO,resnet,kNN,jpeg_0.30000000000000004,jpeg,Synthetic,0.004786244457296918,0.004810623061064168,2.4378603767249984e-05,PRE
NICO,resnet,kNN,jpeg_0.30000000000000004,jpeg,Synthetic,0.004786244457296918,0.011891829741710214,0.007105585284413296,PRE-0
NICO,resnet,kNN,jpeg_0.30000000000000004,jpeg,Synthetic,0.004786244457296918,-0.014204718190387822,0.01899096264768474,PRE
NICO,resnet,kNN,jpeg_0.30000000000000004,jpeg,Synthetic,0.004786244457296918,-0.007025545714542614,0.011811790171839531,PRE-0
NICO,resnet,kNN,jpeg_0.325,jpeg,Synthetic,-0.019273905918642864,0.02423673557639927,0.043510641495042135,PRE
NICO,resnet,kNN,jpeg_0.325,jpeg,Synthetic,-0.019273905918642864,0.05991305685580528,0.07918696277444814,PRE-0
NICO,resnet,kNN,jpeg_0.325,jpeg,Synthetic,-0.019273905918642864,0.02877161296109465,0.048045518879737514,PRE
NICO,resnet,kNN,jpeg_0.325,jpeg,Synthetic,-0.019273905918642864,0.06505466439990859,0.08432857031855145,PRE-0
NICO,resnet,kNN,jpeg_0.35000000000000003,jpeg,Synthetic,0.00974865047233453,0.02877249619408251,0.01902384572174798,PRE
NICO,resnet,kNN,jpeg_0.35000000000000003,jpeg,Synthetic,0.00974865047233453,0.07112542837815639,0.061376777905821855,PRE-0
NICO,resnet,kNN,jpeg_0.35000000000000003,jpeg,Synthetic,0.00974865047233453,0.03618842034784531,0.026439769875510777,PRE
NICO,resnet,kNN,jpeg_0.35000000000000003,jpeg,Synthetic,0.00974865047233453,0.07920225443566098,0.06945360396332645,PRE-0
NICO,resnet,kNN,jpeg_0.375,jpeg,Synthetic,0.006515567765567387,0.01643187666009094,0.009916308894523551,PRE
NICO,resnet,kNN,jpeg_0.375,jpeg,Synthetic,0.006515567765567387,0.04061949504215623,0.03410392727658884,PRE-0
NICO,resnet,kNN,jpeg_0.375,jpeg,Synthetic,0.006515567765567387,0.0225591514604635,0.016043583694896113,PRE
NICO,resnet,kNN,jpeg_0.375,jpeg,Synthetic,0.006515567765567387,0.046431818603795305,0.03991625083822792,PRE-0
NICO,resnet,kNN,jpeg_0.4,jpeg,Synthetic,0.000826344707923532,0.025065489676745933,0.0242391449688224,PRE
NICO,resnet,kNN,jpeg_0.4,jpeg,Synthetic,0.000826344707923532,0.061961731743437665,0.06113538703551413,PRE-0
NICO,resnet,kNN,jpeg_0.4,jpeg,Synthetic,0.000826344707923532,0.029796999706969585,0.028970654999046053,PRE
NICO,resnet,kNN,jpeg_0.4,jpeg,Synthetic,0.000826344707923532,0.06624817135794614,0.06542182665002261,PRE-0
NICO,resnet,kNN,jpeg_0.42500000000000004,jpeg,Synthetic,0.007843888567572566,0.01317699859367416,0.005333110026101595,PRE
NICO,resnet,kNN,jpeg_0.42500000000000004,jpeg,Synthetic,0.007843888567572566,0.0325734570748224,0.024729568507249833,PRE-0
NICO,resnet,kNN,jpeg_0.42500000000000004,jpeg,Synthetic,0.007843888567572566,0.012512795252652809,0.004668906685080243,PRE
NICO,resnet,kNN,jpeg_0.42500000000000004,jpeg,Synthetic,0.007843888567572566,0.03192837758621703,0.02408448901864446,PRE-0
NICO,resnet,kNN,jpeg_0.45,jpeg,Synthetic,0.0011521592442643724,0.007353768966882557,0.006201609722618184,PRE
NICO,resnet,kNN,jpeg_0.45,jpeg,Synthetic,0.0011521592442643724,0.018178470315380113,0.01702631107111574,PRE-0
NICO,resnet,kNN,jpeg_0.45,jpeg,Synthetic,0.0011521592442643724,0.00022360159566836568,0.0009285576485960068,PRE
NICO,resnet,kNN,jpeg_0.45,jpeg,Synthetic,0.0011521592442643724,0.011049403573592742,0.00989724432932837,PRE-0
NICO,resnet,kNN,jpeg_0.47500000000000003,jpeg,Synthetic,0.002405292076344545,0.010232577393852194,0.007827285317507648,PRE
NICO,resnet,kNN,jpeg_0.47500000000000003,jpeg,Synthetic,0.002405292076344545,0.025294866515615744,0.0228895744392712,PRE-0
NICO,resnet,kNN,jpeg_0.47500000000000003,jpeg,Synthetic,0.002405292076344545,0.004345338966599388,0.001940046890254843,PRE
NICO,resnet,kNN,jpeg_0.47500000000000003,jpeg,Synthetic,0.002405292076344545,0.019714242452696484,0.01730895037635194,PRE-0
NICO,resnet,kNN,jpeg_0.5,jpeg,Synthetic,0.02012459032195857,0.01341683603524213,0.006707754286716439,PRE
NICO,resnet,kNN,jpeg_0.5,jpeg,Synthetic,0.02012459032195857,0.03316633371150968,0.013041743389551108,PRE-0
NICO,resnet,kNN,jpeg_0.5,jpeg,Synthetic,0.02012459032195857,0.01358922072967017,0.006535369592288398,PRE
NICO,resnet,kNN,jpeg_0.5,jpeg,Synthetic,0.02012459032195857,0.03350422188318247,0.013379631561223904,PRE-0
NICO,resnet,kNN,outdoor,Organic,Organic,0.7401747156352418,0.05917419778368138,0.6810005178515605,PRE
NICO,resnet,kNN,outdoor,Organic,Organic,0.7401747156352418,0.14627824217641883,0.593896473458823,PRE-0
NICO,resnet,kNN,outdoor,Organic,Organic,0.7401747156352418,0.04548338927008244,0.6946913263651594,PRE
NICO,resnet,kNN,outdoor,Organic,Organic,0.7401747156352418,0.13335906176249857,0.6068156538727433,PRE-0
NICO,resnet,kNN,water,Organic,Organic,0.7546358685174474,0.05386072099744643,0.7007751475200009,PRE
NICO,resnet,kNN,water,Organic,Organic,0.7546358685174474,0.13314336121061388,0.6214925073068335,PRE-0
NICO,resnet,kNN,water,Organic,Organic,0.7546358685174474,0.054180027999540914,0.7004558405179064,PRE
NICO,resnet,kNN,water,Organic,Organic,0.7546358685174474,0.1323580157436841,0.6222778527737632,PRE-0
NICO,resnet,kNN,rock,Organic,Organic,0.7318288509735876,0.03391518373011215,0.6979136672434755,PRE
NICO,resnet,kNN,rock,Organic,Organic,0.7318288509735876,0.08383811939904673,0.6479907315745409,PRE-0
NICO,resnet,kNN,rock,Organic,Organic,0.7318288509735876,0.038017930461857974,0.6938109205117297,PRE
NICO,resnet,kNN,rock,Organic,Organic,0.7318288509735876,0.0892157274556119,0.6426131235179757,PRE-0
NICO,resnet,kNN,grass,Organic,Organic,0.7563401291690763,0.15947855327525584,0.5968615758938205,PRE
NICO,resnet,kNN,grass,Organic,Organic,0.7563401291690763,0.394229973733181,0.3621101554358953,PRE-0
NICO,resnet,kNN,grass,Organic,Organic,0.7563401291690763,0.16678069835647258,0.5895594308126038,PRE
NICO,resnet,kNN,grass,Organic,Organic,0.7563401291690763,0.3995846782625677,0.3567554509065086,PRE-0
NICO,resnet,kNN,autumn,Organic,Organic,0.743006795835743,0.061477221224201295,0.6815295746115417,PRE
NICO,resnet,kNN,autumn,Organic,Organic,0.743006795835743,0.1519713015365448,0.5910354942991982,PRE-0
NICO,resnet,kNN,autumn,Organic,Organic,0.743006795835743,0.06219479406189299,0.68081200177385,PRE
NICO,resnet,kNN,autumn,Organic,Organic,0.743006795835743,0.15594972415165753,0.5870570716840855,PRE-0
NICO,resnet,kNN,multnoise_0.025,multnoise,Synthetic,0.14839526701368788,0.025756486391105615,0.12263878062258227,PRE
NICO,resnet,kNN,multnoise_0.025,multnoise,Synthetic,0.14839526701368788,0.08379762336943353,0.06459764364425435,PRE-0
NICO,resnet,kNN,multnoise_0.025,multnoise,Synthetic,0.14839526701368788,0.015663583267199743,0.13273168374648814,PRE
NICO,resnet,kNN,multnoise_0.025,multnoise,Synthetic,0.14839526701368788,0.07485211954916715,0.07354314746452073,PRE-0
NICO,resnet,kNN,multnoise_0.05,multnoise,Synthetic,0.478520580296896,0.09676201869524226,0.3817585616016537,PRE
NICO,resnet,kNN,multnoise_0.05,multnoise,Synthetic,0.478520580296896,0.314811076167984,0.163709504128912,PRE-0
NICO,resnet,kNN,multnoise_0.05,multnoise,Synthetic,0.478520580296896,0.09304103792035323,0.38547954237654275,PRE
NICO,resnet,kNN,multnoise_0.05,multnoise,Synthetic,0.478520580296896,0.306549345625299,0.17197123467159697,PRE-0
NICO,resnet,kNN,multnoise_0.07500000000000001,multnoise,Synthetic,0.6140093021014073,0.1815560198037829,0.43245328229762436,PRE
NICO,resnet,kNN,multnoise_0.07500000000000001,multnoise,Synthetic,0.6140093021014073,0.5906847206156416,0.02332458148576566,PRE-0
NICO,resnet,kNN,multnoise_0.07500000000000001,multnoise,Synthetic,0.6140093021014073,0.17748824442195488,0.4365210576794524,PRE
NICO,resnet,kNN,multnoise_0.07500000000000001,multnoise,Synthetic,0.6140093021014073,0.5939011281174424,0.020108173983964805,PRE-0
NICO,resnet,kNN,multnoise_0.1,multnoise,Synthetic,0.7531571717755927,0.22906333050842909,0.5240938412671636,PRE
NICO,resnet,kNN,multnoise_0.1,multnoise,Synthetic,0.7531571717755927,0.7452477176515004,0.007909454124092191,PRE-0
NICO,resnet,kNN,multnoise_0.1,multnoise,Synthetic,0.7531571717755927,0.23943739578768586,0.5137197759879069,PRE
NICO,resnet,kNN,multnoise_0.1,multnoise,Synthetic,0.7531571717755927,0.7419737836016651,0.011183388173927583,PRE-0
NICO,resnet,kNN,multnoise_0.125,multnoise,Synthetic,0.8328062945826102,0.2617323942468349,0.5710739003357753,PRE
NICO,resnet,kNN,multnoise_0.125,multnoise,Synthetic,0.8328062945826102,0.8515351148303449,0.0187288202477347,PRE-0
NICO,resnet,kNN,multnoise_0.125,multnoise,Synthetic,0.8328062945826102,0.2700678296863831,0.5627384648962271,PRE
NICO,resnet,kNN,multnoise_0.125,multnoise,Synthetic,0.8328062945826102,0.8514703745243015,0.018664079941691197,PRE-0
NICO,resnet,kNN,multnoise_0.15000000000000002,multnoise,Synthetic,0.8716283497204549,0.261775011969025,0.6098533377514299,PRE
NICO,resnet,kNN,multnoise_0.15000000000000002,multnoise,Synthetic,0.8716283497204549,0.8516737697609408,0.0199545799595141,PRE-0
NICO,resnet,kNN,multnoise_0.15000000000000002,multnoise,Synthetic,0.8716283497204549,0.2705633115557321,0.6010650381647228,PRE
NICO,resnet,kNN,multnoise_0.15000000000000002,multnoise,Synthetic,0.8716283497204549,0.8520641824415582,0.0195641672788966,PRE-0
NICO,resnet,kNN,multnoise_0.17500000000000002,multnoise,Synthetic,0.8834077983420088,0.2711502747654392,0.6122575235765696,PRE
NICO,resnet,kNN,multnoise_0.17500000000000002,multnoise,Synthetic,0.8834077983420088,0.882175785015423,0.0012320133265857,PRE-0
NICO,resnet,kNN,multnoise_0.17500000000000002,multnoise,Synthetic,0.8834077983420088,0.28077653890092624,0.6026312594410825,PRE
NICO,resnet,kNN,multnoise_0.17500000000000002,multnoise,Synthetic,0.8834077983420088,0.8820665886313188,0.0013412097106900028,PRE-0
NICO,resnet,kNN,multnoise_0.2,multnoise,Synthetic,0.8862148158858684,0.2770628299648693,0.6091519859209991,PRE
NICO,resnet,kNN,multnoise_0.2,multnoise,Synthetic,0.8862148158858684,0.9014120296735426,0.015197213787674298,PRE-0
NICO,resnet,kNN,multnoise_0.2,multnoise,Synthetic,0.8862148158858684,0.2760840293598159,0.6101307865260525,PRE
NICO,resnet,kNN,multnoise_0.2,multnoise,Synthetic,0.8862148158858684,0.9014019428134175,0.015187126927549099,PRE-0
NICO,resnet,kNN,multnoise_0.225,multnoise,Synthetic,0.891427848467322,0.2764058950929674,0.6150219533743546,PRE
NICO,resnet,kNN,multnoise_0.225,multnoise,Synthetic,0.891427848467322,0.899274720254161,0.007846871786838898,PRE-0
NICO,resnet,kNN,multnoise_0.225,multnoise,Synthetic,0.891427848467322,0.27853903704432414,0.6128888114229979,PRE
NICO,resnet,kNN,multnoise_0.225,multnoise,Synthetic,0.891427848467322,0.8994610788389241,0.008033230371602099,PRE-0
NICO,resnet,kNN,multnoise_0.25,multnoise,Synthetic,0.8859391266628107,0.2798825258927231,0.6060566007700876,PRE
NICO,resnet,kNN,multnoise_0.25,multnoise,Synthetic,0.8859391266628107,0.9105857893933551,0.024646662730544302,PRE-0
NICO,resnet,kNN,multnoise_0.25,multnoise,Synthetic,0.8859391266628107,0.2912194310229207,0.59471969563989,PRE
NICO,resnet,kNN,multnoise_0.25,multnoise,Synthetic,0.8859391266628107,0.9105484429222093,0.024609316259398502,PRE-0
NICO,resnet,kNN,multnoise_0.275,multnoise,Synthetic,0.8757887507229611,0.2816201698691171,0.594168580853844,PRE
NICO,resnet,kNN,multnoise_0.275,multnoise,Synthetic,0.8757887507229611,0.9162391395154552,0.040450388792494,PRE-0
NICO,resnet,kNN,multnoise_0.275,multnoise,Synthetic,0.8757887507229611,0.2790206468406017,0.5967681038823595,PRE
NICO,resnet,kNN,multnoise_0.275,multnoise,Synthetic,0.8757887507229611,0.9162631354685876,0.0404743847456265,PRE-0
NICO,resnet,kNN,multnoise_0.30000000000000004,multnoise,Synthetic,0.8725055427029109,0.2802066467450677,0.5922988959578432,PRE
NICO,resnet,kNN,multnoise_0.30000000000000004,multnoise,Synthetic,0.8725055427029109,0.9116403026797762,0.0391347599768653,PRE-0
NICO,resnet,kNN,multnoise_0.30000000000000004,multnoise,Synthetic,0.8725055427029109,0.2724961250708732,0.6000094176320377,PRE
NICO,resnet,kNN,multnoise_0.30000000000000004,multnoise,Synthetic,0.8725055427029109,0.9115870825881269,0.039081539885215996,PRE-0
NICO,resnet,kNN,multnoise_0.325,multnoise,Synthetic,0.8772925101214574,0.2793774740805003,0.5979150360409571,PRE
NICO,resnet,kNN,multnoise_0.325,multnoise,Synthetic,0.8772925101214574,0.908942624991967,0.031650114870509595,PRE-0
NICO,resnet,kNN,multnoise_0.325,multnoise,Synthetic,0.8772925101214574,0.30744897545598093,0.5698435346654764,PRE
NICO,resnet,kNN,multnoise_0.325,multnoise,Synthetic,0.8772925101214574,0.9088780973315906,0.0315855872101333,PRE-0
NICO,resnet,kNN,multnoise_0.35000000000000003,multnoise,Synthetic,0.8760143146327356,0.2812911016858384,0.5947232129468972,PRE
NICO,resnet,kNN,multnoise_0.35000000000000003,multnoise,Synthetic,0.8760143146327356,0.9151685303001091,0.0391542156673736,PRE-0
NICO,resnet,kNN,multnoise_0.35000000000000003,multnoise,Synthetic,0.8760143146327356,0.2696322609777779,0.6063820536549577,PRE
NICO,resnet,kNN,multnoise_0.35000000000000003,multnoise,Synthetic,0.8760143146327356,0.9151712167871747,0.0391569021544392,PRE-0
NICO,resnet,kNN,multnoise_0.375,multnoise,Synthetic,0.88826995373048,0.2792961258247113,0.6089738279057687,PRE
NICO,resnet,kNN,multnoise_0.375,multnoise,Synthetic,0.88826995373048,0.9086779619320736,0.020408008201593702,PRE-0
NICO,resnet,kNN,multnoise_0.375,multnoise,Synthetic,0.88826995373048,0.2732535671383972,0.6150163865920828,PRE
NICO,resnet,kNN,multnoise_0.375,multnoise,Synthetic,0.88826995373048,0.908783586876015,0.020513633145535,PRE-0
NICO,resnet,kNN,multnoise_0.4,multnoise,Synthetic,0.8848864950838634,0.2812747754937557,0.6036117195901077,PRE
NICO,resnet,kNN,multnoise_0.4,multnoise,Synthetic,0.8848864950838634,0.9151154137346571,0.030228918650793697,PRE-0
NICO,resnet,kNN,multnoise_0.4,multnoise,Synthetic,0.8848864950838634,0.26190307323692186,0.6229834218469416,PRE
NICO,resnet,kNN,multnoise_0.4,multnoise,Synthetic,0.8848864950838634,0.9151145590482056,0.030228063964342196,PRE-0
NICO,resnet,kNN,multnoise_0.42500000000000004,multnoise,Synthetic,0.8947110564873721,0.2810722176300794,0.6136388388572928,PRE
NICO,resnet,kNN,multnoise_0.42500000000000004,multnoise,Synthetic,0.8947110564873721,0.9144564004161043,0.0197453439287321,PRE-0
NICO,resnet,kNN,multnoise_0.42500000000000004,multnoise,Synthetic,0.8947110564873721,0.28226173289081813,0.612449323596554,PRE
NICO,resnet,kNN,multnoise_0.42500000000000004,multnoise,Synthetic,0.8947110564873721,0.9145059826626235,0.0197949261752513,PRE-0
NICO,resnet,kNN,multnoise_0.45,multnoise,Synthetic,0.8913275978407557,0.281695510651629,0.6096320871891266,PRE
NICO,resnet,kNN,multnoise_0.45,multnoise,Synthetic,0.8913275978407557,0.9164842575187969,0.0251566596780412,PRE-0
NICO,resnet,kNN,multnoise_0.45,multnoise,Synthetic,0.8913275978407557,0.2935519288960643,0.5977756689446914,PRE
NICO,resnet,kNN,multnoise_0.45,multnoise,Synthetic,0.8913275978407557,0.9164799346660618,0.025152336825306102,PRE-0
NICO,resnet,kNN,multnoise_0.47500000000000003,multnoise,Synthetic,0.8718288509735876,0.28129852268223965,0.590530328291348,PRE
NICO,resnet,kNN,multnoise_0.47500000000000003,multnoise,Synthetic,0.8718288509735876,0.9151926741934965,0.0433638232199088,PRE-0
NICO,resnet,kNN,multnoise_0.47500000000000003,multnoise,Synthetic,0.8718288509735876,0.29729891414611687,0.5745299368274708,PRE
NICO,resnet,kNN,multnoise_0.47500000000000003,multnoise,Synthetic,0.8718288509735876,0.9151786364735671,0.0433497854999794,PRE-0
NICO,resnet,kNN,multnoise_0.5,multnoise,Synthetic,0.8988965201465201,0.28131407143660425,0.6175824487099159,PRE
NICO,resnet,kNN,multnoise_0.5,multnoise,Synthetic,0.8988965201465201,0.915243261398689,0.0163467412521689,PRE-0
NICO,resnet,kNN,multnoise_0.5,multnoise,Synthetic,0.8988965201465201,0.28940093819096213,0.609495581955558,PRE
NICO,resnet,kNN,multnoise_0.5,multnoise,Synthetic,0.8988965201465201,0.9152543901550535,0.0163578700085334,PRE-0
NICO,resnet,kNN,outdoor,Organic,Organic,0.7505005301715827,0.04450425790521795,0.7059962722663647,PRE
NICO,resnet,kNN,outdoor,Organic,Organic,0.7505005301715827,0.1447926936014623,0.6057078365701204,PRE-0
NICO,resnet,kNN,outdoor,Organic,Organic,0.7505005301715827,0.051289897648836624,0.6992106325227461,PRE
NICO,resnet,kNN,outdoor,Organic,Organic,0.7505005301715827,0.15148992062940736,0.5990106095421753,PRE-0
NICO,resnet,kNN,water,Organic,Organic,0.7488463948332369,0.07148124257790556,0.6773651522553313,PRE
NICO,resnet,kNN,water,Organic,Organic,0.7488463948332369,0.23256115576350234,0.5162852390697346,PRE-0
NICO,resnet,kNN,water,Organic,Organic,0.7488463948332369,0.0743526394651306,0.6744937553681063,PRE
NICO,resnet,kNN,water,Organic,Organic,0.7488463948332369,0.2381612188065998,0.5106851760266371,PRE-0
NICO,resnet,kNN,rock,Organic,Organic,0.7472173221515326,0.02416604063394745,0.7230512815175851,PRE
NICO,resnet,kNN,rock,Organic,Organic,0.7472173221515326,0.07862317633795213,0.6685941458135805,PRE-0
NICO,resnet,kNN,rock,Organic,Organic,0.7472173221515326,0.012472923967274174,0.7347443981842584,PRE
NICO,resnet,kNN,rock,Organic,Organic,0.7472173221515326,0.06824314265303888,0.6789741794984937,PRE-0
NICO,resnet,kNN,grass,Organic,Organic,0.7544103046076729,0.16823683613406137,0.5861734684736115,PRE
NICO,resnet,kNN,grass,Organic,Organic,0.7544103046076729,0.5473513280171445,0.20705897659052838,PRE-0
NICO,resnet,kNN,grass,Organic,Organic,0.7544103046076729,0.17586262080627357,0.5785476838013993,PRE
NICO,resnet,kNN,grass,Organic,Organic,0.7544103046076729,0.5454156774171066,0.2089946271905662,PRE-0
NICO,resnet,kNN,autumn,Organic,Organic,0.7587712068633121,0.035424435290611234,0.7233467715727009,PRE
NICO,resnet,kNN,autumn,Organic,Organic,0.7587712068633121,0.11525188030237732,0.6435193265609347,PRE-0
NICO,resnet,kNN,autumn,Organic,Organic,0.7587712068633121,0.05069616232080876,0.7080750445425033,PRE
NICO,resnet,kNN,autumn,Organic,Organic,0.7587712068633121,0.12759056250867584,0.6311806443546362,PRE-0
NICO,resnet,kNN,noise_0.025,noise,Synthetic,0.13511205899363776,0.035908488026626606,0.09920357096701116,PRE
NICO,resnet,kNN,noise_0.025,noise,Synthetic,0.13511205899363776,0.1178142761081834,0.01729778288545436,PRE-0
NICO,resnet,kNN,noise_0.025,noise,Synthetic,0.13511205899363776,0.029239663636882796,0.10587239535675497,PRE
NICO,resnet,kNN,noise_0.025,noise,Synthetic,0.13511205899363776,0.11170967424448075,0.023402384749157013,PRE-0
NICO,resnet,kNN,noise_0.05,noise,Synthetic,0.602881482552535,0.08712500898346287,0.5157564735690722,PRE
NICO,resnet,kNN,noise_0.05,noise,Synthetic,0.602881482552535,0.2858535802647644,0.31702790228777067,PRE-0
NICO,resnet,kNN,noise_0.05,noise,Synthetic,0.602881482552535,0.09584516175080127,0.5070363208017338,PRE
NICO,resnet,kNN,noise_0.05,noise,Synthetic,0.602881482552535,0.29233056387728173,0.3105509186752533,PRE-0
NICO,resnet,kNN,noise_0.07500000000000001,noise,Synthetic,0.7921045401966453,0.1732250434211864,0.618879496775459,PRE
NICO,resnet,kNN,noise_0.07500000000000001,noise,Synthetic,0.7921045401966453,0.5683442610934386,0.2237602791032067,PRE-0
NICO,resnet,kNN,noise_0.07500000000000001,noise,Synthetic,0.7921045401966453,0.17046915412889574,0.6216353860677496,PRE
NICO,resnet,kNN,noise_0.07500000000000001,noise,Synthetic,0.7921045401966453,0.5726120898883784,0.219492450308267,PRE-0
NICO,resnet,kNN,noise_0.1,noise,Synthetic,0.8694228359359938,0.24142141820563678,0.628001417730357,PRE
NICO,resnet,kNN,noise_0.1,noise,Synthetic,0.8694228359359938,0.792093769078144,0.07732906685784979,PRE-0
NICO,resnet,kNN,noise_0.1,noise,Synthetic,0.8694228359359938,0.2469352964909578,0.622487539445036,PRE
NICO,resnet,kNN,noise_0.1,noise,Synthetic,0.8694228359359938,0.7920252494203989,0.07739758651559489,PRE-0
NICO,resnet,kNN,noise_0.125,noise,Synthetic,0.8739591767881241,0.26766279900472323,0.6062963777834008,PRE
NICO,resnet,kNN,noise_0.125,noise,Synthetic,0.8739591767881241,0.8781906629554654,0.004231486167341397,PRE-0
NICO,resnet,kNN,noise_0.125,noise,Synthetic,0.8739591767881241,0.27489901212151546,0.5990601646666086,PRE
NICO,resnet,kNN,noise_0.125,noise,Synthetic,0.8739591767881241,0.8784961090966683,0.004536932308544295,PRE-0
NICO,resnet,kNN,noise_0.15000000000000002,noise,Synthetic,0.8644854925775978,0.2787874697427327,0.585698022834865,PRE
NICO,resnet,kNN,noise_0.15000000000000002,noise,Synthetic,0.8644854925775978,0.9146902512691986,0.0502047586916008,PRE-0
NICO,resnet,kNN,noise_0.15000000000000002,noise,Synthetic,0.8644854925775978,0.2815634443730879,0.5829220482045099,PRE
NICO,resnet,kNN,noise_0.15000000000000002,noise,Synthetic,0.8644854925775978,0.9146697262097911,0.0501842336321934,PRE-0
NICO,resnet,kNN,noise_0.17500000000000002,noise,Synthetic,0.8886208309234623,0.27963408119658106,0.6089867497268813,PRE
NICO,resnet,kNN,noise_0.17500000000000002,noise,Synthetic,0.8886208309234623,0.9174679487179486,0.0288471177944862,PRE-0
NICO,resnet,kNN,noise_0.17500000000000002,noise,Synthetic,0.8886208309234623,0.27428978269695936,0.614331048226503,PRE
NICO,resnet,kNN,noise_0.17500000000000002,noise,Synthetic,0.8886208309234623,0.9174679487179486,0.0288471177944862,PRE-0
NICO,resnet,kNN,noise_0.2,noise,Synthetic,0.8860644399460188,0.27944478504286885,0.60661965490315,PRE
NICO,resnet,kNN,noise_0.2,noise,Synthetic,0.8860644399460188,0.9168468758032902,0.0307824358572714,PRE-0
NICO,resnet,kNN,noise_0.2,noise,Synthetic,0.8860644399460188,0.2633491584501112,0.6227152814959076,PRE
NICO,resnet,kNN,noise_0.2,noise,Synthetic,0.8860644399460188,0.9168445047879302,0.0307800648419115,PRE-0
NICO,resnet,kNN,noise_0.225,noise,Synthetic,0.896365191825718,0.27963408119658106,0.616731110629137,PRE
NICO,resnet,kNN,noise_0.225,noise,Synthetic,0.896365191825718,0.9174679487179486,0.0211027568922305,PRE-0
NICO,resnet,kNN,noise_0.225,noise,Synthetic,0.896365191825718,0.27292671316261585,0.6234384786631022,PRE
NICO,resnet,kNN,noise_0.225,noise,Synthetic,0.896365191825718,0.9174679487179486,0.0211027568922305,PRE-0
NICO,resnet,kNN,noise_0.25,noise,Synthetic,0.8860143146327356,0.27963408119658106,0.6063802334361545,PRE
NICO,resnet,kNN,noise_0.25,noise,Synthetic,0.8860143146327356,0.9174679487179486,0.031453634085213,PRE-0
NICO,resnet,kNN,noise_0.25,noise,Synthetic,0.8860143146327356,0.2907338935244984,0.5952804211082372,PRE
NICO,resnet,kNN,noise_0.25,noise,Synthetic,0.8860143146327356,0.9174679487179486,0.031453634085213,PRE-0
NICO,resnet,kNN,noise_0.275,noise,Synthetic,0.8886960188933871,0.27963408119658106,0.609061937696806,PRE
NICO,resnet,kNN,noise_0.275,noise,Synthetic,0.8886960188933871,0.9174679487179486,0.0287719298245614,PRE-0
NICO,resnet,kNN,noise_0.275,noise,Synthetic,0.8886960188933871,0.29306896049110653,0.5956270584022806,PRE
NICO,resnet,kNN,noise_0.275,noise,Synthetic,0.8886960188933871,0.9174679487179486,0.0287719298245614,PRE-0
NICO,resnet,kNN,noise_0.30000000000000004,noise,Synthetic,0.8946108058608058,0.27963408119658106,0.6149767246642247,PRE
NICO,resnet,kNN,noise_0.30000000000000004,noise,Synthetic,0.8946108058608058,0.9174679487179486,0.0228571428571428,PRE-0
NICO,resnet,kNN,noise_0.30000000000000004,noise,Synthetic,0.8946108058608058,0.27937549461854994,0.6152353112422558,PRE
NICO,resnet,kNN,noise_0.30000000000000004,noise,Synthetic,0.8946108058608058,0.9174679487179486,0.0228571428571428,PRE-0
NICO,resnet,kNN,noise_0.325,noise,Synthetic,0.887568199344515,0.27963408119658106,0.607934118147934,PRE
NICO,resnet,kNN,noise_0.325,noise,Synthetic,0.887568199344515,0.9174679487179486,0.0298997493734335,PRE-0
NICO,resnet,kNN,noise_0.325,noise,Synthetic,0.887568199344515,0.2981342551539583,0.5894339441905567,PRE
NICO,resnet,kNN,noise_0.325,noise,Synthetic,0.887568199344515,0.9174679487179486,0.0298997493734335,PRE-0
NICO,resnet,kNN,noise_0.35000000000000003,noise,Synthetic,0.8753376229034122,0.27963408119658106,0.5957035417068312,PRE
NICO,resnet,kNN,noise_0.35000000000000003,noise,Synthetic,0.8753376229034122,0.9174679487179486,0.0421303258145363,PRE-0
NICO,resnet,kNN,noise_0.35000000000000003,noise,Synthetic,0.8753376229034122,0.26062694927065844,0.6147106736327538,PRE
NICO,resnet,kNN,noise_0.35000000000000003,noise,Synthetic,0.8753376229034122,0.9174679487179486,0.0421303258145363,PRE-0
NICO,resnet,kNN,noise_0.375,noise,Synthetic,0.8886960188933871,0.27963408119658106,0.609061937696806,PRE
NICO,resnet,kNN,noise_0.375,noise,Synthetic,0.8886960188933871,0.9174679487179486,0.0287719298245614,PRE-0
NICO,resnet,kNN,noise_0.375,noise,Synthetic,0.8886960188933871,0.2589125989248746,0.6297834199685125,PRE
NICO,resnet,kNN,noise_0.375,noise,Synthetic,0.8886960188933871,0.9174679487179486,0.0287719298245614,PRE-0
NICO,resnet,kNN,noise_0.4,noise,Synthetic,0.8819291016001541,0.27963408119658106,0.6022950204035731,PRE
NICO,resnet,kNN,noise_0.4,noise,Synthetic,0.8819291016001541,0.9174679487179486,0.0355388471177944,PRE-0
NICO,resnet,kNN,noise_0.4,noise,Synthetic,0.8819291016001541,0.25471873200815953,0.6272103695919946,PRE
NICO,resnet,kNN,noise_0.4,noise,Synthetic,0.8819291016001541,0.9174679487179486,0.0355388471177944,PRE-0
NICO,resnet,kNN,noise_0.42500000000000004,noise,Synthetic,0.8975431366878734,0.27963408119658106,0.6179090554912924,PRE
NICO,resnet,kNN,noise_0.42500000000000004,noise,Synthetic,0.8975431366878734,0.9174679487179486,0.0199248120300751,PRE-0
NICO,resnet,kNN,noise_0.42500000000000004,noise,Synthetic,0.8975431366878734,0.27662187595489585,0.6209212607329776,PRE
NICO,resnet,kNN,noise_0.42500000000000004,noise,Synthetic,0.8975431366878734,0.9174679487179486,0.0199248120300751,PRE-0
NICO,resnet,kNN,noise_0.45,noise,Synthetic,0.8981697031039135,0.27963408119658106,0.6185356219073325,PRE
NICO,resnet,kNN,noise_0.45,noise,Synthetic,0.8981697031039135,0.9174679487179486,0.019298245614035,PRE-0
NICO,resnet,kNN,noise_0.45,noise,Synthetic,0.8981697031039135,0.25997971395475983,0.6381899891491537,PRE
NICO,resnet,kNN,noise_0.45,noise,Synthetic,0.8981697031039135,0.9174679487179486,0.019298245614035,PRE-0
NICO,resnet,kNN,noise_0.47500000000000003,noise,Synthetic,0.8750869963369963,0.27963408119658106,0.5954529151404152,PRE
NICO,resnet,kNN,noise_0.47500000000000003,noise,Synthetic,0.8750869963369963,0.9174679487179486,0.0423809523809523,PRE-0
NICO,resnet,kNN,noise_0.47500000000000003,noise,Synthetic,0.8750869963369963,0.27464811366916786,0.6004388826678284,PRE
NICO,resnet,kNN,noise_0.47500000000000003,noise,Synthetic,0.8750869963369963,0.9174679487179486,0.0423809523809523,PRE-0
NICO,resnet,kNN,noise_0.5,noise,Synthetic,0.8996734625024098,0.27963408119658106,0.6200393813058287,PRE
NICO,resnet,kNN,noise_0.5,noise,Synthetic,0.8996734625024098,0.9174679487179486,0.0177944862155388,PRE-0
NICO,resnet,kNN,noise_0.5,noise,Synthetic,0.8996734625024098,0.28605566634474877,0.613617796157661,PRE
NICO,resnet,kNN,noise_0.5,noise,Synthetic,0.8996734625024098,0.9174679487179486,0.0177944862155388,PRE-0
NICO,resnet,kNN,outdoor,Organic,Organic,0.7586960188933871,0.05547057027771407,0.703225448615673,PRE
NICO,resnet,kNN,outdoor,Organic,Organic,0.7586960188933871,0.18199666546057391,0.5766993534328133,PRE-0
NICO,resnet,kNN,outdoor,Organic,Organic,0.7586960188933871,0.055557426624279094,0.703138592269108,PRE
NICO,resnet,kNN,outdoor,Organic,Organic,0.7586960188933871,0.18197344466480403,0.5767225742285831,PRE-0
NICO,resnet,kNN,water,Organic,Organic,0.7464905051089261,0.04606129255825131,0.7004292125506748,PRE
NICO,resnet,kNN,water,Organic,Organic,0.7464905051089261,0.15112521126853584,0.5953652938403902,PRE-0
NICO,resnet,kNN,water,Organic,Organic,0.7464905051089261,0.045117146691840304,0.7013733584170858,PRE
NICO,resnet,kNN,water,Organic,Organic,0.7464905051089261,0.15091721498641986,0.5955732901225061,PRE-0
NICO,resnet,kNN,rock,Organic,Organic,0.7589967707730865,0.04516236896113768,0.7138344018119488,PRE
NICO,resnet,kNN,rock,Organic,Organic,0.7589967707730865,0.14817587982378178,0.6108208909493047,PRE-0
NICO,resnet,kNN,rock,Organic,Organic,0.7589967707730865,0.047852593064347304,0.7111441777087392,PRE
NICO,resnet,kNN,rock,Organic,Organic,0.7589967707730865,0.1530516240153973,0.6059451467576892,PRE-0
NICO,resnet,kNN,grass,Organic,Organic,0.7528313572392519,0.14709408713930938,0.6057372700999425,PRE
NICO,resnet,kNN,grass,Organic,Organic,0.7528313572392519,0.48260966552703405,0.2702216917122178,PRE-0
NICO,resnet,kNN,grass,Organic,Organic,0.7528313572392519,0.13945255762583464,0.6133787996134172,PRE
NICO,resnet,kNN,grass,Organic,Organic,0.7528313572392519,0.48118277199508647,0.2716485852441654,PRE-0
NICO,resnet,kNN,autumn,Organic,Organic,0.751051908617698,0.07817732741080075,0.6728745812068972,PRE
NICO,resnet,kNN,autumn,Organic,Organic,0.751051908617698,0.25649660409389285,0.49455530452380514,PRE-0
NICO,resnet,kNN,autumn,Organic,Organic,0.751051908617698,0.08632543933315295,0.664726469284545,PRE
NICO,resnet,kNN,autumn,Organic,Organic,0.751051908617698,0.2605365787948194,0.4905153298228786,PRE-0
NICO,resnet,kNN,saltpepper_0.025,saltpepper,Synthetic,0.8906509061114324,0.2737179487179484,0.616932957393484,PRE
NICO,resnet,kNN,saltpepper_0.025,saltpepper,Synthetic,0.8906509061114324,0.9174679487179486,0.0268170426065162,PRE-0
NICO,resnet,kNN,saltpepper_0.025,saltpepper,Synthetic,0.8906509061114324,0.2771410513728104,0.613509854738622,PRE
NICO,resnet,kNN,saltpepper_0.025,saltpepper,Synthetic,0.8906509061114324,0.9174679487179486,0.0268170426065162,PRE-0
NICO,resnet,kNN,saltpepper_0.05,saltpepper,Synthetic,0.883457923655292,0.2737179487179484,0.6097399749373436,PRE
NICO,resnet,kNN,saltpepper_0.05,saltpepper,Synthetic,0.883457923655292,0.9174679487179486,0.0340100250626566,PRE-0
NICO,resnet,kNN,saltpepper_0.05,saltpepper,Synthetic,0.883457923655292,0.28486077869078286,0.5985971449645091,PRE
NICO,resnet,kNN,saltpepper_0.05,saltpepper,Synthetic,0.883457923655292,0.9174679487179486,0.0340100250626566,PRE-0
NICO,resnet,kNN,saltpepper_0.07500000000000001,saltpepper,Synthetic,0.8900494023520339,0.2737179487179484,0.6163314536340855,PRE
NICO,resnet,kNN,saltpepper_0.07500000000000001,saltpepper,Synthetic,0.8900494023520339,0.9174679487179486,0.0274185463659147,PRE-0
NICO,resnet,kNN,saltpepper_0.07500000000000001,saltpepper,Synthetic,0.8900494023520339,0.2580223346617898,0.6320270676902441,PRE
NICO,resnet,kNN,saltpepper_0.07500000000000001,saltpepper,Synthetic,0.8900494023520339,0.9174679487179486,0.0274185463659147,PRE-0
NICO,resnet,kNN,saltpepper_0.1,saltpepper,Synthetic,0.8690970213996528,0.2737179487179484,0.5953790726817044,PRE
NICO,resnet,kNN,saltpepper_0.1,saltpepper,Synthetic,0.8690970213996528,0.9174679487179486,0.0483709273182957,PRE-0
NICO,resnet,kNN,saltpepper_0.1,saltpepper,Synthetic,0.8690970213996528,0.2824649248249531,0.5866320965746997,PRE
NICO,resnet,kNN,saltpepper_0.1,saltpepper,Synthetic,0.8690970213996528,0.9174679487179486,0.0483709273182957,PRE-0
NICO,resnet,kNN,saltpepper_0.125,saltpepper,Synthetic,0.8795481492192018,0.2737179487179484,0.6058302005012534,PRE
NICO,resnet,kNN,saltpepper_0.125,saltpepper,Synthetic,0.8795481492192018,0.9174679487179486,0.0379197994987468,PRE-0
NICO,resnet,kNN,saltpepper_0.125,saltpepper,Synthetic,0.8795481492192018,0.2867967376679499,0.5927514115512519,PRE
NICO,resnet,kNN,saltpepper_0.125,saltpepper,Synthetic,0.8795481492192018,0.9174679487179486,0.0379197994987468,PRE-0
NICO,resnet,kNN,saltpepper_0.15000000000000002,saltpepper,Synthetic,0.8628313572392519,0.2737179487179484,0.5891134085213034,PRE
NICO,resnet,kNN,saltpepper_0.15000000000000002,saltpepper,Synthetic,0.8628313572392519,0.9174679487179486,0.0546365914786967,PRE-0
NICO,resnet,kNN,saltpepper_0.15000000000000002,saltpepper,Synthetic,0.8628313572392519,0.2765262601178926,0.5863050971213593,PRE
NICO,resnet,kNN,saltpepper_0.15000000000000002,saltpepper,Synthetic,0.8628313572392519,0.9174679487179486,0.0546365914786967,PRE-0
NICO,resnet,kNN,saltpepper_0.17500000000000002,saltpepper,Synthetic,0.8814529111239636,0.2737179487179484,0.6077349624060152,PRE
NICO,resnet,kNN,saltpepper_0.17500000000000002,saltpepper,Synthetic,0.8814529111239636,0.9174679487179486,0.0360150375939849,PRE-0
NICO,resnet,kNN,saltpepper_0.17500000000000002,saltpepper,Synthetic,0.8814529111239636,0.28094115438317957,0.600511756740784,PRE
NICO,resnet,kNN,saltpepper_0.17500000000000002,saltpepper,Synthetic,0.8814529111239636,0.9174679487179486,0.0360150375939849,PRE-0
NICO,resnet,kNN,saltpepper_0.2,saltpepper,Synthetic,0.8760644399460188,0.2737179487179484,0.6023464912280704,PRE
NICO,resnet,kNN,saltpepper_0.2,saltpepper,Synthetic,0.8760644399460188,0.9174679487179486,0.0414035087719298,PRE-0
NICO,resnet,kNN,saltpepper_0.2,saltpepper,Synthetic,0.8760644399460188,0.28781778643835076,0.588246653507668,PRE
NICO,resnet,kNN,saltpepper_0.2,saltpepper,Synthetic,0.8760644399460188,0.9174679487179486,0.0414035087719298,PRE-0
NICO,resnet,kNN,saltpepper_0.225,saltpepper,Synthetic,0.8682448910738384,0.2737179487179484,0.59452694235589,PRE
NICO,resnet,kNN,saltpepper_0.225,saltpepper,Synthetic,0.8682448910738384,0.9174679487179486,0.0492230576441102,PRE-0
NICO,resnet,kNN,saltpepper_0.225,saltpepper,Synthetic,0.8682448910738384,0.2922671669002048,0.5759777241736336,PRE
NICO,resnet,kNN,saltpepper_0.225,saltpepper,Synthetic,0.8682448910738384,0.9174679487179486,0.0492230576441102,PRE-0
NICO,resnet,kNN,saltpepper_0.25,saltpepper,Synthetic,0.9004504048582994,0.2737179487179484,0.626732456140351,PRE
NICO,resnet,kNN,saltpepper_0.25,saltpepper,Synthetic,0.9004504048582994,0.9174679487179486,0.0170175438596491,PRE-0
NICO,resnet,kNN,saltpepper_0.25,saltpepper,Synthetic,0.9004504048582994,0.2825520739921401,0.6178983308661593,PRE
NICO,resnet,kNN,saltpepper_0.25,saltpepper,Synthetic,0.9004504048582994,0.9174679487179486,0.0170175438596491,PRE-0
NICO,resnet,kNN,saltpepper_0.275,saltpepper,Synthetic,0.8784453923269712,0.2737179487179484,0.6047274436090228,PRE
NICO,resnet,kNN,saltpepper_0.275,saltpepper,Synthetic,0.8784453923269712,0.9174679487179486,0.0390225563909774,PRE-0
NICO,resnet,kNN,saltpepper_0.275,saltpepper,Synthetic,0.8784453923269712,0.2667091565203352,0.6117362358066359,PRE
NICO,resnet,kNN,saltpepper_0.275,saltpepper,Synthetic,0.8784453923269712,0.9174679487179486,0.0390225563909774,PRE-0
NICO,resnet,kNN,saltpepper_0.30000000000000004,saltpepper,Synthetic,0.8817035376903797,0.2737179487179484,0.6079855889724313,PRE
NICO,resnet,kNN,saltpepper_0.30000000000000004,saltpepper,Synthetic,0.8817035376903797,0.9174679487179486,0.0357644110275689,PRE-0
NICO,resnet,kNN,saltpepper_0.30000000000000004,saltpepper,Synthetic,0.8817035376903797,0.24383413205701254,0.6378694056333671,PRE
NICO,resnet,kNN,saltpepper_0.30000000000000004,saltpepper,Synthetic,0.8817035376903797,0.9174679487179486,0.0357644110275689,PRE-0
NICO,resnet,kNN,saltpepper_0.325,saltpepper,Synthetic,0.8779692018507806,0.2737179487179484,0.6042512531328322,PRE
NICO,resnet,kNN,saltpepper_0.325,saltpepper,Synthetic,0.8779692018507806,0.9174679487179486,0.0394987468671679,PRE-0
NICO,resnet,kNN,saltpepper_0.325,saltpepper,Synthetic,0.8779692018507806,0.2701945638780384,0.6077746379727422,PRE
NICO,resnet,kNN,saltpepper_0.325,saltpepper,Synthetic,0.8779692018507806,0.9174679487179486,0.0394987468671679,PRE-0
NICO,resnet,kNN,saltpepper_0.35000000000000003,saltpepper,Synthetic,0.8769416329284749,0.2737179487179484,0.6032236842105265,PRE
NICO,resnet,kNN,saltpepper_0.35000000000000003,saltpepper,Synthetic,0.8769416329284749,0.9174679487179486,0.0405263157894736,PRE-0
NICO,resnet,kNN,saltpepper_0.35000000000000003,saltpepper,Synthetic,0.8769416329284749,0.2680776249676565,0.6088640079608184,PRE
NICO,resnet,kNN,saltpepper_0.35000000000000003,saltpepper,Synthetic,0.8769416329284749,0.9174679487179486,0.0405263157894736,PRE-0
NICO,resnet,kNN,saltpepper_0.375,saltpepper,Synthetic,0.8735331116252167,0.2737179487179484,0.5998151629072683,PRE
NICO,resnet,kNN,saltpepper_0.375,saltpepper,Synthetic,0.8735331116252167,0.9174679487179486,0.0439348370927318,PRE-0
NICO,resnet,kNN,saltpepper_0.375,saltpepper,Synthetic,0.8735331116252167,0.26541687385268853,0.6081162377725282,PRE
NICO,resnet,kNN,saltpepper_0.375,saltpepper,Synthetic,0.8735331116252167,0.9174679487179486,0.0439348370927318,PRE-0
NICO,resnet,kNN,saltpepper_0.4,saltpepper,Synthetic,0.8870920088683245,0.2737179487179484,0.6133740601503761,PRE
NICO,resnet,kNN,saltpepper_0.4,saltpepper,Synthetic,0.8870920088683245,0.9174679487179486,0.030375939849624,PRE-0
NICO,resnet,kNN,saltpepper_0.4,saltpepper,Synthetic,0.8870920088683245,0.2744815744374155,0.6126104344309091,PRE
NICO,resnet,kNN,saltpepper_0.4,saltpepper,Synthetic,0.8870920088683245,0.9174679487179486,0.030375939849624,PRE-0
NICO,resnet,kNN,saltpepper_0.42500000000000004,saltpepper,Synthetic,0.8919541642567957,0.2737179487179484,0.6182362155388473,PRE
NICO,resnet,kNN,saltpepper_0.42500000000000004,saltpepper,Synthetic,0.8919541642567957,0.9174679487179486,0.0255137844611528,PRE-0
NICO,resnet,kNN,saltpepper_0.42500000000000004,saltpepper,Synthetic,0.8919541642567957,0.2728403782958124,0.6191137859609833,PRE
NICO,resnet,kNN,saltpepper_0.42500000000000004,saltpepper,Synthetic,0.8919541642567957,0.9174679487179486,0.0255137844611528,PRE-0
NICO,resnet,kNN,saltpepper_0.45,saltpepper,Synthetic,0.872254916136495,0.2737179487179484,0.5985369674185466,PRE
NICO,resnet,kNN,saltpepper_0.45,saltpepper,Synthetic,0.872254916136495,0.9174679487179486,0.0452130325814536,PRE-0
NICO,resnet,kNN,saltpepper_0.45,saltpepper,Synthetic,0.872254916136495,0.2575923004308748,0.6146626157056202,PRE
NICO,resnet,kNN,saltpepper_0.45,saltpepper,Synthetic,0.872254916136495,0.9174679487179486,0.0452130325814536,PRE-0
NICO,resnet,kNN,saltpepper_0.47500000000000003,saltpepper,Synthetic,0.8812524098708309,0.2737179487179484,0.6075344611528825,PRE
NICO,resnet,kNN,saltpepper_0.47500000000000003,saltpepper,Synthetic,0.8812524098708309,0.9174679487179486,0.0362155388471177,PRE-0
NICO,resnet,kNN,saltpepper_0.47500000000000003,saltpepper,Synthetic,0.8812524098708309,0.28599717706594996,0.5952552328048809,PRE
NICO,resnet,kNN,saltpepper_0.47500000000000003,saltpepper,Synthetic,0.8812524098708309,0.9174679487179486,0.0362155388471177,PRE-0
NICO,resnet,kNN,saltpepper_0.5,saltpepper,Synthetic,0.9039842394447657,0.2737179487179484,0.6302662907268173,PRE
NICO,resnet,kNN,saltpepper_0.5,saltpepper,Synthetic,0.9039842394447657,0.9174679487179486,0.0134837092731829,PRE-0
NICO,resnet,kNN,saltpepper_0.5,saltpepper,Synthetic,0.9039842394447657,0.2584779043900063,0.6455063350547594,PRE
NICO,resnet,kNN,saltpepper_0.5,saltpepper,Synthetic,0.9039842394447657,0.9174679487179486,0.0134837092731829,PRE-0
NICO,resnet,kNN,outdoor,Organic,Organic,0.7408764700212067,0.07042530112746748,0.6704511688937393,PRE
NICO,resnet,kNN,outdoor,Organic,Organic,0.7408764700212067,0.2360567031351004,0.5048197668861063,PRE-0
NICO,resnet,kNN,outdoor,Organic,Organic,0.7408764700212067,0.07313264390337082,0.6677438261178359,PRE
NICO,resnet,kNN,outdoor,Organic,Organic,0.7408764700212067,0.24336904259456904,0.4975074274266377,PRE-0
NICO,resnet,kNN,water,Organic,Organic,0.7682448910738384,0.034054765507430695,0.7341901255664076,PRE
NICO,resnet,kNN,water,Organic,Organic,0.7682448910738384,0.11414726728925151,0.6540976237845868,PRE-0
NICO,resnet,kNN,water,Organic,Organic,0.7682448910738384,0.03394189199214126,0.7343029990816972,PRE
NICO,resnet,kNN,water,Organic,Organic,0.7682448910738384,0.11074990118396377,0.6574949898898745,PRE-0
NICO,resnet,kNN,rock,Organic,Organic,0.732505542702911,0.046014510694951105,0.68649103200796,PRE
NICO,resnet,kNN,rock,Organic,Organic,0.732505542702911,0.1542348206841898,0.5782707220187213,PRE-0
NICO,resnet,kNN,rock,Organic,Organic,0.732505542702911,0.03066296830382098,0.7018425743990901,PRE
NICO,resnet,kNN,rock,Organic,Organic,0.732505542702911,0.13845623443336452,0.5940493082695466,PRE-0
NICO,resnet,kNN,grass,Organic,Organic,0.7667160690187005,0.18279126297964388,0.5839248060390566,PRE
NICO,resnet,kNN,grass,Organic,Organic,0.7667160690187005,0.6126931970482796,0.15402287197042078,PRE-0
NICO,resnet,kNN,grass,Organic,Organic,0.7667160690187005,0.18129951447689274,0.5854165545418077,PRE
NICO,resnet,kNN,grass,Organic,Organic,0.7667160690187005,0.6143666731633024,0.1523493958553981,PRE-0
NICO,resnet,kNN,autumn,Organic,Organic,0.7560143146327356,0.0881956969632508,0.6678186176694848,PRE
NICO,resnet,kNN,autumn,Organic,Organic,0.7560143146327356,0.29562082266663436,0.46039349196610124,PRE-0
NICO,resnet,kNN,autumn,Organic,Organic,0.7560143146327356,0.09413953116011375,0.6618747834726219,PRE
NICO,resnet,kNN,autumn,Organic,Organic,0.7560143146327356,0.2981332696101314,0.4578810450226042,PRE-0
NICO,resnet,kNN,smear_0.025,smear,Synthetic,0.014134615384615357,0.001995631707473744,0.012138983677141613,PRE
NICO,resnet,kNN,smear_0.025,smear,Synthetic,0.014134615384615357,0.005045383892423372,0.009089231492191985,PRE-0
NICO,resnet,kNN,smear_0.025,smear,Synthetic,0.014134615384615357,-0.0023096049991010448,0.0164442203837164,PRE
NICO,resnet,kNN,smear_0.025,smear,Synthetic,0.014134615384615357,0.000646663192210184,0.013487952192405173,PRE-0
NICO,resnet,kNN,smear_0.05,smear,Synthetic,0.023056921149026244,0.0011838510285702153,0.02187307012045603,PRE
NICO,resnet,kNN,smear_0.05,smear,Synthetic,0.023056921149026244,0.0029930286676685958,0.020063892481357648,PRE-0
NICO,resnet,kNN,smear_0.05,smear,Synthetic,0.023056921149026244,0.002390754826657404,0.02066616632236884,PRE
NICO,resnet,kNN,smear_0.05,smear,Synthetic,0.023056921149026244,0.004288199600396947,0.018768721548629297,PRE-0
NICO,resnet,kNN,smear_0.07500000000000001,smear,Synthetic,0.026941632928474846,0.0028552030896329406,0.024086429838841905,PRE
NICO,resnet,kNN,smear_0.07500000000000001,smear,Synthetic,0.026941632928474846,0.007218564239123371,0.019723068689351475,PRE-0
NICO,resnet,kNN,smear_0.07500000000000001,smear,Synthetic,0.026941632928474846,-0.011431884301022266,0.03837351722949711,PRE
NICO,resnet,kNN,smear_0.07500000000000001,smear,Synthetic,0.026941632928474846,-0.007040841001238252,0.0339824739297131,PRE-0
NICO,resnet,kNN,smear_0.1,smear,Synthetic,-0.008045835743204277,0.0013688021692407348,0.009414637912445012,PRE
NICO,resnet,kNN,smear_0.1,smear,Synthetic,-0.008045835743204277,0.0034606247188483374,0.011506460462052615,PRE-0
NICO,resnet,kNN,smear_0.1,smear,Synthetic,-0.008045835743204277,-0.007968543484098256,7.7292259106021e-05,PRE
NICO,resnet,kNN,smear_0.1,smear,Synthetic,-0.008045835743204277,-0.005784450370255212,0.002261385372949065,PRE-0
NICO,resnet,kNN,smear_0.125,smear,Synthetic,0.016239878542509745,0.00348626988220313,0.012753608660306615,PRE
NICO,resnet,kNN,smear_0.125,smear,Synthetic,0.016239878542509745,0.00881403609816056,0.007425842444349184,PRE-0
NICO,resnet,kNN,smear_0.125,smear,Synthetic,0.016239878542509745,-0.00145622599715578,0.017696104539665525,PRE
NICO,resnet,kNN,smear_0.125,smear,Synthetic,0.016239878542509745,0.004118056180370977,0.012121822362138768,PRE-0
NICO,resnet,kNN,smear_0.15000000000000002,smear,Synthetic,0.05623987854251,0.0016789427271881596,0.05456093581532184,PRE
NICO,resnet,kNN,smear_0.15000000000000002,smear,Synthetic,0.05623987854251,0.0042447263993316,0.0519951521431784,PRE-0
NICO,resnet,kNN,smear_0.15000000000000002,smear,Synthetic,0.05623987854251,0.0069859109519081475,0.049253967590601855,PRE
NICO,resnet,kNN,smear_0.15000000000000002,smear,Synthetic,0.05623987854251,0.009541274595436522,0.04669860394707348,PRE-0
NICO,resnet,kNN,smear_0.17500000000000002,smear,Synthetic,0.020575718141507382,0.001890947900377804,0.018684770241129578,PRE
NICO,resnet,kNN,smear_0.17500000000000002,smear,Synthetic,0.020575718141507382,0.0047807208325300055,0.015794997308977377,PRE-0
NICO,resnet,kNN,smear_0.17500000000000002,smear,Synthetic,0.020575718141507382,0.0008563657228773947,0.019719352418629987,PRE
NICO,resnet,kNN,smear_0.17500000000000002,smear,Synthetic,0.020575718141507382,0.003722998346622597,0.016852719794884785,PRE-0
NICO,resnet,kNN,smear_0.2,smear,Synthetic,0.01303185849238453,0.005536607193899923,0.0074952512984846065,PRE
NICO,resnet,kNN,smear_0.2,smear,Synthetic,0.01303185849238453,0.01399772746151573,0.0009658689691312006,PRE-0
NICO,resnet,kNN,smear_0.2,smear,Synthetic,0.01303185849238453,0.002536277565716172,0.010495580926668358,PRE
NICO,resnet,kNN,smear_0.2,smear,Synthetic,0.01303185849238453,0.010894316814614169,0.0021375416777703604,PRE-0
NICO,resnet,kNN,smear_0.225,smear,Synthetic,0.034310053981106425,0.0028652633519650195,0.031444790629141406,PRE
NICO,resnet,kNN,smear_0.225,smear,Synthetic,0.034310053981106425,0.007243998734543622,0.027066055246562803,PRE-0
NICO,resnet,kNN,smear_0.225,smear,Synthetic,0.034310053981106425,-0.013381211402955229,0.047691265384061654,PRE
NICO,resnet,kNN,smear_0.225,smear,Synthetic,0.034310053981106425,-0.008897615529571024,0.04320766951067745,PRE-0
NICO,resnet,kNN,smear_0.25,smear,Synthetic,0.0617787256603044,0.0019685285150197185,0.05981019714528468,PRE
NICO,resnet,kNN,smear_0.25,smear,Synthetic,0.0617787256603044,0.004976861223571771,0.05680186443673263,PRE-0
NICO,resnet,kNN,smear_0.25,smear,Synthetic,0.0617787256603044,0.004525393137128186,0.057253332523176215,PRE
NICO,resnet,kNN,smear_0.25,smear,Synthetic,0.0617787256603044,0.007593947683077751,0.05418477797722665,PRE-0
NICO,resnet,kNN,smear_0.275,smear,Synthetic,0.07486143242722176,0.0069644656813363515,0.06789696674588541,PRE
NICO,resnet,kNN,smear_0.275,smear,Synthetic,0.07486143242722176,0.017607659186990254,0.05725377324023151,PRE-0
NICO,resnet,kNN,smear_0.275,smear,Synthetic,0.07486143242722176,0.007350587833208189,0.06751084459401357,PRE
NICO,resnet,kNN,smear_0.275,smear,Synthetic,0.07486143242722176,0.017731710008096258,0.057129722419125506,PRE-0
NICO,resnet,kNN,smear_0.30000000000000004,smear,Synthetic,0.08867095623674559,0.005496035458195991,0.0831749207785496,PRE
NICO,resnet,kNN,smear_0.30000000000000004,smear,Synthetic,0.08867095623674559,0.013895153433932772,0.07477580280281282,PRE-0
NICO,resnet,kNN,smear_0.30000000000000004,smear,Synthetic,0.08867095623674559,0.011721112615006968,0.07694984362173862,PRE
NICO,resnet,kNN,smear_0.30000000000000004,smear,Synthetic,0.08867095623674559,0.02037997723067919,0.0682909790060664,PRE-0
NICO,resnet,kNN,smear_0.325,smear,Synthetic,0.09942283593599377,0.0031668404310397635,0.096255995504954,PRE
NICO,resnet,kNN,smear_0.325,smear,Synthetic,0.09942283593599377,0.008006450108406726,0.09141638582758704,PRE-0
NICO,resnet,kNN,smear_0.325,smear,Synthetic,0.09942283593599377,0.001108323790622201,0.09831451214537157,PRE
NICO,resnet,kNN,smear_0.325,smear,Synthetic,0.09942283593599377,0.005931041157729133,0.09349179477826464,PRE-0
NICO,resnet,kNN,smear_0.35000000000000003,smear,Synthetic,0.1231822344322342,0.005071465121561314,0.11811076931067288,PRE
NICO,resnet,kNN,smear_0.35000000000000003,smear,Synthetic,0.1231822344322342,0.012821748792367749,0.11036048563986645,PRE-0
NICO,resnet,kNN,smear_0.35000000000000003,smear,Synthetic,0.1231822344322342,0.002416396366450191,0.120765838065784,PRE
NICO,resnet,kNN,smear_0.35000000000000003,smear,Synthetic,0.1231822344322342,0.010216054018804988,0.1129661804134292,PRE-0
NICO,resnet,kNN,smear_0.375,smear,Synthetic,0.12573862540967795,0.0027540229709421826,0.12298460243873577,PRE
NICO,resnet,kNN,smear_0.375,smear,Synthetic,0.12573862540967795,0.006962759253081763,0.11877586615659619,PRE-0
NICO,resnet,kNN,smear_0.375,smear,Synthetic,0.12573862540967795,-0.0109579521305182,0.13669657754019615,PRE
NICO,resnet,kNN,smear_0.375,smear,Synthetic,0.12573862540967795,-0.006789445894606061,0.132528071304284,PRE-0
NICO,resnet,kNN,smear_0.4,smear,Synthetic,0.09784388856757253,0.001647746770772951,0.09619614179679958,PRE
NICO,resnet,kNN,smear_0.4,smear,Synthetic,0.09784388856757253,0.004165856347599806,0.09367803221997273,PRE-0
NICO,resnet,kNN,smear_0.4,smear,Synthetic,0.09784388856757253,-0.002275015757382426,0.10011890432495496,PRE
NICO,resnet,kNN,smear_0.4,smear,Synthetic,0.09784388856757253,0.00024335490527571668,0.09760053366229682,PRE-0
NICO,resnet,kNN,smear_0.42500000000000004,smear,Synthetic,0.1315531617505301,0.003572529604230601,0.1279806321462995,PRE
NICO,resnet,kNN,smear_0.42500000000000004,smear,Synthetic,0.1315531617505301,0.009032119129440352,0.12252104262108976,PRE-0
NICO,resnet,kNN,smear_0.42500000000000004,smear,Synthetic,0.1315531617505301,0.004784500881591325,0.1267686608689388,PRE
NICO,resnet,kNN,smear_0.42500000000000004,smear,Synthetic,0.1315531617505301,0.010431701340768318,0.1211214604097618,PRE-0
NICO,resnet,kNN,smear_0.45,smear,Synthetic,0.16997421438210902,0.0035288720376437377,0.16644534234446529,PRE
NICO,resnet,kNN,smear_0.45,smear,Synthetic,0.16997421438210902,0.008921743461216991,0.16105247092089203,PRE-0
NICO,resnet,kNN,smear_0.45,smear,Synthetic,0.16997421438210902,0.0038983660915189455,0.16607584829059008,PRE
NICO,resnet,kNN,smear_0.45,smear,Synthetic,0.16997421438210902,0.00927226372816492,0.1607019506539441,PRE-0
NICO,resnet,kNN,smear_0.47500000000000003,smear,Synthetic,0.18749301137459018,0.0020142408713575977,0.18547877050323258,PRE
NICO,resnet,kNN,smear_0.47500000000000003,smear,Synthetic,0.18749301137459018,0.005092431839877398,0.18240057953471278,PRE-0
NICO,resnet,kNN,smear_0.47500000000000003,smear,Synthetic,0.18749301137459018,0.013806326927887969,0.1736866844467022,PRE
NICO,resnet,kNN,smear_0.47500000000000003,smear,Synthetic,0.18749301137459018,0.01691568889888939,0.1705773224757008,PRE-0
NICO,resnet,kNN,smear_0.5,smear,Synthetic,0.20070103142471551,0.0009095031024853872,0.19979152832223013,PRE
NICO,resnet,kNN,smear_0.5,smear,Synthetic,0.20070103142471551,0.0022994184178393162,0.1984016130068762,PRE-0
NICO,resnet,kNN,smear_0.5,smear,Synthetic,0.20070103142471551,-0.0019305366208466346,0.20263156804556215,PRE
NICO,resnet,kNN,smear_0.5,smear,Synthetic,0.20070103142471551,-0.0005216437812378683,0.20122267520595338,PRE-0
NICO,resnet,kNN,outdoor,Organic,Organic,0.7212774725274724,0.030311358981770953,0.6909661135457015,PRE
NICO,resnet,kNN,outdoor,Organic,Organic,0.7212774725274724,0.07663360017349152,0.6446438723539809,PRE-0
NICO,resnet,kNN,outdoor,Organic,Organic,0.7212774725274724,0.03360739705868232,0.6876700754687901,PRE
NICO,resnet,kNN,outdoor,Organic,Organic,0.7212774725274724,0.080030820487755,0.6412466520397173,PRE-0
NICO,resnet,kNN,water,Organic,Organic,0.746365191825718,0.060159822636228655,0.6862053691894894,PRE
NICO,resnet,kNN,water,Organic,Organic,0.746365191825718,0.15209690192991587,0.5942682898958022,PRE-0
NICO,resnet,kNN,water,Organic,Organic,0.746365191825718,0.05281336264442915,0.6935518291812889,PRE
NICO,resnet,kNN,water,Organic,Organic,0.746365191825718,0.14437729402028276,0.6019878978054353,PRE-0
NICO,resnet,kNN,rock,Organic,Organic,0.7355130614999035,0.027978532117534205,0.7075345293823693,PRE
NICO,resnet,kNN,rock,Organic,Organic,0.7355130614999035,0.0707357147868477,0.6647773467130558,PRE-0
NICO,resnet,kNN,rock,Organic,Organic,0.7355130614999035,0.023077536915111163,0.7124355245847923,PRE
NICO,resnet,kNN,rock,Organic,Organic,0.7355130614999035,0.06680155279163924,0.6687115087082642,PRE-0
NICO,resnet,kNN,grass,Organic,Organic,0.7539090514748408,0.11013197653743723,0.6437770749374035,PRE
NICO,resnet,kNN,grass,Organic,Organic,0.7539090514748408,0.2784371977964406,0.47547185367840017,PRE-0
NICO,resnet,kNN,grass,Organic,Organic,0.7539090514748408,0.11125651217676225,0.6426525392980785,PRE
NICO,resnet,kNN,grass,Organic,Organic,0.7539090514748408,0.27709625028192586,0.4768128011929149,PRE-0
NICO,resnet,kNN,autumn,Organic,Organic,0.759974214382109,0.05418745288201843,0.7057867615000906,PRE
NICO,resnet,kNN,autumn,Organic,Organic,0.759974214382109,0.13699747349097147,0.6229767408911375,PRE-0
NICO,resnet,kNN,autumn,Organic,Organic,0.759974214382109,0.03485325753913626,0.7251209568429727,PRE
NICO,resnet,kNN,autumn,Organic,Organic,0.759974214382109,0.11927569536218774,0.6406985190199213,PRE-0
Polyp,segformer,Entropy,brightness_0.025,brightness,Synthetic,0.0010401002506266188,0.09082770038936616,0.08978760013873954,PRE
Polyp,segformer,Entropy,brightness_0.025,brightness,Synthetic,0.0010401002506266188,0.2786193609022556,0.27757926065162897,PRE-0
Polyp,segformer,Entropy,brightness_0.025,brightness,Synthetic,0.0010401002506266188,0.09652399897147379,0.09548389872084717,PRE
Polyp,segformer,Entropy,brightness_0.025,brightness,Synthetic,0.0010401002506266188,0.2779377830290011,0.27689768277837445,PRE-0
Polyp,segformer,Entropy,brightness_0.05,brightness,Synthetic,-0.005952380952380931,0.14279540042442407,0.148747781376805,PRE
Polyp,segformer,Entropy,brightness_0.05,brightness,Synthetic,-0.005952380952380931,0.4380333646616541,0.44398574561403503,PRE-0
Polyp,segformer,Entropy,brightness_0.05,brightness,Synthetic,-0.005952380952380931,0.15232303277991077,0.1582754137322917,PRE
Polyp,segformer,Entropy,brightness_0.05,brightness,Synthetic,-0.005952380952380931,0.4375339742212674,0.4434863551736483,PRE-0
Polyp,segformer,Entropy,brightness_0.07500000000000001,brightness,Synthetic,-0.016152882205513808,0.06324353265977434,0.07939641486528815,PRE
Polyp,segformer,Entropy,brightness_0.07500000000000001,brightness,Synthetic,-0.016152882205513808,0.19400328947368417,0.21015617167919798,PRE-0
Polyp,segformer,Entropy,brightness_0.07500000000000001,brightness,Synthetic,-0.016152882205513808,0.0669061804672344,0.08305906267274821,PRE
Polyp,segformer,Entropy,brightness_0.07500000000000001,brightness,Synthetic,-0.016152882205513808,0.1932250075187969,0.2093778897243107,PRE-0
Polyp,segformer,Entropy,brightness_0.1,brightness,Synthetic,-0.011641604010025008,0.0937401821145124,0.10538178612453741,PRE
Polyp,segformer,Entropy,brightness_0.1,brightness,Synthetic,-0.011641604010025008,0.2875535714285714,0.2991951754385964,PRE-0
Polyp,segformer,Entropy,brightness_0.1,brightness,Synthetic,-0.011641604010025008,0.09965120425741592,0.11129280826744092,PRE
Polyp,segformer,Entropy,brightness_0.1,brightness,Synthetic,-0.011641604010025008,0.28688220408163256,0.29852380809165757,PRE-0
Polyp,segformer,Entropy,brightness_0.125,brightness,Synthetic,-0.02144110275689226,0.11498328335720243,0.1364243861140947,PRE
Polyp,segformer,Entropy,brightness_0.125,brightness,Synthetic,-0.02144110275689226,0.35271804511278193,0.3741591478696742,PRE-0
Polyp,segformer,Entropy,brightness_0.125,brightness,Synthetic,-0.02144110275689226,0.12246045930694227,0.14390156206383453,PRE
Polyp,segformer,Entropy,brightness_0.125,brightness,Synthetic,-0.02144110275689226,0.3521211514500536,0.3735622542069459,PRE-0
Polyp,segformer,Entropy,brightness_0.15000000000000002,brightness,Synthetic,-0.03612781954887223,0.05173975069742809,0.08786757024630032,PRE
Polyp,segformer,Entropy,brightness_0.15000000000000002,brightness,Synthetic,-0.03612781954887223,0.15871475563909765,0.19484257518796988,PRE-0
Polyp,segformer,Entropy,brightness_0.15000000000000002,brightness,Synthetic,-0.03612781954887223,0.05455427883970776,0.09068209838857999,PRE
Polyp,segformer,Entropy,brightness_0.15000000000000002,brightness,Synthetic,-0.03612781954887223,0.15789614393125673,0.19402396348012896,PRE-0
Polyp,segformer,Entropy,brightness_0.17500000000000002,brightness,Synthetic,-0.02154135338345875,0.23861500747777176,0.2601563608612305,PRE
Polyp,segformer,Entropy,brightness_0.17500000000000002,brightness,Synthetic,-0.02154135338345875,0.7319656954887217,0.7535070488721805,PRE-0
Polyp,segformer,Entropy,brightness_0.17500000000000002,brightness,Synthetic,-0.02154135338345875,0.2552069681835175,0.27674832156697626,PRE
Polyp,segformer,Entropy,brightness_0.17500000000000002,brightness,Synthetic,-0.02154135338345875,0.7318022277121373,0.7533435810955961,PRE-0
Polyp,segformer,Entropy,brightness_0.2,brightness,Synthetic,-0.05329573934837084,0.20013660779553044,0.2534323471439013,PRE
Polyp,segformer,Entropy,brightness_0.2,brightness,Synthetic,-0.05329573934837084,0.6139309210526314,0.6672266604010022,PRE-0
Polyp,segformer,Entropy,brightness_0.2,brightness,Synthetic,-0.05329573934837084,0.2138917373128899,0.26718747666126075,PRE
Polyp,segformer,Entropy,brightness_0.2,brightness,Synthetic,-0.05329573934837084,0.6136325563909772,0.6669282957393481,PRE-0
Polyp,segformer,Entropy,brightness_0.225,brightness,Synthetic,-0.02304511278195487,0.1027428022250566,0.12578791500701147,PRE
Polyp,segformer,Entropy,brightness_0.225,brightness,Synthetic,-0.02304511278195487,0.3151696428571428,0.33821475563909764,PRE-0
Polyp,segformer,Entropy,brightness_0.225,brightness,Synthetic,-0.02304511278195487,0.10931754514942948,0.13236265793138435,PRE
Polyp,segformer,Entropy,brightness_0.225,brightness,Synthetic,-0.02304511278195487,0.3145298367346938,0.3375749495166487,PRE-0
Polyp,segformer,Entropy,brightness_0.25,brightness,Synthetic,0.0018421052631579782,0.14564614587062896,0.14380404060747098,PRE
Polyp,segformer,Entropy,brightness_0.25,brightness,Synthetic,0.0018421052631579782,0.4467781954887217,0.44493609022556374,PRE-0
Polyp,segformer,Entropy,brightness_0.25,brightness,Synthetic,0.0018421052631579782,0.15538395026182217,0.1535418449986642,PRE
Polyp,segformer,Entropy,brightness_0.25,brightness,Synthetic,0.0018421052631579782,0.4462887991407089,0.4444466938775509,PRE-0
Polyp,segformer,Entropy,brightness_0.275,brightness,Synthetic,0.022493734335839677,0.11424658418740308,0.0917528498515634,PRE
Polyp,segformer,Entropy,brightness_0.275,brightness,Synthetic,0.022493734335839677,0.3504581766917292,0.3279644423558895,PRE-0
Polyp,segformer,Entropy,brightness_0.275,brightness,Synthetic,0.022493734335839677,0.12166944677695612,0.09917571244111645,PRE
Polyp,segformer,Entropy,brightness_0.275,brightness,Synthetic,0.022493734335839677,0.3498587003222341,0.3273649659863944,PRE-0
Polyp,segformer,Entropy,brightness_0.30000000000000004,brightness,Synthetic,-0.016503759398496243,0.05375131168695535,0.07025507108545159,PRE
Polyp,segformer,Entropy,brightness_0.30000000000000004,brightness,Synthetic,-0.016503759398496243,0.1648853383458646,0.18138909774436085,PRE-0
Polyp,segformer,Entropy,brightness_0.30000000000000004,brightness,Synthetic,-0.016503759398496243,0.056714142747224305,0.07321790214572055,PRE
Polyp,segformer,Entropy,brightness_0.30000000000000004,brightness,Synthetic,-0.016503759398496243,0.1640737787325457,0.18057753813104194,PRE-0
Polyp,segformer,Entropy,brightness_0.325,brightness,Synthetic,0.009360902255639125,0.09124085856382025,0.08187995630818112,PRE
Polyp,segformer,Entropy,brightness_0.325,brightness,Synthetic,0.009360902255639125,0.2798867481203007,0.27052584586466155,PRE-0
Polyp,segformer,Entropy,brightness_0.325,brightness,Synthetic,0.009360902255639125,0.09696761735229564,0.08760671509665652,PRE
Polyp,segformer,Entropy,brightness_0.325,brightness,Synthetic,0.009360902255639125,0.2792066186895811,0.26984571643394195,PRE-0
Polyp,segformer,Entropy,brightness_0.35000000000000003,brightness,Synthetic,0.015601503759398505,0.09156439955916573,0.07596289579976723,PRE
Polyp,segformer,Entropy,brightness_0.35000000000000003,brightness,Synthetic,0.015601503759398505,0.2808792293233082,0.2652777255639097,PRE-0
Polyp,segformer,Entropy,brightness_0.35000000000000003,brightness,Synthetic,0.015601503759398505,0.09731501150145994,0.08171350774206143,PRE
Polyp,segformer,Entropy,brightness_0.35000000000000003,brightness,Synthetic,0.015601503759398505,0.2802002341568206,0.2645987303974221,PRE-0
Polyp,segformer,Entropy,brightness_0.375,brightness,Synthetic,-0.0323684210526316,0.06772638310806778,0.10009480416069938,PRE
Polyp,segformer,Entropy,brightness_0.375,brightness,Synthetic,-0.0323684210526316,0.2077546992481203,0.2401231203007519,PRE-0
Polyp,segformer,Entropy,brightness_0.375,brightness,Synthetic,-0.0323684210526316,0.07171953036637835,0.10408795141900995,PRE
Polyp,segformer,Entropy,brightness_0.375,brightness,Synthetic,-0.0323684210526316,0.206992133190118,0.2393605542427496,PRE-0
Polyp,segformer,Entropy,brightness_0.4,brightness,Synthetic,-0.004598997493734269,0.11409952009860969,0.11869851759234396,PRE
Polyp,segformer,Entropy,brightness_0.4,brightness,Synthetic,-0.004598997493734269,0.35000704887218037,0.35460604636591464,PRE-0
Polyp,segformer,Entropy,brightness_0.4,brightness,Synthetic,-0.004598997493734269,0.12151154034551792,0.1261105378392522,PRE
Polyp,segformer,Entropy,brightness_0.4,brightness,Synthetic,-0.004598997493734269,0.3494070569280343,0.3540060544217686,PRE-0
Polyp,segformer,Entropy,brightness_0.42500000000000004,brightness,Synthetic,0.00567669172932328,0.16032850364378193,0.15465181191445865,PRE
Polyp,segformer,Entropy,brightness_0.42500000000000004,brightness,Synthetic,0.00567669172932328,0.4918171992481202,0.4861405075187969,PRE-0
Polyp,segformer,Entropy,brightness_0.42500000000000004,brightness,Synthetic,0.00567669172932328,0.17114876912467447,0.1654720773953512,PRE
Polyp,segformer,Entropy,brightness_0.42500000000000004,brightness,Synthetic,0.00567669172932328,0.491379276047261,0.4857025843179377,PRE-0
Polyp,segformer,Entropy,brightness_0.45,brightness,Synthetic,-0.029010025062656597,0.10639642568101793,0.13540645074367452,PRE
Polyp,segformer,Entropy,brightness_0.45,brightness,Synthetic,-0.029010025062656597,0.32637734962406006,0.35538737468671666,PRE-0
Polyp,segformer,Entropy,brightness_0.45,brightness,Synthetic,-0.029010025062656597,0.1132405330554741,0.1422505581181307,PRE
Polyp,segformer,Entropy,brightness_0.45,brightness,Synthetic,-0.029010025062656597,0.3257503523093448,0.3547603773720014,PRE-0
Polyp,segformer,Entropy,brightness_0.47500000000000003,brightness,Synthetic,-0.006553884711779423,0.18472122745479758,0.191275112166577,PRE
Polyp,segformer,Entropy,brightness_0.47500000000000003,brightness,Synthetic,-0.006553884711779423,0.566643327067669,0.5731972117794484,PRE-0
Polyp,segformer,Entropy,brightness_0.47500000000000003,brightness,Synthetic,-0.006553884711779423,0.19733985358083728,0.2038937382926167,PRE
Polyp,segformer,Entropy,brightness_0.47500000000000003,brightness,Synthetic,-0.006553884711779423,0.5662909194414607,0.5728448041532401,PRE-0
Polyp,segformer,Entropy,brightness_0.5,brightness,Synthetic,0.015551378446115205,0.1380489069586167,0.12249752851250151,PRE
Polyp,segformer,Entropy,brightness_0.5,brightness,Synthetic,0.015551378446115205,0.4234732142857142,0.407921835839599,PRE-0
Polyp,segformer,Entropy,brightness_0.5,brightness,Synthetic,0.015551378446115205,0.14722660270524057,0.13167522425912537,PRE
Polyp,segformer,Entropy,brightness_0.5,brightness,Synthetic,0.015551378446115205,0.4229571836734693,0.4074058052273541,PRE-0
Polyp,segformer,Entropy,EtisLaribDB,Organic,Organic,0.50765664160401,0.275288001427179,0.23236864017683106,PRE
Polyp,segformer,Entropy,EtisLaribDB,Organic,Organic,0.50765664160401,0.8444622807017544,0.3368056390977443,PRE-0
Polyp,segformer,Entropy,EtisLaribDB,Organic,Organic,0.50765664160401,0.29458368925947664,0.21307295234453344,PRE
Polyp,segformer,Entropy,EtisLaribDB,Organic,Organic,0.50765664160401,0.8444273804511278,0.3367707388471177,PRE-0
Polyp,segformer,Entropy,CVC-ClinicDB,Organic,Organic,0.12860902255639095,0.23181452911793377,0.10320550656154281,PRE
Polyp,segformer,Entropy,CVC-ClinicDB,Organic,Organic,0.12860902255639095,0.7111048245614036,0.5824958020050126,PRE-0
Polyp,segformer,Entropy,CVC-ClinicDB,Organic,Organic,0.12860902255639095,0.24790512258215047,0.11929610002575952,PRE
Polyp,segformer,Entropy,CVC-ClinicDB,Organic,Organic,0.12860902255639095,0.7109175157894737,0.5823084932330828,PRE-0
Polyp,segformer,Entropy,EndoCV2020,Organic,Organic,0.07068922305764402,0.13083403467746746,0.060144811619823435,PRE
Polyp,segformer,Entropy,EndoCV2020,Organic,Organic,0.07068922305764402,0.4013411654135337,0.3306519423558897,PRE-0
Polyp,segformer,Entropy,EndoCV2020,Organic,Organic,0.07068922305764402,0.1394798118703986,0.06879058881275457,PRE
Polyp,segformer,Entropy,EndoCV2020,Organic,Organic,0.07068922305764402,0.4007998410311493,0.33011061797350527,PRE-0
Polyp,segformer,Entropy,contrast_0.025,contrast,Synthetic,-0.03209273182957395,0.17186588063450037,0.20395861246407432,PRE
Polyp,segformer,Entropy,contrast_0.025,contrast,Synthetic,-0.03209273182957395,0.473335540108132,0.5054282719377059,PRE-0
Polyp,segformer,Entropy,contrast_0.025,contrast,Synthetic,-0.03209273182957395,0.16877904996838855,0.2008717817979625,PRE
Polyp,segformer,Entropy,contrast_0.025,contrast,Synthetic,-0.03209273182957395,0.4728764950111128,0.5049692268406867,PRE-0
Polyp,segformer,Entropy,contrast_0.05,contrast,Synthetic,-0.001315789473684159,0.10458280659720587,0.10589859607089003,PRE
Polyp,segformer,Entropy,contrast_0.05,contrast,Synthetic,-0.001315789473684159,0.2880313362021406,0.28934712567582477,PRE-0
Polyp,segformer,Entropy,contrast_0.05,contrast,Synthetic,-0.001315789473684159,0.10231294077422015,0.10362873024790431,PRE
Polyp,segformer,Entropy,contrast_0.05,contrast,Synthetic,-0.001315789473684159,0.2873605148720859,0.2886763043457701,PRE-0
Polyp,segformer,Entropy,contrast_0.07500000000000001,contrast,Synthetic,-0.01685463659147879,0.12677107863999626,0.14362571523147505,PRE
Polyp,segformer,Entropy,contrast_0.07500000000000001,contrast,Synthetic,-0.01685463659147879,0.3491400198609732,0.365994656452452,PRE-0
Polyp,segformer,Entropy,contrast_0.07500000000000001,contrast,Synthetic,-0.01685463659147879,0.1242317982807688,0.1410864348722476,PRE
Polyp,segformer,Entropy,contrast_0.07500000000000001,contrast,Synthetic,-0.01685463659147879,0.34853903702652866,0.36539367361800745,PRE-0
Polyp,segformer,Entropy,contrast_0.1,contrast,Synthetic,-0.015902255639097862,0.08978015531491201,0.10568241095400988,PRE
Polyp,segformer,Entropy,contrast_0.1,contrast,Synthetic,-0.015902255639097862,0.2472633785722167,0.26316563421131456,PRE-0
Polyp,segformer,Entropy,contrast_0.1,contrast,Synthetic,-0.015902255639097862,0.08769002631066902,0.10359228194976688,PRE
Polyp,segformer,Entropy,contrast_0.1,contrast,Synthetic,-0.015902255639097862,0.24654596529058492,0.2624482209296828,PRE-0
Polyp,segformer,Entropy,contrast_0.125,contrast,Synthetic,-0.0038220551378445045,0.14361488364517172,0.14743693878301622,PRE
Polyp,segformer,Entropy,contrast_0.125,contrast,Synthetic,-0.0038220551378445045,0.3955295156129318,0.3993515707507763,PRE-0
Polyp,segformer,Entropy,contrast_0.125,contrast,Synthetic,-0.0038220551378445045,0.1408710823613195,0.14469313749916402,PRE
Polyp,segformer,Entropy,contrast_0.125,contrast,Synthetic,-0.0038220551378445045,0.3949815493450608,0.3988036044829053,PRE-0
Polyp,segformer,Entropy,contrast_0.15000000000000002,contrast,Synthetic,0.006604010025062612,0.10710888857363543,0.10050487854857282,PRE
Polyp,segformer,Entropy,contrast_0.15000000000000002,contrast,Synthetic,0.006604010025062612,0.2949884144323073,0.28838440440724467,PRE-0
Polyp,segformer,Entropy,contrast_0.15000000000000002,contrast,Synthetic,0.006604010025062612,0.10480835054675408,0.09820434052169147,PRE
Polyp,segformer,Entropy,contrast_0.15000000000000002,contrast,Synthetic,0.006604010025062612,0.2943255440488013,0.2877215340237387,PRE-0
Polyp,segformer,Entropy,contrast_0.17500000000000002,contrast,Synthetic,-0.0032205513784460127,0.07502766349836865,0.07824821487681466,PRE
Polyp,segformer,Entropy,contrast_0.17500000000000002,contrast,Synthetic,-0.0032205513784460127,0.20663356504468722,0.20985411642313323,PRE-0
Polyp,segformer,Entropy,contrast_0.17500000000000002,contrast,Synthetic,-0.0032205513784460127,0.07311666226637836,0.07633721364482438,PRE
Polyp,segformer,Entropy,contrast_0.17500000000000002,contrast,Synthetic,-0.0032205513784460127,0.2058697176904526,0.2090902690688986,PRE-0
Polyp,segformer,Entropy,contrast_0.2,contrast,Synthetic,0.004273182957393429,0.0943550832006641,0.09008190024327067,PRE
Polyp,segformer,Entropy,contrast_0.2,contrast,Synthetic,0.004273182957393429,0.25986317996248487,0.25558999700509144,PRE-0
Polyp,segformer,Entropy,contrast_0.2,contrast,Synthetic,0.004273182957393429,0.0922094044865428,0.08793622152914937,PRE
Polyp,segformer,Entropy,contrast_0.2,contrast,Synthetic,0.004273182957393429,0.2591601664538705,0.2548869834964771,PRE-0
Polyp,segformer,Entropy,contrast_0.225,contrast,Synthetic,0.0020676691729323293,0.16037695916941208,0.15830928999647975,PRE
Polyp,segformer,Entropy,contrast_0.225,contrast,Synthetic,0.0020676691729323293,0.4416939203354298,0.4396262511624975,PRE-0
Polyp,segformer,Entropy,contrast_0.225,contrast,Synthetic,0.0020676691729323293,0.15742962933700488,0.15536196016407255,PRE
Polyp,segformer,Entropy,contrast_0.225,contrast,Synthetic,0.0020676691729323293,0.4411987133872417,0.4391310442143094,PRE-0
Polyp,segformer,Entropy,contrast_0.25,contrast,Synthetic,0.026077694235589033,0.08944859002853045,0.06337089579294142,PRE
Polyp,segformer,Entropy,contrast_0.25,contrast,Synthetic,0.026077694235589033,0.2463502151605429,0.22027252092495386,PRE-0
Polyp,segformer,Entropy,contrast_0.25,contrast,Synthetic,0.026077694235589033,0.0873624869577937,0.06128479272220466,PRE
Polyp,segformer,Entropy,contrast_0.25,contrast,Synthetic,0.026077694235589033,0.24563175826358352,0.2195540640279945,PRE-0
Polyp,segformer,Entropy,contrast_0.275,contrast,Synthetic,0.004899749373433515,0.1857840907299697,0.1808843413565362,PRE
Polyp,segformer,Entropy,contrast_0.275,contrast,Synthetic,0.004899749373433515,0.5116676597153262,0.5067679103418927,PRE-0
Polyp,segformer,Entropy,contrast_0.275,contrast,Synthetic,0.004899749373433515,0.18252826231085773,0.1776285129374242,PRE
Polyp,segformer,Entropy,contrast_0.275,contrast,Synthetic,0.004899749373433515,0.5112524227550008,0.5063526733815673,PRE-0
Polyp,segformer,Entropy,contrast_0.30000000000000004,contrast,Synthetic,0.017656641604010037,0.146425416266032,0.12876877466202197,PRE
Polyp,segformer,Entropy,contrast_0.30000000000000004,contrast,Synthetic,0.017656641604010037,0.4032699988966127,0.38561335729260265,PRE-0
Polyp,segformer,Entropy,contrast_0.30000000000000004,contrast,Synthetic,0.017656641604010037,0.14364748892039458,0.12599084731638455,PRE
Polyp,segformer,Entropy,contrast_0.30000000000000004,contrast,Synthetic,0.017656641604010037,0.4027308788953517,0.38507423729134166,PRE-0
Polyp,segformer,Entropy,contrast_0.325,contrast,Synthetic,0.05507518796992483,0.10305863190470943,0.0479834439347846,PRE
Polyp,segformer,Entropy,contrast_0.325,contrast,Synthetic,0.05507518796992483,0.2838336091801832,0.22875842121025836,PRE-0
Polyp,segformer,Entropy,contrast_0.325,contrast,Synthetic,0.05507518796992483,0.10080727292250602,0.04573208495258119,PRE
Polyp,segformer,Entropy,contrast_0.325,contrast,Synthetic,0.05507518796992483,0.28315799044781764,0.2280828024778928,PRE-0
Polyp,segformer,Entropy,contrast_0.35000000000000003,contrast,Synthetic,0.012744360902255614,0.1538636003005417,0.14111923939828608,PRE
Polyp,segformer,Entropy,contrast_0.35000000000000003,contrast,Synthetic,0.012744360902255614,0.4237554893523117,0.4110111284500561,PRE-0
Polyp,segformer,Entropy,contrast_0.35000000000000003,contrast,Synthetic,0.012744360902255614,0.15099535700338385,0.13825099610112823,PRE
Polyp,segformer,Entropy,contrast_0.35000000000000003,contrast,Synthetic,0.012744360902255614,0.4232397813401429,0.4104954204378873,PRE-0
Polyp,segformer,Entropy,contrast_0.375,contrast,Synthetic,0.028784461152882246,0.1258887207536662,0.09710425960078395,PRE
Polyp,segformer,Entropy,contrast_0.375,contrast,Synthetic,0.028784461152882246,0.3467099194527199,0.31792545829983765,PRE-0
Polyp,segformer,Entropy,contrast_0.375,contrast,Synthetic,0.028784461152882246,0.12336015416432067,0.09457569301143842,PRE
Polyp,segformer,Entropy,contrast_0.375,contrast,Synthetic,0.028784461152882246,0.3461061593606659,0.31732169820778366,PRE-0
Polyp,segformer,Entropy,contrast_0.4,contrast,Synthetic,0.05114035087719304,0.09344932824724284,0.042308977370049794,PRE
Polyp,segformer,Entropy,contrast_0.4,contrast,Synthetic,0.05114035087719304,0.2573686417301114,0.20622829085291838,PRE-0
Polyp,segformer,Entropy,contrast_0.4,contrast,Synthetic,0.05114035087719304,0.0913146473949763,0.04017429651778326,PRE
Polyp,segformer,Entropy,contrast_0.4,contrast,Synthetic,0.05114035087719304,0.2566627773206601,0.20552242644346708,PRE-0
Polyp,segformer,Entropy,contrast_0.42500000000000004,contrast,Synthetic,0.043621553884711894,0.15662974259548246,0.11300818871077056,PRE
Polyp,segformer,Entropy,contrast_0.42500000000000004,contrast,Synthetic,0.043621553884711894,0.4313737173121484,0.3877521634274365,PRE-0
Polyp,segformer,Entropy,contrast_0.42500000000000004,contrast,Synthetic,0.043621553884711894,0.15372791223295368,0.11010635834824178,PRE
Polyp,segformer,Entropy,contrast_0.42500000000000004,contrast,Synthetic,0.043621553884711894,0.4308667158462194,0.3872451619615075,PRE-0
Polyp,segformer,Entropy,contrast_0.45,contrast,Synthetic,0.04840852130325812,0.08464433883450773,0.0362358175312496,PRE
Polyp,segformer,Entropy,contrast_0.45,contrast,Synthetic,0.04840852130325812,0.2331188348229064,0.18471031351964828,PRE-0
Polyp,segformer,Entropy,contrast_0.45,contrast,Synthetic,0.04840852130325812,0.08261656996415079,0.034208048660892665,PRE
Polyp,segformer,Entropy,contrast_0.45,contrast,Synthetic,0.04840852130325812,0.2323852563484181,0.18397673504516,PRE-0
Polyp,segformer,Entropy,contrast_0.47500000000000003,contrast,Synthetic,0.024598997493734287,0.20146493329760462,0.17686593580387033,PRE
Polyp,segformer,Entropy,contrast_0.47500000000000003,contrast,Synthetic,0.024598997493734287,0.5548542425245505,0.5302552450308162,PRE-0
Polyp,segformer,Entropy,contrast_0.47500000000000003,contrast,Synthetic,0.024598997493734287,0.19801870488158924,0.17341970738785495,PRE
Polyp,segformer,Entropy,contrast_0.47500000000000003,contrast,Synthetic,0.024598997493734287,0.5544883616588643,0.5298893641651299,PRE-0
Polyp,segformer,Entropy,contrast_0.5,contrast,Synthetic,0.05269423558897235,0.16612302244079802,0.11342878685182567,PRE
Polyp,segformer,Entropy,contrast_0.5,contrast,Synthetic,0.05269423558897235,0.4575191437713782,0.40482490818240585,PRE-0
Polyp,segformer,Entropy,contrast_0.5,contrast,Synthetic,0.05269423558897235,0.16310592273318425,0.1104116871442119,PRE
Polyp,segformer,Entropy,contrast_0.5,contrast,Synthetic,0.05269423558897235,0.4570420227928312,0.40434778720385883,PRE-0
Polyp,segformer,Entropy,EtisLaribDB,Organic,Organic,0.5089348370927319,0.3067222339703425,0.20221260312238942,PRE
Polyp,segformer,Entropy,EtisLaribDB,Organic,Organic,0.5089348370927319,0.844743201754386,0.3358083646616541,PRE-0
Polyp,segformer,Entropy,EtisLaribDB,Organic,Organic,0.5089348370927319,0.30199794988635464,0.20693688720637726,PRE
Polyp,segformer,Entropy,EtisLaribDB,Organic,Organic,0.5089348370927319,0.844708622556391,0.3357737854636591,PRE-0
Polyp,segformer,Entropy,CVC-ClinicDB,Organic,Organic,0.12863408521303255,0.25816979166666665,0.1295357064536341,PRE
Polyp,segformer,Entropy,CVC-ClinicDB,Organic,Organic,0.12863408521303255,0.7110250000000001,0.5823909147869676,PRE-0
Polyp,segformer,Entropy,CVC-ClinicDB,Organic,Organic,0.12863408521303255,0.2540350412652217,0.12540095605218915,PRE
Polyp,segformer,Entropy,CVC-ClinicDB,Organic,Organic,0.12863408521303255,0.7108376000000001,0.5822035147869675,PRE-0
Polyp,segformer,Entropy,EndoCV2020,Organic,Organic,0.07274436090225556,0.1358358395989976,0.06309147869674203,PRE
Polyp,segformer,Entropy,EndoCV2020,Organic,Organic,0.07274436090225556,0.37410526315789483,0.3013609022556393,PRE-0
Polyp,segformer,Entropy,EndoCV2020,Organic,Organic,0.07274436090225556,0.13318649305862718,0.06044213215637162,PRE
Polyp,segformer,Entropy,EndoCV2020,Organic,Organic,0.07274436090225556,0.37353281203007527,0.3007884511278197,PRE-0
Polyp,segformer,Entropy,fog_0.025,fog,Synthetic,-0.02256892230576435,0.11099148283208016,0.1335604051378445,PRE
Polyp,segformer,Entropy,fog_0.025,fog,Synthetic,-0.02256892230576435,0.3413733157894736,0.36394223809523796,PRE-0
Polyp,segformer,Entropy,fog_0.025,fog,Synthetic,-0.02256892230576435,0.11528755009832792,0.13785647240409227,PRE
Polyp,segformer,Entropy,fog_0.025,fog,Synthetic,-0.02256892230576435,0.3407634567218045,0.3633323790275689,PRE-0
Polyp,segformer,Entropy,fog_0.05,fog,Synthetic,0.011240601503759384,0.15526335864661645,0.14402275714285706,PRE
Polyp,segformer,Entropy,fog_0.05,fog,Synthetic,0.011240601503759384,0.4775390526315789,0.46629845112781954,PRE-0
Polyp,segformer,Entropy,fog_0.05,fog,Synthetic,0.011240601503759384,0.16167190181042013,0.15043130030666074,PRE
Polyp,segformer,Entropy,fog_0.05,fog,Synthetic,0.011240601503759384,0.4770848115488721,0.4658442100451127,PRE-0
Polyp,segformer,Entropy,fog_0.07500000000000001,fog,Synthetic,-0.025175438596491295,0.16502990438596488,0.19020534298245617,PRE
Polyp,segformer,Entropy,fog_0.07500000000000001,fog,Synthetic,-0.025175438596491295,0.5075777368421053,0.5327531754385966,PRE-0
Polyp,segformer,Entropy,fog_0.07500000000000001,fog,Synthetic,-0.025175438596491295,0.17190446784136804,0.19707990643785933,PRE
Polyp,segformer,Entropy,fog_0.07500000000000001,fog,Synthetic,-0.025175438596491295,0.5071578256842104,0.5323332642807017,PRE-0
Polyp,segformer,Entropy,fog_0.1,fog,Synthetic,0.009110275689223069,0.060343900000000006,0.05123362431077694,PRE
Polyp,segformer,Entropy,fog_0.1,fog,Synthetic,0.009110275689223069,0.18559799999999993,0.17648772431077686,PRE-0
Polyp,segformer,Entropy,fog_0.1,fog,Synthetic,0.009110275689223069,0.06222326826640312,0.05311299257718005,PRE
Polyp,segformer,Entropy,fog_0.1,fog,Synthetic,0.009110275689223069,0.18481011199999997,0.1756998363107769,PRE-0
Polyp,segformer,Entropy,fog_0.125,fog,Synthetic,-0.008984962406014985,0.0894710459899749,0.09845600839598989,PRE
Polyp,segformer,Entropy,fog_0.125,fog,Synthetic,-0.008984962406014985,0.27518352631578935,0.28416848872180434,PRE-0
Polyp,segformer,Entropy,fog_0.125,fog,Synthetic,-0.008984962406014985,0.09274024454335705,0.10172520694937204,PRE
Polyp,segformer,Entropy,fog_0.125,fog,Synthetic,-0.008984962406014985,0.27449802177443605,0.28348298418045104,PRE-0
Polyp,segformer,Entropy,fog_0.15000000000000002,fog,Synthetic,-0.02675438596491242,0.2060218286967419,0.23277621466165432,PRE
Polyp,segformer,Entropy,fog_0.15000000000000002,fog,Synthetic,-0.02675438596491242,0.6336554210526315,0.6604098070175439,PRE-0
Polyp,segformer,Entropy,fog_0.15000000000000002,fog,Synthetic,-0.02675438596491242,0.21485236195255975,0.24160674791747216,PRE
Polyp,segformer,Entropy,fog_0.15000000000000002,fog,Synthetic,-0.02675438596491242,0.6333795986766917,0.6601339846416041,PRE-0
Polyp,segformer,Entropy,fog_0.17500000000000002,fog,Synthetic,-0.00858395989974936,0.11099148283208016,0.11957544273182952,PRE
Polyp,segformer,Entropy,fog_0.17500000000000002,fog,Synthetic,-0.00858395989974936,0.3413733157894736,0.34995727568922297,PRE-0
Polyp,segformer,Entropy,fog_0.17500000000000002,fog,Synthetic,-0.00858395989974936,0.11528755009832792,0.12387150999807728,PRE
Polyp,segformer,Entropy,fog_0.17500000000000002,fog,Synthetic,-0.00858395989974936,0.3407634567218045,0.3493474166215539,PRE-0
Polyp,segformer,Entropy,fog_0.2,fog,Synthetic,-0.02580200501253138,0.0783359671679198,0.10413797218045118,PRE
Polyp,segformer,Entropy,fog_0.2,fog,Synthetic,-0.02580200501253138,0.24093568421052625,0.26673768922305763,PRE-0
Polyp,segformer,Entropy,fog_0.2,fog,Synthetic,-0.02580200501253138,0.08107384453383937,0.10687584954637075,PRE
Polyp,segformer,Entropy,fog_0.2,fog,Synthetic,-0.02580200501253138,0.24021103927819543,0.2660130442907268,PRE-0
Polyp,segformer,Entropy,fog_0.225,fog,Synthetic,-0.010639097744360893,0.09789631842105262,0.10853541616541351,PRE
Polyp,segformer,Entropy,fog_0.225,fog,Synthetic,-0.010639097744360893,0.3010968947368421,0.311735992481203,PRE-0
Polyp,segformer,Entropy,fog_0.225,fog,Synthetic,-0.010639097744360893,0.1015675370969964,0.11220663484135729,PRE
Polyp,segformer,Entropy,fog_0.225,fog,Synthetic,-0.010639097744360893,0.30044100547368413,0.311080103218045,PRE-0
Polyp,segformer,Entropy,fog_0.25,fog,Synthetic,-0.0024185463659147644,0.23842622531096258,0.24084477167687735,PRE
Polyp,segformer,Entropy,fog_0.25,fog,Synthetic,-0.0024185463659147644,0.7333206929824561,0.7357392393483708,PRE-0
Polyp,segformer,Entropy,fog_0.25,fog,Synthetic,-0.0024185463659147644,0.24880296607579022,0.251221512441705,PRE
Polyp,segformer,Entropy,fog_0.25,fog,Synthetic,-0.0024185463659147644,0.7331587737744361,0.7355773201403508,PRE-0
Polyp,segformer,Entropy,fog_0.275,fog,Synthetic,-0.006303258145363366,0.08744874035087713,0.0937519984962405,PRE
Polyp,segformer,Entropy,fog_0.275,fog,Synthetic,-0.006303258145363366,0.26896357894736833,0.2752668370927317,PRE-0
Polyp,segformer,Entropy,fog_0.275,fog,Synthetic,-0.006303258145363366,0.0906214426108114,0.09692470075617476,PRE
Polyp,segformer,Entropy,fog_0.275,fog,Synthetic,-0.006303258145363366,0.26827096589473687,0.27457422404010023,PRE-0
Polyp,segformer,Entropy,fog_0.30000000000000004,fog,Synthetic,0.0014160401002506484,0.10361871491228059,0.10220267481202994,PRE
Polyp,segformer,Entropy,fog_0.30000000000000004,fog,Synthetic,0.0014160401002506484,0.31869710526315786,0.3172810651629072,PRE-0
Polyp,segformer,Entropy,fog_0.30000000000000004,fog,Synthetic,0.0014160401002506484,0.10756298333914571,0.10614694323889506,PRE
Polyp,segformer,Entropy,fog_0.30000000000000004,fog,Synthetic,0.0014160401002506484,0.3180613305263157,0.31664529042606504,PRE-0
Polyp,segformer,Entropy,fog_0.325,fog,Synthetic,0.011992481203007554,0.10605453746867155,0.094062056265664,PRE
Polyp,segformer,Entropy,fog_0.325,fog,Synthetic,0.011992481203007554,0.3261888947368421,0.31419641353383454,PRE-0
Polyp,segformer,Entropy,fog_0.325,fog,Synthetic,0.011992481203007554,0.11011503355353469,0.09812255235052714,PRE
Polyp,segformer,Entropy,fog_0.325,fog,Synthetic,0.011992481203007554,0.3255616820451127,0.31356920084210516,PRE-0
Polyp,segformer,Entropy,fog_0.35000000000000003,fog,Synthetic,0.021842105263157885,0.13867432280701752,0.11683221754385964,PRE
Polyp,segformer,Entropy,fog_0.35000000000000003,fog,Synthetic,0.021842105263157885,0.4265166315789473,0.40467452631578943,PRE-0
Polyp,segformer,Entropy,fog_0.35000000000000003,fog,Synthetic,0.021842105263157885,0.14429130388473177,0.12244919862157388,PRE
Polyp,segformer,Entropy,fog_0.35000000000000003,fog,Synthetic,0.021842105263157885,0.4260040791578947,0.4041619738947368,PRE-0
Polyp,segformer,Entropy,fog_0.375,fog,Synthetic,-0.02815789473684216,0.16682858746867169,0.19498648220551384,PRE
Polyp,segformer,Entropy,fog_0.375,fog,Synthetic,-0.02815789473684216,0.5131098947368421,0.5412677894736843,PRE-0
Polyp,segformer,Entropy,fog_0.375,fog,Synthetic,-0.02815789473684216,0.1737889768483133,0.20194687158515545,PRE
Polyp,segformer,Entropy,fog_0.375,fog,Synthetic,-0.02815789473684216,0.5126963060451126,0.5408542007819548,PRE-0
Polyp,segformer,Entropy,fog_0.4,fog,Synthetic,-0.0026942355889724157,0.20401292192982456,0.20670715751879698,PRE
Polyp,segformer,Entropy,fog_0.4,fog,Synthetic,-0.0026942355889724157,0.6274766842105263,0.6301709197994987,PRE-0
Polyp,segformer,Entropy,fog_0.4,fog,Synthetic,-0.0026942355889724157,0.21274759823249845,0.21544183382147086,PRE
Polyp,segformer,Entropy,fog_0.4,fog,Synthetic,-0.0026942355889724157,0.6271938004210527,0.629888036010025,PRE-0
Polyp,segformer,Entropy,fog_0.42500000000000004,fog,Synthetic,-0.021641604010025017,0.13799575463659142,0.15963735864661643,PRE
Polyp,segformer,Entropy,fog_0.42500000000000004,fog,Synthetic,-0.021641604010025017,0.4244295789473683,0.44607118295739334,PRE-0
Polyp,segformer,Entropy,fog_0.42500000000000004,fog,Synthetic,-0.021641604010025017,0.14358035716972173,0.16522196117974675,PRE
Polyp,segformer,Entropy,fog_0.42500000000000004,fog,Synthetic,-0.021641604010025017,0.4239146413233082,0.4455562453333332,PRE-0
Polyp,segformer,Entropy,fog_0.45,fog,Synthetic,0.01890977443609032,0.20962843546365906,0.19071866102756874,PRE
Polyp,segformer,Entropy,fog_0.45,fog,Synthetic,0.01890977443609032,0.6447481578947368,0.6258383834586465,PRE-0
Polyp,segformer,Entropy,fog_0.45,fog,Synthetic,0.01890977443609032,0.21863106149230171,0.1997212870562114,PRE
Polyp,segformer,Entropy,fog_0.45,fog,Synthetic,0.01890977443609032,0.6444850129323307,0.6255752384962405,PRE-0
Polyp,segformer,Entropy,fog_0.47500000000000003,fog,Synthetic,0.0008395989974936402,0.11559746065162901,0.11475786165413537,PRE
Polyp,segformer,Entropy,fog_0.47500000000000003,fog,Synthetic,0.0008395989974936402,0.35553978947368414,0.3547001904761905,PRE-0
Polyp,segformer,Entropy,fog_0.47500000000000003,fog,Synthetic,0.0008395989974936402,0.12011330665888242,0.11927370766138878,PRE
Polyp,segformer,Entropy,fog_0.47500000000000003,fog,Synthetic,0.0008395989974936402,0.3549461206616541,0.35410652166416046,PRE-0
Polyp,segformer,Entropy,fog_0.5,fog,Synthetic,-0.011666666666666603,0.16100315827067668,0.17266982493734329,PRE
Polyp,segformer,Entropy,fog_0.5,fog,Synthetic,-0.011666666666666603,0.4951927894736842,0.5068594561403508,PRE-0
Polyp,segformer,Entropy,fog_0.5,fog,Synthetic,-0.011666666666666603,0.16768558159292268,0.1793522482595893,PRE
Polyp,segformer,Entropy,fog_0.5,fog,Synthetic,-0.011666666666666603,0.4947587240902256,0.5064253907568922,PRE-0
Polyp,segformer,Entropy,EtisLaribDB,Organic,Organic,0.50765664160401,0.2745619425879514,0.23309469901605867,PRE
Polyp,segformer,Entropy,EtisLaribDB,Organic,Organic,0.50765664160401,0.8444622807017544,0.3368056390977443,PRE-0
Polyp,segformer,Entropy,EtisLaribDB,Organic,Organic,0.50765664160401,0.2866629344802514,0.2209937071237587,PRE
Polyp,segformer,Entropy,EtisLaribDB,Organic,Organic,0.50765664160401,0.8444273804511278,0.3367707388471177,PRE-0
Polyp,segformer,Entropy,CVC-ClinicDB,Organic,Organic,0.12860902255639095,0.23120312946718657,0.10259410691079562,PRE
Polyp,segformer,Entropy,CVC-ClinicDB,Organic,Organic,0.12860902255639095,0.7111048245614036,0.5824958020050126,PRE-0
Polyp,segformer,Entropy,CVC-ClinicDB,Organic,Organic,0.12860902255639095,0.2412352131422708,0.11262619058587986,PRE
Polyp,segformer,Entropy,CVC-ClinicDB,Organic,Organic,0.12860902255639095,0.7109175157894737,0.5823084932330828,PRE-0
Polyp,segformer,Entropy,EndoCV2020,Organic,Organic,0.07068922305764402,0.13153287794486213,0.0608436548872181,PRE
Polyp,segformer,Entropy,EndoCV2020,Organic,Organic,0.07068922305764402,0.404551894736842,0.333862671679198,PRE-0
Polyp,segformer,Entropy,EndoCV2020,Organic,Organic,0.07068922305764402,0.13680909798935903,0.066119874931715,PRE
Polyp,segformer,Entropy,EndoCV2020,Organic,Organic,0.07068922305764402,0.4040142397593985,0.33332501670175446,PRE-0
Polyp,segformer,Entropy,hue_0.025,hue,Synthetic,0.02134085213032577,0.15521110136167793,0.13387024923135216,PRE
Polyp,segformer,Entropy,hue_0.025,hue,Synthetic,0.02134085213032577,0.4956265792161711,0.4742857270858453,PRE-0
Polyp,segformer,Entropy,hue_0.025,hue,Synthetic,0.02134085213032577,0.16283046264339918,0.1414896105130734,PRE
Polyp,segformer,Entropy,hue_0.025,hue,Synthetic,0.02134085213032577,0.4951930095924182,0.4738521574620924,PRE-0
Polyp,segformer,Entropy,hue_0.05,hue,Synthetic,-0.0034210526315789913,0.17540953027359008,0.17883058290516907,PRE
Polyp,segformer,Entropy,hue_0.05,hue,Synthetic,-0.0034210526315789913,0.5601250470404816,0.5635460996720606,PRE-0
Polyp,segformer,Entropy,hue_0.05,hue,Synthetic,-0.0034210526315789913,0.1841505739258863,0.1875716265574653,PRE
Polyp,segformer,Entropy,hue_0.05,hue,Synthetic,-0.0034210526315789913,0.559765189951385,0.563186242582964,PRE-0
Polyp,segformer,Entropy,hue_0.07500000000000001,hue,Synthetic,0.012218045112781906,0.10740483966555814,0.09518679455277623,PRE
Polyp,segformer,Entropy,hue_0.07500000000000001,hue,Synthetic,0.012218045112781906,0.3429696252889629,0.330751580176181,PRE-0
Polyp,segformer,Entropy,hue_0.07500000000000001,hue,Synthetic,0.012218045112781906,0.11236936867386382,0.10015132356108192,PRE
Polyp,segformer,Entropy,hue_0.07500000000000001,hue,Synthetic,0.012218045112781906,0.3423615905750075,0.3301435454622256,PRE-0
Polyp,segformer,Entropy,hue_0.1,hue,Synthetic,0.05249373433583959,0.11816362743554498,0.06566989309970539,PRE
Polyp,segformer,Entropy,hue_0.1,hue,Synthetic,0.05249373433583959,0.3773250362883715,0.3248313019525319,PRE-0
Polyp,segformer,Entropy,hue_0.1,hue,Synthetic,0.05249373433583959,0.12372562581253177,0.07123189147669218,PRE
Polyp,segformer,Entropy,hue_0.1,hue,Synthetic,0.05249373433583959,0.3767562649012726,0.324262530565433,PRE-0
Polyp,segformer,Entropy,hue_0.125,hue,Synthetic,0.026478696741854657,0.18898040651936265,0.162501709777508,PRE
Polyp,segformer,Entropy,hue_0.125,hue,Synthetic,0.026478696741854657,0.6034601365517982,0.5769814398099435,PRE-0
Polyp,segformer,Entropy,hue_0.125,hue,Synthetic,0.026478696741854657,0.19847508366981492,0.17199638692796027,PRE
Polyp,segformer,Entropy,hue_0.125,hue,Synthetic,0.026478696741854657,0.6031498052792859,0.5766711085374312,PRE-0
Polyp,segformer,Entropy,hue_0.15000000000000002,hue,Synthetic,0.053320802005012435,0.13787339934360932,0.08455259733859688,PRE
Polyp,segformer,Entropy,hue_0.15000000000000002,hue,Synthetic,0.053320802005012435,0.4402631041341863,0.38694230212917385,PRE-0
Polyp,segformer,Entropy,hue_0.15000000000000002,hue,Synthetic,0.053320802005012435,0.14452994342876713,0.09120914142375469,PRE
Polyp,segformer,Entropy,hue_0.15000000000000002,hue,Synthetic,0.053320802005012435,0.4397662619674825,0.38644545996247004,PRE-0
Polyp,segformer,Entropy,hue_0.17500000000000002,hue,Synthetic,0.06605263157894736,0.09271815871394529,0.026665527134997924,PRE
Polyp,segformer,Entropy,hue_0.17500000000000002,hue,Synthetic,0.06605263157894736,0.29607150153217565,0.2300188699532283,PRE-0
Polyp,segformer,Entropy,hue_0.17500000000000002,hue,Synthetic,0.06605263157894736,0.096867090074655,0.03081445849570763,PRE
Polyp,segformer,Entropy,hue_0.17500000000000002,hue,Synthetic,0.06605263157894736,0.2954098689624981,0.22935723738355074,PRE-0
Polyp,segformer,Entropy,hue_0.2,hue,Synthetic,0.07725563909774436,0.045867543443644965,0.03138809565409939,PRE
Polyp,segformer,Entropy,hue_0.2,hue,Synthetic,0.07725563909774436,0.14646615773345517,0.06921051863571082,PRE-0
Polyp,segformer,Entropy,hue_0.2,hue,Synthetic,0.07725563909774436,0.047414712586685503,0.029840926511058852,PRE
Polyp,segformer,Entropy,hue_0.2,hue,Synthetic,0.07725563909774436,0.14563354762800773,0.06837790853026338,PRE-0
Polyp,segformer,Entropy,hue_0.225,hue,Synthetic,0.05001253132832073,0.23430449280496923,0.1842919614766485,PRE
Polyp,segformer,Entropy,hue_0.225,hue,Synthetic,0.05001253132832073,0.7481909041628585,0.6981783728345378,PRE-0
Polyp,segformer,Entropy,hue_0.225,hue,Synthetic,0.05001253132832073,0.24631615921090777,0.19630362788258704,PRE
Polyp,segformer,Entropy,hue_0.225,hue,Synthetic,0.05001253132832073,0.7480459794819018,0.698033448153581,PRE-0
Polyp,segformer,Entropy,hue_0.25,hue,Synthetic,0.06941102756892226,0.12475860296809427,0.05534757539917201,PRE
Polyp,segformer,Entropy,hue_0.25,hue,Synthetic,0.06941102756892226,0.3983843879361324,0.32897336036721014,PRE-0
Polyp,segformer,Entropy,hue_0.25,hue,Synthetic,0.06941102756892226,0.13068684110667328,0.06127581353775102,PRE
Polyp,segformer,Entropy,hue_0.25,hue,Synthetic,0.06941102756892226,0.397839684379488,0.32842865681056577,PRE-0
Polyp,segformer,Entropy,hue_0.275,hue,Synthetic,0.0887593984962407,0.1872892744821707,0.09852987598593,PRE
Polyp,segformer,Entropy,hue_0.275,hue,Synthetic,0.0887593984962407,0.5980599430138163,0.5093005445175756,PRE-0
Polyp,segformer,Entropy,hue_0.275,hue,Synthetic,0.0887593984962407,0.19669003774453264,0.10793063924829194,PRE
Polyp,segformer,Entropy,hue_0.275,hue,Synthetic,0.0887593984962407,0.5977434400915465,0.5089840415953057,PRE-0
Polyp,segformer,Entropy,hue_0.30000000000000004,hue,Synthetic,0.10384711779448619,0.19822367573043942,0.09437655793595323,PRE
Polyp,segformer,Entropy,hue_0.30000000000000004,hue,Synthetic,0.10384711779448619,0.6329761303155743,0.5291290125210881,PRE-0
Polyp,segformer,Entropy,hue_0.30000000000000004,hue,Synthetic,0.10384711779448619,0.20823166073101018,0.104384542936524,PRE
Polyp,segformer,Entropy,hue_0.30000000000000004,hue,Synthetic,0.10384711779448619,0.6326995316073636,0.5288524138128774,PRE-0
Polyp,segformer,Entropy,hue_0.325,hue,Synthetic,0.15261904761904754,0.22114970294725445,0.0685306553282069,PRE
Polyp,segformer,Entropy,hue_0.325,hue,Synthetic,0.15261904761904754,0.7061844791050659,0.5535654314860183,PRE-0
Polyp,segformer,Entropy,hue_0.325,hue,Synthetic,0.15261904761904754,0.2324308424425917,0.07981179482354417,PRE
Polyp,segformer,Entropy,hue_0.325,hue,Synthetic,0.15261904761904754,0.7059915470811859,0.5533724994621385,PRE-0
Polyp,segformer,Entropy,hue_0.35000000000000003,hue,Synthetic,0.09525062656641603,0.22538967167023782,0.1301390451038218,PRE
Polyp,segformer,Entropy,hue_0.35000000000000003,hue,Synthetic,0.09525062656641603,0.7197237245309391,0.6244730979645231,PRE-0
Polyp,segformer,Entropy,hue_0.35000000000000003,hue,Synthetic,0.09525062656641603,0.23690626998215447,0.14165564341573844,PRE
Polyp,segformer,Entropy,hue_0.35000000000000003,hue,Synthetic,0.09525062656641603,0.719546265930403,0.6242956393639869,PRE-0
Polyp,segformer,Entropy,hue_0.375,hue,Synthetic,0.18607769423558895,0.21348916900909054,0.027411474773501587,PRE
Polyp,segformer,Entropy,hue_0.375,hue,Synthetic,0.18607769423558895,0.681722541798828,0.49564484756323895,PRE-0
Polyp,segformer,Entropy,hue_0.375,hue,Synthetic,0.18607769423558895,0.2243448949286937,0.03826720069310474,PRE
Polyp,segformer,Entropy,hue_0.375,hue,Synthetic,0.18607769423558895,0.6815016532751694,0.4954239590395805,PRE-0
Polyp,segformer,Entropy,hue_0.4,hue,Synthetic,0.13156641604010022,0.18483174335053343,0.05326532731043321,PRE
Polyp,segformer,Entropy,hue_0.4,hue,Synthetic,0.13156641604010022,0.5902124518395069,0.4586460357994066,PRE-0
Polyp,segformer,Entropy,hue_0.4,hue,Synthetic,0.13156641604010022,0.19409603216938687,0.06252961612928665,PRE
Polyp,segformer,Entropy,hue_0.4,hue,Synthetic,0.13156641604010022,0.5898869803558948,0.4583205643157946,PRE-0
Polyp,segformer,Entropy,hue_0.42500000000000004,hue,Synthetic,0.16266917293233074,0.1905154586614819,0.027846285729151155,PRE
Polyp,segformer,Entropy,hue_0.42500000000000004,hue,Synthetic,0.16266917293233074,0.6083619292421554,0.4456927563098246,PRE-0
Polyp,segformer,Entropy,hue_0.42500000000000004,hue,Synthetic,0.16266917293233074,0.2000953820918916,0.03742620915956085,PRE
Polyp,segformer,Entropy,hue_0.42500000000000004,hue,Synthetic,0.16266917293233074,0.6080572000184321,0.44538802708610137,PRE-0
Polyp,segformer,Entropy,hue_0.45,hue,Synthetic,0.16091478696741845,0.19054350284546917,0.029628715878050715,PRE
Polyp,segformer,Entropy,hue_0.45,hue,Synthetic,0.16091478696741845,0.6084514811031664,0.4475366941357479,PRE-0
Polyp,segformer,Entropy,hue_0.45,hue,Synthetic,0.16091478696741845,0.20012498365773834,0.03921019669031989,PRE
Polyp,segformer,Entropy,hue_0.45,hue,Synthetic,0.16091478696741845,0.6081468542244273,0.44723206725700876,PRE-0
Polyp,segformer,Entropy,hue_0.47500000000000003,hue,Synthetic,0.1255513784461153,0.1912011063793293,0.065649727933214,PRE
Polyp,segformer,Entropy,hue_0.47500000000000003,hue,Synthetic,0.1255513784461153,0.6105513682060103,0.484999989759895,PRE-0
Polyp,segformer,Entropy,hue_0.47500000000000003,hue,Synthetic,0.1255513784461153,0.20081910598689567,0.07526772754078037,PRE
Polyp,segformer,Entropy,hue_0.47500000000000003,hue,Synthetic,0.1255513784461153,0.6102491411982458,0.4846977627521305,PRE-0
Polyp,segformer,Entropy,hue_0.5,hue,Synthetic,0.11961152882205517,0.15692411037511245,0.03731258155305728,PRE
Polyp,segformer,Entropy,hue_0.5,hue,Synthetic,0.11961152882205517,0.5010966312295038,0.38148510240744854,PRE-0
Polyp,segformer,Entropy,hue_0.5,hue,Synthetic,0.11961152882205517,0.16463860044231415,0.045027071620258985,PRE
Polyp,segformer,Entropy,hue_0.5,hue,Synthetic,0.11961152882205517,0.500669313093766,0.38105778427171094,PRE-0
Polyp,segformer,Entropy,EtisLaribDB,Organic,Organic,0.50765664160401,0.2644529695187041,0.24320367208530597,PRE
Polyp,segformer,Entropy,EtisLaribDB,Organic,Organic,0.50765664160401,0.8444622807017544,0.3368056390977443,PRE-0
Polyp,segformer,Entropy,EtisLaribDB,Organic,Organic,0.50765664160401,0.2781388757864147,0.22951776581759536,PRE
Polyp,segformer,Entropy,EtisLaribDB,Organic,Organic,0.50765664160401,0.8444273804511278,0.3367707388471177,PRE-0
Polyp,segformer,Entropy,CVC-ClinicDB,Organic,Organic,0.12860902255639095,0.22269056509909035,0.0940815425426994,PRE
Polyp,segformer,Entropy,CVC-ClinicDB,Organic,Organic,0.12860902255639095,0.7111048245614036,0.5824958020050126,PRE-0
Polyp,segformer,Entropy,CVC-ClinicDB,Organic,Organic,0.12860902255639095,0.23405727352252292,0.10544825096613197,PRE
Polyp,segformer,Entropy,CVC-ClinicDB,Organic,Organic,0.12860902255639095,0.7109175157894737,0.5823084932330828,PRE-0
Polyp,segformer,Entropy,EndoCV2020,Organic,Organic,0.07068922305764402,0.12940758721369305,0.05871836415604903,PRE
Polyp,segformer,Entropy,EndoCV2020,Organic,Organic,0.07068922305764402,0.4132297188323208,0.34254049577467677,PRE-0
Polyp,segformer,Entropy,EndoCV2020,Organic,Organic,0.07068922305764402,0.13559399808897898,0.06490477503133496,PRE
Polyp,segformer,Entropy,EndoCV2020,Organic,Organic,0.07068922305764402,0.4127019813681292,0.34201275831048517,PRE-0
Polyp,segformer,Entropy,jpeg_0.025,jpeg,Synthetic,0.010588972431077703,0.18435479825565926,0.17376582582458155,PRE
Polyp,segformer,Entropy,jpeg_0.025,jpeg,Synthetic,0.010588972431077703,0.5659785887564603,0.5553896163253826,PRE-0
Polyp,segformer,Entropy,jpeg_0.025,jpeg,Synthetic,0.010588972431077703,0.18767966265533254,0.17709069022425483,PRE
Polyp,segformer,Entropy,jpeg_0.025,jpeg,Synthetic,0.010588972431077703,0.5656254214293249,0.5550364489982472,PRE-0
Polyp,segformer,Entropy,jpeg_0.05,jpeg,Synthetic,0.00933583959899753,0.13750491977061885,0.12816908017162132,PRE
Polyp,segformer,Entropy,jpeg_0.05,jpeg,Synthetic,0.00933583959899753,0.4221470836409662,0.4128112440419687,PRE-0
Polyp,segformer,Entropy,jpeg_0.05,jpeg,Synthetic,0.00933583959899753,0.1397307112223347,0.13039487162333718,PRE
Polyp,segformer,Entropy,jpeg_0.05,jpeg,Synthetic,0.00933583959899753,0.4216295374508416,0.41229369785184405,PRE-0
Polyp,segformer,Entropy,jpeg_0.07500000000000001,jpeg,Synthetic,-0.006478696741854639,0.10646162076659582,0.11294031750845046,PRE
Polyp,segformer,Entropy,jpeg_0.07500000000000001,jpeg,Synthetic,-0.006478696741854639,0.32684257989663534,0.33332127663849,PRE-0
Polyp,segformer,Entropy,jpeg_0.07500000000000001,jpeg,Synthetic,-0.006478696741854639,0.10795915312236593,0.11443784986422056,PRE
Polyp,segformer,Entropy,jpeg_0.07500000000000001,jpeg,Synthetic,-0.006478696741854639,0.32621611427366004,0.3326948110155147,PRE-0
Polyp,segformer,Entropy,jpeg_0.1,jpeg,Synthetic,-0.006679197994987507,0.16007514637671338,0.1667543443717009,PRE
Polyp,segformer,Entropy,jpeg_0.1,jpeg,Synthetic,-0.006679197994987507,0.491438825018458,0.4981180230134455,PRE-0
Polyp,segformer,Entropy,jpeg_0.1,jpeg,Synthetic,-0.006679197994987507,0.162830423203721,0.1695096211987085,PRE
Polyp,segformer,Entropy,jpeg_0.1,jpeg,Synthetic,-0.006679197994987507,0.4910004693899077,0.4976796673848952,PRE-0
Polyp,segformer,Entropy,jpeg_0.125,jpeg,Synthetic,-0.011466165413533846,0.1713563946502027,0.18282256006373654,PRE
Polyp,segformer,Entropy,jpeg_0.125,jpeg,Synthetic,-0.011466165413533846,0.5260728298702668,0.5375389952838008,PRE-0
Polyp,segformer,Entropy,jpeg_0.125,jpeg,Synthetic,-0.011466165413533846,0.17437632349334198,0.18584248890687582,PRE
Polyp,segformer,Entropy,jpeg_0.125,jpeg,Synthetic,-0.011466165413533846,0.5256740559615471,0.5371402213750811,PRE-0
Polyp,segformer,Entropy,jpeg_0.15000000000000002,jpeg,Synthetic,-0.031566416040100354,0.11982179113866831,0.15138820717876866,PRE
Polyp,segformer,Entropy,jpeg_0.15000000000000002,jpeg,Synthetic,-0.031566416040100354,0.36785898112013504,0.3994253971602354,PRE-0
Polyp,segformer,Entropy,jpeg_0.15000000000000002,jpeg,Synthetic,-0.031566416040100354,0.12163274590471729,0.15319916194481764,PRE
Polyp,segformer,Entropy,jpeg_0.15000000000000002,jpeg,Synthetic,-0.031566416040100354,0.36727939138427235,0.3988458074243727,PRE-0
Polyp,segformer,Entropy,jpeg_0.17500000000000002,jpeg,Synthetic,-0.0016666666666667052,0.12797545749393524,0.12964212416060195,PRE
Polyp,segformer,Entropy,jpeg_0.17500000000000002,jpeg,Synthetic,-0.0016666666666667052,0.3928911507224977,0.3945578173891644,PRE-0
Polyp,segformer,Entropy,jpeg_0.17500000000000002,jpeg,Synthetic,-0.0016666666666667052,0.1299776928866907,0.1316443595533574,PRE
Polyp,segformer,Entropy,jpeg_0.17500000000000002,jpeg,Synthetic,-0.0016666666666667052,0.3923401691804662,0.3940068358471329,PRE-0
Polyp,segformer,Entropy,jpeg_0.2,jpeg,Synthetic,-0.019110275689223077,0.1740317681101552,0.19314204379937827,PRE
Polyp,segformer,Entropy,jpeg_0.2,jpeg,Synthetic,-0.019110275689223077,0.5342863621980805,0.5533966378873034,PRE-0
Polyp,segformer,Entropy,jpeg_0.2,jpeg,Synthetic,-0.019110275689223077,0.17711445977553875,0.19622473546476182,PRE
Polyp,segformer,Entropy,jpeg_0.2,jpeg,Synthetic,-0.019110275689223077,0.5338969751834497,0.5530072508726728,PRE-0
Polyp,segformer,Entropy,jpeg_0.225,jpeg,Synthetic,0.016152882205513808,0.15517815392690137,0.13902527172138757,PRE
Polyp,segformer,Entropy,jpeg_0.225,jpeg,Synthetic,0.016152882205513808,0.4764048096192386,0.4602519274137248,PRE-0
Polyp,segformer,Entropy,jpeg_0.225,jpeg,Synthetic,0.016152882205513808,0.1578185499452074,0.14166566773969358,PRE
Polyp,segformer,Entropy,jpeg_0.225,jpeg,Synthetic,0.016152882205513808,0.4759492722588034,0.4597963900532896,PRE-0
Polyp,segformer,Entropy,jpeg_0.25,jpeg,Synthetic,0.021240601503759504,0.049012285222073126,0.027771683718313622,PRE
Polyp,segformer,Entropy,jpeg_0.25,jpeg,Synthetic,0.021240601503759504,0.15047020356502472,0.12922960206126521,PRE-0
Polyp,segformer,Entropy,jpeg_0.25,jpeg,Synthetic,0.021240601503759504,0.04916208706888836,0.027921485565128856,PRE
Polyp,segformer,Entropy,jpeg_0.25,jpeg,Synthetic,0.021240601503759504,0.1496421695119562,0.1284015680081967,PRE-0
Polyp,segformer,Entropy,jpeg_0.275,jpeg,Synthetic,-0.02003759398496241,0.14387912651744583,0.16391672050240824,PRE
Polyp,segformer,Entropy,jpeg_0.275,jpeg,Synthetic,-0.02003759398496241,0.4417162219175193,0.4617538159024817,PRE-0
Polyp,segformer,Entropy,jpeg_0.275,jpeg,Synthetic,-0.02003759398496241,0.14625445343065424,0.16629204741561665,PRE
Polyp,segformer,Entropy,jpeg_0.275,jpeg,Synthetic,-0.02003759398496241,0.4412210404568536,0.46125863444181603,PRE-0
Polyp,segformer,Entropy,jpeg_0.30000000000000004,jpeg,Synthetic,-0.0027192982456140102,0.108540542865179,0.11125984111079301,PRE
Polyp,segformer,Entropy,jpeg_0.30000000000000004,jpeg,Synthetic,-0.0027192982456140102,0.33322497626832615,0.33594427451394016,PRE-0
Polyp,segformer,Entropy,jpeg_0.30000000000000004,jpeg,Synthetic,-0.0027192982456140102,0.1100868456150963,0.1128061438607103,PRE
Polyp,segformer,Entropy,jpeg_0.30000000000000004,jpeg,Synthetic,-0.0027192982456140102,0.3326058048126328,0.3353251030582468,PRE-0
Polyp,segformer,Entropy,jpeg_0.325,jpeg,Synthetic,-0.015701754385964883,0.10646162076659582,0.1221633751525607,PRE
Polyp,segformer,Entropy,jpeg_0.325,jpeg,Synthetic,-0.015701754385964883,0.32684257989663534,0.3425443342826002,PRE-0
Polyp,segformer,Entropy,jpeg_0.325,jpeg,Synthetic,-0.015701754385964883,0.10795915312236593,0.12366090750833081,PRE
Polyp,segformer,Entropy,jpeg_0.325,jpeg,Synthetic,-0.015701754385964883,0.32621611427366004,0.3419178686596249,PRE-0
Polyp,segformer,Entropy,jpeg_0.35000000000000003,jpeg,Synthetic,-0.011817042606516392,0.1950854497353044,0.2069024923418208,PRE
Polyp,segformer,Entropy,jpeg_0.35000000000000003,jpeg,Synthetic,-0.011817042606516392,0.5989222335020921,0.6107392761086083,PRE-0
Polyp,segformer,Entropy,jpeg_0.35000000000000003,jpeg,Synthetic,-0.011817042606516392,0.1986620494465008,0.21047909205301718,PRE
Polyp,segformer,Entropy,jpeg_0.35000000000000003,jpeg,Synthetic,-0.011817042606516392,0.5986067160546658,0.6104237586611823,PRE-0
Polyp,segformer,Entropy,jpeg_0.375,jpeg,Synthetic,-0.01788220551378439,0.21139176222118428,0.22927396773496866,PRE
Polyp,segformer,Entropy,jpeg_0.375,jpeg,Synthetic,-0.01788220551378439,0.6489834405653413,0.6668656460791257,PRE-0
Polyp,segformer,Entropy,jpeg_0.375,jpeg,Synthetic,-0.01788220551378439,0.21535089925187212,0.2332331047656565,PRE
Polyp,segformer,Entropy,jpeg_0.375,jpeg,Synthetic,-0.01788220551378439,0.6487251359259874,0.6666073414397717,PRE-0
Polyp,segformer,Entropy,jpeg_0.4,jpeg,Synthetic,-0.018558897243107886,0.14355260882039766,0.16211150606350555,PRE
Polyp,segformer,Entropy,jpeg_0.4,jpeg,Synthetic,-0.018558897243107886,0.4407137960130788,0.4592726932561867,PRE-0
Polyp,segformer,Entropy,jpeg_0.4,jpeg,Synthetic,-0.018558897243107886,0.1459202758040723,0.16447917304718018,PRE
Polyp,segformer,Entropy,jpeg_0.4,jpeg,Synthetic,-0.018558897243107886,0.440217468922808,0.4587763661659159,PRE-0
Polyp,segformer,Entropy,jpeg_0.42500000000000004,jpeg,Synthetic,-0.015025062656641608,0.15755282808725224,0.17257789074389385,PRE
Polyp,segformer,Entropy,jpeg_0.42500000000000004,jpeg,Synthetic,-0.015025062656641608,0.4836951798333509,0.4987202424899925,PRE-0
Polyp,segformer,Entropy,jpeg_0.42500000000000004,jpeg,Synthetic,-0.015025062656641608,0.16024893268398466,0.17527399534062627,PRE
Polyp,segformer,Entropy,jpeg_0.42500000000000004,jpeg,Synthetic,-0.015025062656641608,0.4832479743245891,0.4982730369812307,PRE-0
Polyp,segformer,Entropy,jpeg_0.45,jpeg,Synthetic,-0.014373433583959927,0.16007514637671338,0.1744485799606733,PRE
Polyp,segformer,Entropy,jpeg_0.45,jpeg,Synthetic,-0.014373433583959927,0.491438825018458,0.5058122586024179,PRE-0
Polyp,segformer,Entropy,jpeg_0.45,jpeg,Synthetic,-0.014373433583959927,0.162830423203721,0.1772038567876809,PRE
Polyp,segformer,Entropy,jpeg_0.45,jpeg,Synthetic,-0.014373433583959927,0.4910004693899077,0.5053739029738676,PRE-0
Polyp,segformer,Entropy,jpeg_0.47500000000000003,jpeg,Synthetic,-0.012218045112781906,0.11062518520750775,0.12284323032028965,PRE
Polyp,segformer,Entropy,jpeg_0.47500000000000003,jpeg,Synthetic,-0.012218045112781906,0.33962493407868366,0.35184297919146557,PRE-0
Polyp,segformer,Entropy,jpeg_0.47500000000000003,jpeg,Synthetic,-0.012218045112781906,0.1122203925454135,0.1244384376581954,PRE
Polyp,segformer,Entropy,jpeg_0.47500000000000003,jpeg,Synthetic,-0.012218045112781906,0.33901307686048787,0.3512311219732698,PRE-0
Polyp,segformer,Entropy,jpeg_0.5,jpeg,Synthetic,0.007781954887218112,0.09833439121350473,0.09055243632628662,PRE
Polyp,segformer,Entropy,jpeg_0.5,jpeg,Synthetic,0.007781954887218112,0.3018915726189221,0.29410961773170397,PRE-0
Polyp,segformer,Entropy,jpeg_0.5,jpeg,Synthetic,0.007781954887218112,0.09964126313572652,0.09185930824850841,PRE
Polyp,segformer,Entropy,jpeg_0.5,jpeg,Synthetic,0.007781954887218112,0.3012365915590579,0.2934546366718398,PRE-0
Polyp,segformer,Entropy,EtisLaribDB,Organic,Organic,0.50765664160401,0.2750645987074166,0.23259204289659346,PRE
Polyp,segformer,Entropy,EtisLaribDB,Organic,Organic,0.50765664160401,0.8444622807017544,0.3368056390977443,PRE-0
Polyp,segformer,Entropy,EtisLaribDB,Organic,Organic,0.50765664160401,0.28051746623143115,0.22713917537257894,PRE
Polyp,segformer,Entropy,EtisLaribDB,Organic,Organic,0.50765664160401,0.8444273804511278,0.3367707388471177,PRE-0
Polyp,segformer,Entropy,CVC-ClinicDB,Organic,Organic,0.12860902255639095,0.23162640614847307,0.10301738359208212,PRE
Polyp,segformer,Entropy,CVC-ClinicDB,Organic,Organic,0.12860902255639095,0.7111048245614036,0.5824958020050126,PRE-0
Polyp,segformer,Entropy,CVC-ClinicDB,Organic,Organic,0.12860902255639095,0.23606023704115542,0.10745121448476447,PRE
Polyp,segformer,Entropy,CVC-ClinicDB,Organic,Organic,0.12860902255639095,0.7109175157894737,0.5823084932330828,PRE-0
Polyp,segformer,Entropy,EndoCV2020,Organic,Organic,0.07068922305764402,0.13203775816043117,0.06134853510278715,PRE
Polyp,segformer,Entropy,EndoCV2020,Organic,Organic,0.07068922305764402,0.4053626199767957,0.33467339691915166,PRE-0
Polyp,segformer,Entropy,EndoCV2020,Organic,Organic,0.07068922305764402,0.13413529294164583,0.06344606988400181,PRE
Polyp,segformer,Entropy,EndoCV2020,Organic,Organic,0.07068922305764402,0.4048258915424835,0.33413666848483947,PRE-0
Polyp,segformer,Entropy,multnoise_0.025,multnoise,Synthetic,-0.022794486215538923,0.04727355860411264,0.07006804481965156,PRE
Polyp,segformer,Entropy,multnoise_0.025,multnoise,Synthetic,-0.022794486215538923,0.19439113573407218,0.2171856219496111,PRE-0
Polyp,segformer,Entropy,multnoise_0.025,multnoise,Synthetic,-0.022794486215538923,0.05028338843965596,0.07307787465519489,PRE
Polyp,segformer,Entropy,multnoise_0.025,multnoise,Synthetic,-0.022794486215538923,0.19361329703205377,0.2164077832475927,PRE-0
Polyp,segformer,Entropy,multnoise_0.05,multnoise,Synthetic,-0.018433583959899802,0.15638311341218558,0.17481669737208538,PRE
Polyp,segformer,Entropy,multnoise_0.05,multnoise,Synthetic,-0.018433583959899802,0.6430548476454295,0.6614884316053293,PRE-0
Polyp,segformer,Entropy,multnoise_0.05,multnoise,Synthetic,-0.018433583959899802,0.16864781555121133,0.18708139951111113,PRE
Polyp,segformer,Entropy,multnoise_0.05,multnoise,Synthetic,-0.018433583959899802,0.64278976747131,0.6612233514312098,PRE-0
Polyp,segformer,Entropy,multnoise_0.07500000000000001,multnoise,Synthetic,0.05063909774436082,0.07773792045904238,0.02709882271468156,PRE
Polyp,segformer,Entropy,multnoise_0.07500000000000001,multnoise,Synthetic,0.05063909774436082,0.31966204986149593,0.2690229521171351,PRE-0
Polyp,segformer,Entropy,multnoise_0.07500000000000001,multnoise,Synthetic,0.05063909774436082,0.08333179327111884,0.03269269552675802,PRE
Polyp,segformer,Entropy,multnoise_0.07500000000000001,multnoise,Synthetic,0.05063909774436082,0.31902737791848046,0.26838828017411964,PRE-0
Polyp,segformer,Entropy,multnoise_0.1,multnoise,Synthetic,0.17825814536340856,0.12078787006502623,0.057470275298382334,PRE
Polyp,segformer,Entropy,multnoise_0.1,multnoise,Synthetic,0.17825814536340856,0.4966855032317637,0.31842735786835513,PRE-0
Polyp,segformer,Entropy,multnoise_0.1,multnoise,Synthetic,0.17825814536340856,0.13003331846070365,0.04822482690270491,PRE
Polyp,segformer,Entropy,multnoise_0.1,multnoise,Synthetic,0.17825814536340856,0.4962531438068857,0.3179949984434771,PRE-0
Polyp,segformer,Entropy,multnoise_0.125,multnoise,Synthetic,0.3431704260651629,0.13519216820987656,0.20797825785528634,PRE
Polyp,segformer,Entropy,multnoise_0.125,multnoise,Synthetic,0.3431704260651629,0.5559166666666667,0.21274624060150382,PRE-0
Polyp,segformer,Entropy,multnoise_0.125,multnoise,Synthetic,0.3431704260651629,0.1456594155597004,0.1975110105054625,PRE
Polyp,segformer,Entropy,multnoise_0.125,multnoise,Synthetic,0.3431704260651629,0.555552,0.2123815739348371,PRE-0
Polyp,segformer,Entropy,multnoise_0.15000000000000002,multnoise,Synthetic,0.4959273182957394,0.1950121614365775,0.30091515685916187,PRE
Polyp,segformer,Entropy,multnoise_0.15000000000000002,multnoise,Synthetic,0.4959273182957394,0.8018993421052631,0.3059720238095238,PRE-0
Polyp,segformer,Entropy,multnoise_0.15000000000000002,multnoise,Synthetic,0.4959273182957394,0.21055345018893623,0.28537386810680315,PRE
Polyp,segformer,Entropy,multnoise_0.15000000000000002,multnoise,Synthetic,0.4959273182957394,0.8018157984962406,0.3058884802005012,PRE-0
Polyp,segformer,Entropy,multnoise_0.17500000000000002,multnoise,Synthetic,0.5904887218045113,0.21278935185185188,0.3776993699526594,PRE
Polyp,segformer,Entropy,multnoise_0.17500000000000002,multnoise,Synthetic,0.5904887218045113,0.875,0.2845112781954887,PRE-0
Polyp,segformer,Entropy,multnoise_0.17500000000000002,multnoise,Synthetic,0.5904887218045113,0.2298385344591296,0.3606501873453817,PRE
Polyp,segformer,Entropy,multnoise_0.17500000000000002,multnoise,Synthetic,0.5904887218045113,0.875,0.2845112781954887,PRE-0
Polyp,segformer,Entropy,multnoise_0.2,multnoise,Synthetic,0.7201629072681706,0.21278935185185188,0.5073735554163186,PRE
Polyp,segformer,Entropy,multnoise_0.2,multnoise,Synthetic,0.7201629072681706,0.875,0.1548370927318295,PRE-0
Polyp,segformer,Entropy,multnoise_0.2,multnoise,Synthetic,0.7201629072681706,0.2298385344591296,0.4903243728090409,PRE
Polyp,segformer,Entropy,multnoise_0.2,multnoise,Synthetic,0.7201629072681706,0.875,0.1548370927318295,PRE-0
Polyp,segformer,Entropy,multnoise_0.225,multnoise,Synthetic,0.7979824561403509,0.21278935185185188,0.585193104288499,PRE
Polyp,segformer,Entropy,multnoise_0.225,multnoise,Synthetic,0.7979824561403509,0.875,0.0770175438596491,PRE-0
Polyp,segformer,Entropy,multnoise_0.225,multnoise,Synthetic,0.7979824561403509,0.2298385344591296,0.5681439216812213,PRE
Polyp,segformer,Entropy,multnoise_0.225,multnoise,Synthetic,0.7979824561403509,0.875,0.0770175438596491,PRE-0
Polyp,segformer,Entropy,multnoise_0.25,multnoise,Synthetic,0.8489097744360903,0.21278935185185188,0.6361204225842384,PRE
Polyp,segformer,Entropy,multnoise_0.25,multnoise,Synthetic,0.8489097744360903,0.875,0.0260902255639097,PRE-0
Polyp,segformer,Entropy,multnoise_0.25,multnoise,Synthetic,0.8489097744360903,0.2298385344591296,0.6190712399769607,PRE
Polyp,segformer,Entropy,multnoise_0.25,multnoise,Synthetic,0.8489097744360903,0.875,0.0260902255639097,PRE-0
Polyp,segformer,Entropy,multnoise_0.275,multnoise,Synthetic,0.875,0.21278935185185188,0.6622106481481481,PRE
Polyp,segformer,Entropy,multnoise_0.275,multnoise,Synthetic,0.875,0.875,0.0,PRE-0
Polyp,segformer,Entropy,multnoise_0.275,multnoise,Synthetic,0.875,0.2298385344591296,0.6451614655408704,PRE
Polyp,segformer,Entropy,multnoise_0.275,multnoise,Synthetic,0.875,0.875,0.0,PRE-0
Polyp,segformer,Entropy,multnoise_0.30000000000000004,multnoise,Synthetic,0.875,0.21278935185185188,0.6622106481481481,PRE
Polyp,segformer,Entropy,multnoise_0.30000000000000004,multnoise,Synthetic,0.875,0.875,0.0,PRE-0
Polyp,segformer,Entropy,multnoise_0.30000000000000004,multnoise,Synthetic,0.875,0.2298385344591296,0.6451614655408704,PRE
Polyp,segformer,Entropy,multnoise_0.30000000000000004,multnoise,Synthetic,0.875,0.875,0.0,PRE-0
Polyp,segformer,Entropy,multnoise_0.325,multnoise,Synthetic,0.875,0.21278935185185188,0.6622106481481481,PRE
Polyp,segformer,Entropy,multnoise_0.325,multnoise,Synthetic,0.875,0.875,0.0,PRE-0
Polyp,segformer,Entropy,multnoise_0.325,multnoise,Synthetic,0.875,0.2298385344591296,0.6451614655408704,PRE
Polyp,segformer,Entropy,multnoise_0.325,multnoise,Synthetic,0.875,0.875,0.0,PRE-0
Polyp,segformer,Entropy,multnoise_0.35000000000000003,multnoise,Synthetic,0.875,0.21278935185185188,0.6622106481481481,PRE
Polyp,segformer,Entropy,multnoise_0.35000000000000003,multnoise,Synthetic,0.875,0.875,0.0,PRE-0
Polyp,segformer,Entropy,multnoise_0.35000000000000003,multnoise,Synthetic,0.875,0.2298385344591296,0.6451614655408704,PRE
Polyp,segformer,Entropy,multnoise_0.35000000000000003,multnoise,Synthetic,0.875,0.875,0.0,PRE-0
Polyp,segformer,Entropy,multnoise_0.375,multnoise,Synthetic,0.875,0.21278935185185188,0.6622106481481481,PRE
Polyp,segformer,Entropy,multnoise_0.375,multnoise,Synthetic,0.875,0.875,0.0,PRE-0
Polyp,segformer,Entropy,multnoise_0.375,multnoise,Synthetic,0.875,0.2298385344591296,0.6451614655408704,PRE
Polyp,segformer,Entropy,multnoise_0.375,multnoise,Synthetic,0.875,0.875,0.0,PRE-0
Polyp,segformer,Entropy,multnoise_0.4,multnoise,Synthetic,0.875,0.21278935185185188,0.6622106481481481,PRE
Polyp,segformer,Entropy,multnoise_0.4,multnoise,Synthetic,0.875,0.875,0.0,PRE-0
Polyp,segformer,Entropy,multnoise_0.4,multnoise,Synthetic,0.875,0.2298385344591296,0.6451614655408704,PRE
Polyp,segformer,Entropy,multnoise_0.4,multnoise,Synthetic,0.875,0.875,0.0,PRE-0
Polyp,segformer,Entropy,multnoise_0.42500000000000004,multnoise,Synthetic,0.875,0.21278935185185188,0.6622106481481481,PRE
Polyp,segformer,Entropy,multnoise_0.42500000000000004,multnoise,Synthetic,0.875,0.875,0.0,PRE-0
Polyp,segformer,Entropy,multnoise_0.42500000000000004,multnoise,Synthetic,0.875,0.2298385344591296,0.6451614655408704,PRE
Polyp,segformer,Entropy,multnoise_0.42500000000000004,multnoise,Synthetic,0.875,0.875,0.0,PRE-0
Polyp,segformer,Entropy,multnoise_0.45,multnoise,Synthetic,0.875,0.21278935185185188,0.6622106481481481,PRE
Polyp,segformer,Entropy,multnoise_0.45,multnoise,Synthetic,0.875,0.875,0.0,PRE-0
Polyp,segformer,Entropy,multnoise_0.45,multnoise,Synthetic,0.875,0.2298385344591296,0.6451614655408704,PRE
Polyp,segformer,Entropy,multnoise_0.45,multnoise,Synthetic,0.875,0.875,0.0,PRE-0
Polyp,segformer,Entropy,multnoise_0.47500000000000003,multnoise,Synthetic,0.875,0.21278935185185188,0.6622106481481481,PRE
Polyp,segformer,Entropy,multnoise_0.47500000000000003,multnoise,Synthetic,0.875,0.875,0.0,PRE-0
Polyp,segformer,Entropy,multnoise_0.47500000000000003,multnoise,Synthetic,0.875,0.2298385344591296,0.6451614655408704,PRE
Polyp,segformer,Entropy,multnoise_0.47500000000000003,multnoise,Synthetic,0.875,0.875,0.0,PRE-0
Polyp,segformer,Entropy,multnoise_0.5,multnoise,Synthetic,0.875,0.21278935185185188,0.6622106481481481,PRE
Polyp,segformer,Entropy,multnoise_0.5,multnoise,Synthetic,0.875,0.875,0.0,PRE-0
Polyp,segformer,Entropy,multnoise_0.5,multnoise,Synthetic,0.875,0.2298385344591296,0.6451614655408704,PRE
Polyp,segformer,Entropy,multnoise_0.5,multnoise,Synthetic,0.875,0.875,0.0,PRE-0
Polyp,segformer,Entropy,EtisLaribDB,Organic,Organic,0.50765664160401,0.2053629501415576,0.3022936914624525,PRE
Polyp,segformer,Entropy,EtisLaribDB,Organic,Organic,0.50765664160401,0.8444622807017544,0.3368056390977443,PRE-0
Polyp,segformer,Entropy,EtisLaribDB,Organic,Organic,0.50765664160401,0.22178221175223678,0.2858744298517733,PRE
Polyp,segformer,Entropy,EtisLaribDB,Organic,Organic,0.50765664160401,0.8444273804511278,0.3367707388471177,PRE-0
Polyp,segformer,Entropy,CVC-ClinicDB,Organic,Organic,0.12860902255639095,0.1729320396767382,0.04432301712034725,PRE
Polyp,segformer,Entropy,CVC-ClinicDB,Organic,Organic,0.12860902255639095,0.7111048245614036,0.5824958020050126,PRE-0
Polyp,segformer,Entropy,CVC-ClinicDB,Organic,Organic,0.12860902255639095,0.18660045205550968,0.05799142949911873,PRE
Polyp,segformer,Entropy,CVC-ClinicDB,Organic,Organic,0.12860902255639095,0.7109175157894737,0.5823084932330828,PRE-0
Polyp,segformer,Entropy,EndoCV2020,Organic,Organic,0.07068922305764402,0.11506678091427402,0.04437755785663,PRE
Polyp,segformer,Entropy,EndoCV2020,Organic,Organic,0.07068922305764402,0.4731601108033242,0.4024708877456802,PRE-0
Polyp,segformer,Entropy,EndoCV2020,Organic,Organic,0.07068922305764402,0.12382695604840999,0.05313773299076596,PRE
Polyp,segformer,Entropy,EndoCV2020,Organic,Organic,0.07068922305764402,0.4727008652156708,0.40201164215802676,PRE-0
Polyp,segformer,Entropy,noise_0.025,noise,Synthetic,-0.022719298245614028,0.09301493421418183,0.11573423245979586,PRE
Polyp,segformer,Entropy,noise_0.025,noise,Synthetic,-0.022719298245614028,0.3779590984462323,0.40067839669184635,PRE-0
Polyp,segformer,Entropy,noise_0.025,noise,Synthetic,-0.022719298245614028,0.09835728072069205,0.12107657896630608,PRE
Polyp,segformer,Entropy,noise_0.025,noise,Synthetic,-0.022719298245614028,0.3773910517015994,0.40011034994721345,PRE-0
Polyp,segformer,Entropy,noise_0.05,noise,Synthetic,0.011716791979949903,0.12019854098490101,0.10848174900495111,PRE
Polyp,segformer,Entropy,noise_0.05,noise,Synthetic,0.011716791979949903,0.4884176134618928,0.47670082148194287,PRE-0
Polyp,segformer,Entropy,noise_0.05,noise,Synthetic,0.011716791979949903,0.1273944377292645,0.1156776457493146,PRE
Polyp,segformer,Entropy,noise_0.05,noise,Synthetic,0.011716791979949903,0.487975805020135,0.4762590130401851,PRE-0
Polyp,segformer,Entropy,noise_0.07500000000000001,noise,Synthetic,0.0669799498746868,0.09306975193965072,0.02608980206496392,PRE
Polyp,segformer,Entropy,noise_0.07500000000000001,noise,Synthetic,0.0669799498746868,0.3781818460971566,0.3112018962224698,PRE-0
Polyp,segformer,Entropy,noise_0.07500000000000001,noise,Synthetic,0.0669799498746868,0.09841583626538908,0.03143588639070227,PRE
Polyp,segformer,Entropy,noise_0.07500000000000001,noise,Synthetic,0.0669799498746868,0.3776140539212676,0.3106341040465808,PRE-0
Polyp,segformer,Entropy,noise_0.1,noise,Synthetic,0.08913533834586462,0.10855696603201526,0.019421627686150633,PRE
Polyp,segformer,Entropy,noise_0.1,noise,Synthetic,0.08913533834586462,0.4411129606030829,0.3519776222572183,PRE-0
Polyp,segformer,Entropy,noise_0.1,noise,Synthetic,0.08913533834586462,0.11495906656659283,0.025823728220728204,PRE
Polyp,segformer,Entropy,noise_0.1,noise,Synthetic,0.08913533834586462,0.440617089700915,0.3514817513550504,PRE-0
Polyp,segformer,Entropy,noise_0.125,noise,Synthetic,0.21104010025062647,0.1252651719721758,0.08577492827845068,PRE
Polyp,segformer,Entropy,noise_0.125,noise,Synthetic,0.21104010025062647,0.5090054824561404,0.29796538220551394,PRE-0
Polyp,segformer,Entropy,noise_0.125,noise,Synthetic,0.21104010025062647,0.13280654366218547,0.078233556588441,PRE
Polyp,segformer,Entropy,noise_0.125,noise,Synthetic,0.21104010025062647,0.5085872030075188,0.29754710275689233,PRE-0
Polyp,segformer,Entropy,noise_0.15000000000000002,noise,Synthetic,0.34068922305764415,0.18188916479566963,0.15880005826197452,PRE
Polyp,segformer,Entropy,noise_0.15000000000000002,noise,Synthetic,0.34068922305764415,0.7390927631578947,0.39840354010025064,PRE-0
Polyp,segformer,Entropy,noise_0.15000000000000002,noise,Synthetic,0.34068922305764415,0.19329151844629433,0.14739770461134982,PRE
Polyp,segformer,Entropy,noise_0.15000000000000002,noise,Synthetic,0.34068922305764415,0.7389374406015038,0.39824821754385964,PRE-0
Polyp,segformer,Entropy,noise_0.17500000000000002,noise,Synthetic,0.6251503759398497,0.2153356481481481,0.4098147277917016,PRE
Polyp,segformer,Entropy,noise_0.17500000000000002,noise,Synthetic,0.6251503759398497,0.875,0.2498496240601503,PRE-0
Polyp,segformer,Entropy,noise_0.17500000000000002,noise,Synthetic,0.6251503759398497,0.22901859457280171,0.39613178136704796,PRE
Polyp,segformer,Entropy,noise_0.17500000000000002,noise,Synthetic,0.6251503759398497,0.875,0.2498496240601503,PRE-0
Polyp,segformer,Entropy,noise_0.2,noise,Synthetic,0.7060275689223058,0.2153356481481481,0.4906919207741577,PRE
Polyp,segformer,Entropy,noise_0.2,noise,Synthetic,0.7060275689223058,0.875,0.1689724310776942,PRE-0
Polyp,segformer,Entropy,noise_0.2,noise,Synthetic,0.7060275689223058,0.22901859457280171,0.47700897434950407,PRE
Polyp,segformer,Entropy,noise_0.2,noise,Synthetic,0.7060275689223058,0.875,0.1689724310776942,PRE-0
Polyp,segformer,Entropy,noise_0.225,noise,Synthetic,0.7454260651629073,0.2153356481481481,0.5300904170147592,PRE
Polyp,segformer,Entropy,noise_0.225,noise,Synthetic,0.7454260651629073,0.875,0.1295739348370927,PRE-0
Polyp,segformer,Entropy,noise_0.225,noise,Synthetic,0.7454260651629073,0.22901859457280171,0.5164074705901056,PRE
Polyp,segformer,Entropy,noise_0.225,noise,Synthetic,0.7454260651629073,0.875,0.1295739348370927,PRE-0
Polyp,segformer,Entropy,noise_0.25,noise,Synthetic,0.8261278195488722,0.2153356481481481,0.6107921714007241,PRE
Polyp,segformer,Entropy,noise_0.25,noise,Synthetic,0.8261278195488722,0.875,0.0488721804511278,PRE-0
Polyp,segformer,Entropy,noise_0.25,noise,Synthetic,0.8261278195488722,0.22901859457280171,0.5971092249760704,PRE
Polyp,segformer,Entropy,noise_0.25,noise,Synthetic,0.8261278195488722,0.875,0.0488721804511278,PRE-0
Polyp,segformer,Entropy,noise_0.275,noise,Synthetic,0.8614160401002507,0.2153356481481481,0.6460803919521027,PRE
Polyp,segformer,Entropy,noise_0.275,noise,Synthetic,0.8614160401002507,0.875,0.0135839598997493,PRE-0
Polyp,segformer,Entropy,noise_0.275,noise,Synthetic,0.8614160401002507,0.22901859457280171,0.632397445527449,PRE
Polyp,segformer,Entropy,noise_0.275,noise,Synthetic,0.8614160401002507,0.875,0.0135839598997493,PRE-0
Polyp,segformer,Entropy,noise_0.30000000000000004,noise,Synthetic,0.8695864661654136,0.2153356481481481,0.6542508180172655,PRE
Polyp,segformer,Entropy,noise_0.30000000000000004,noise,Synthetic,0.8695864661654136,0.875,0.0054135338345864,PRE-0
Polyp,segformer,Entropy,noise_0.30000000000000004,noise,Synthetic,0.8695864661654136,0.22901859457280171,0.6405678715926119,PRE
Polyp,segformer,Entropy,noise_0.30000000000000004,noise,Synthetic,0.8695864661654136,0.875,0.0054135338345864,PRE-0
Polyp,segformer,Entropy,noise_0.325,noise,Synthetic,0.875,0.2153356481481481,0.6596643518518519,PRE
Polyp,segformer,Entropy,noise_0.325,noise,Synthetic,0.875,0.875,0.0,PRE-0
Polyp,segformer,Entropy,noise_0.325,noise,Synthetic,0.875,0.22901859457280171,0.6459814054271983,PRE
Polyp,segformer,Entropy,noise_0.325,noise,Synthetic,0.875,0.875,0.0,PRE-0
Polyp,segformer,Entropy,noise_0.35000000000000003,noise,Synthetic,0.875,0.2153356481481481,0.6596643518518519,PRE
Polyp,segformer,Entropy,noise_0.35000000000000003,noise,Synthetic,0.875,0.875,0.0,PRE-0
Polyp,segformer,Entropy,noise_0.35000000000000003,noise,Synthetic,0.875,0.22901859457280171,0.6459814054271983,PRE
Polyp,segformer,Entropy,noise_0.35000000000000003,noise,Synthetic,0.875,0.875,0.0,PRE-0
Polyp,segformer,Entropy,noise_0.375,noise,Synthetic,0.875,0.2153356481481481,0.6596643518518519,PRE
Polyp,segformer,Entropy,noise_0.375,noise,Synthetic,0.875,0.875,0.0,PRE-0
Polyp,segformer,Entropy,noise_0.375,noise,Synthetic,0.875,0.22901859457280171,0.6459814054271983,PRE
Polyp,segformer,Entropy,noise_0.375,noise,Synthetic,0.875,0.875,0.0,PRE-0
Polyp,segformer,Entropy,noise_0.4,noise,Synthetic,0.875,0.2153356481481481,0.6596643518518519,PRE
Polyp,segformer,Entropy,noise_0.4,noise,Synthetic,0.875,0.875,0.0,PRE-0
Polyp,segformer,Entropy,noise_0.4,noise,Synthetic,0.875,0.22901859457280171,0.6459814054271983,PRE
Polyp,segformer,Entropy,noise_0.4,noise,Synthetic,0.875,0.875,0.0,PRE-0
Polyp,segformer,Entropy,noise_0.42500000000000004,noise,Synthetic,0.875,0.2153356481481481,0.6596643518518519,PRE
Polyp,segformer,Entropy,noise_0.42500000000000004,noise,Synthetic,0.875,0.875,0.0,PRE-0
Polyp,segformer,Entropy,noise_0.42500000000000004,noise,Synthetic,0.875,0.22901859457280171,0.6459814054271983,PRE
Polyp,segformer,Entropy,noise_0.42500000000000004,noise,Synthetic,0.875,0.875,0.0,PRE-0
Polyp,segformer,Entropy,noise_0.45,noise,Synthetic,0.875,0.2153356481481481,0.6596643518518519,PRE
Polyp,segformer,Entropy,noise_0.45,noise,Synthetic,0.875,0.875,0.0,PRE-0
Polyp,segformer,Entropy,noise_0.45,noise,Synthetic,0.875,0.22901859457280171,0.6459814054271983,PRE
Polyp,segformer,Entropy,noise_0.45,noise,Synthetic,0.875,0.875,0.0,PRE-0
Polyp,segformer,Entropy,noise_0.47500000000000003,noise,Synthetic,0.875,0.2153356481481481,0.6596643518518519,PRE
Polyp,segformer,Entropy,noise_0.47500000000000003,noise,Synthetic,0.875,0.875,0.0,PRE-0
Polyp,segformer,Entropy,noise_0.47500000000000003,noise,Synthetic,0.875,0.22901859457280171,0.6459814054271983,PRE
Polyp,segformer,Entropy,noise_0.47500000000000003,noise,Synthetic,0.875,0.875,0.0,PRE-0
Polyp,segformer,Entropy,noise_0.5,noise,Synthetic,0.875,0.2153356481481481,0.6596643518518519,PRE
Polyp,segformer,Entropy,noise_0.5,noise,Synthetic,0.875,0.875,0.0,PRE-0
Polyp,segformer,Entropy,noise_0.5,noise,Synthetic,0.875,0.22901859457280171,0.6459814054271983,PRE
Polyp,segformer,Entropy,noise_0.5,noise,Synthetic,0.875,0.875,0.0,PRE-0
Polyp,segformer,Entropy,EtisLaribDB,Organic,Organic,0.50765664160401,0.20782038005894354,0.29983626154506654,PRE
Polyp,segformer,Entropy,EtisLaribDB,Organic,Organic,0.50765664160401,0.8444622807017544,0.3368056390977443,PRE-0
Polyp,segformer,Entropy,EtisLaribDB,Organic,Organic,0.50765664160401,0.22099088797344035,0.28666575363056973,PRE
Polyp,segformer,Entropy,EtisLaribDB,Organic,Organic,0.50765664160401,0.8444273804511278,0.3367707388471177,PRE-0
Polyp,segformer,Entropy,CVC-ClinicDB,Organic,Organic,0.12860902255639095,0.1750013923408057,0.046392369784414744,PRE
Polyp,segformer,Entropy,CVC-ClinicDB,Organic,Organic,0.12860902255639095,0.7111048245614036,0.5824958020050126,PRE-0
Polyp,segformer,Entropy,CVC-ClinicDB,Organic,Organic,0.12860902255639095,0.18593409410234607,0.05732507154595512,PRE
Polyp,segformer,Entropy,CVC-ClinicDB,Organic,Organic,0.12860902255639095,0.7109175157894737,0.5823084932330828,PRE-0
Polyp,segformer,Entropy,EndoCV2020,Organic,Organic,0.07068922305764402,0.116171954609394,0.04548273155174998,PRE
Polyp,segformer,Entropy,EndoCV2020,Organic,Organic,0.07068922305764402,0.4720558865074004,0.40136666344975636,PRE-0
Polyp,segformer,Entropy,EndoCV2020,Organic,Organic,0.07068922305764402,0.12309329322771456,0.05240407017007054,PRE
Polyp,segformer,Entropy,EndoCV2020,Organic,Organic,0.07068922305764402,0.4715953789491231,0.4009061558914791,PRE-0
Polyp,segformer,Entropy,saltpepper_0.025,saltpepper,Synthetic,0.7867543859649123,0.18923611111111116,0.5975182748538012,PRE
Polyp,segformer,Entropy,saltpepper_0.025,saltpepper,Synthetic,0.7867543859649123,0.875,0.0882456140350877,PRE-0
Polyp,segformer,Entropy,saltpepper_0.025,saltpepper,Synthetic,0.7867543859649123,0.21066922495493934,0.576085161009973,PRE
Polyp,segformer,Entropy,saltpepper_0.025,saltpepper,Synthetic,0.7867543859649123,0.875,0.0882456140350877,PRE-0
Polyp,segformer,Entropy,saltpepper_0.05,saltpepper,Synthetic,0.8008145363408522,0.18923611111111116,0.611578425229741,PRE
Polyp,segformer,Entropy,saltpepper_0.05,saltpepper,Synthetic,0.8008145363408522,0.875,0.0741854636591478,PRE-0
Polyp,segformer,Entropy,saltpepper_0.05,saltpepper,Synthetic,0.8008145363408522,0.21066922495493934,0.5901453113859129,PRE
Polyp,segformer,Entropy,saltpepper_0.05,saltpepper,Synthetic,0.8008145363408522,0.875,0.0741854636591478,PRE-0
Polyp,segformer,Entropy,saltpepper_0.07500000000000001,saltpepper,Synthetic,0.8386591478696742,0.18923611111111116,0.649423036758563,PRE
Polyp,segformer,Entropy,saltpepper_0.07500000000000001,saltpepper,Synthetic,0.8386591478696742,0.875,0.0363408521303258,PRE-0
Polyp,segformer,Entropy,saltpepper_0.07500000000000001,saltpepper,Synthetic,0.8386591478696742,0.21066922495493934,0.6279899229147349,PRE
Polyp,segformer,Entropy,saltpepper_0.07500000000000001,saltpepper,Synthetic,0.8386591478696742,0.875,0.0363408521303258,PRE-0
Polyp,segformer,Entropy,saltpepper_0.1,saltpepper,Synthetic,0.8074561403508772,0.18923611111111116,0.618220029239766,PRE
Polyp,segformer,Entropy,saltpepper_0.1,saltpepper,Synthetic,0.8074561403508772,0.875,0.0675438596491228,PRE-0
Polyp,segformer,Entropy,saltpepper_0.1,saltpepper,Synthetic,0.8074561403508772,0.21066922495493934,0.5967869153959379,PRE
Polyp,segformer,Entropy,saltpepper_0.1,saltpepper,Synthetic,0.8074561403508772,0.875,0.0675438596491228,PRE-0
Polyp,segformer,Entropy,saltpepper_0.125,saltpepper,Synthetic,0.8266290726817043,0.18923611111111116,0.6373929615705931,PRE
Polyp,segformer,Entropy,saltpepper_0.125,saltpepper,Synthetic,0.8266290726817043,0.875,0.0483709273182957,PRE-0
Polyp,segformer,Entropy,saltpepper_0.125,saltpepper,Synthetic,0.8266290726817043,0.21066922495493934,0.6159598477267649,PRE
Polyp,segformer,Entropy,saltpepper_0.125,saltpepper,Synthetic,0.8266290726817043,0.875,0.0483709273182957,PRE-0
Polyp,segformer,Entropy,saltpepper_0.15000000000000002,saltpepper,Synthetic,0.8527443609022557,0.18923611111111116,0.6635082497911445,PRE
Polyp,segformer,Entropy,saltpepper_0.15000000000000002,saltpepper,Synthetic,0.8527443609022557,0.875,0.0222556390977443,PRE-0
Polyp,segformer,Entropy,saltpepper_0.15000000000000002,saltpepper,Synthetic,0.8527443609022557,0.21066922495493934,0.6420751359473164,PRE
Polyp,segformer,Entropy,saltpepper_0.15000000000000002,saltpepper,Synthetic,0.8527443609022557,0.875,0.0222556390977443,PRE-0
Polyp,segformer,Entropy,saltpepper_0.17500000000000002,saltpepper,Synthetic,0.8687844611528823,0.18923611111111116,0.6795483500417712,PRE
Polyp,segformer,Entropy,saltpepper_0.17500000000000002,saltpepper,Synthetic,0.8687844611528823,0.875,0.0062155388471177,PRE-0
Polyp,segformer,Entropy,saltpepper_0.17500000000000002,saltpepper,Synthetic,0.8687844611528823,0.21066922495493934,0.658115236197943,PRE
Polyp,segformer,Entropy,saltpepper_0.17500000000000002,saltpepper,Synthetic,0.8687844611528823,0.875,0.0062155388471177,PRE-0
Polyp,segformer,Entropy,saltpepper_0.2,saltpepper,Synthetic,0.8429699248120301,0.18923611111111116,0.653733813700919,PRE
Polyp,segformer,Entropy,saltpepper_0.2,saltpepper,Synthetic,0.8429699248120301,0.875,0.0320300751879699,PRE-0
Polyp,segformer,Entropy,saltpepper_0.2,saltpepper,Synthetic,0.8429699248120301,0.21066922495493934,0.6323006998570908,PRE
Polyp,segformer,Entropy,saltpepper_0.2,saltpepper,Synthetic,0.8429699248120301,0.875,0.0320300751879699,PRE-0
Polyp,segformer,Entropy,saltpepper_0.225,saltpepper,Synthetic,0.8492105263157895,0.18923611111111116,0.6599744152046784,PRE
Polyp,segformer,Entropy,saltpepper_0.225,saltpepper,Synthetic,0.8492105263157895,0.875,0.0257894736842105,PRE-0
Polyp,segformer,Entropy,saltpepper_0.225,saltpepper,Synthetic,0.8492105263157895,0.21066922495493934,0.6385413013608502,PRE
Polyp,segformer,Entropy,saltpepper_0.225,saltpepper,Synthetic,0.8492105263157895,0.875,0.0257894736842105,PRE-0
Polyp,segformer,Entropy,saltpepper_0.25,saltpepper,Synthetic,0.8486340852130326,0.18923611111111116,0.6593979741019215,PRE
Polyp,segformer,Entropy,saltpepper_0.25,saltpepper,Synthetic,0.8486340852130326,0.875,0.0263659147869674,PRE-0
Polyp,segformer,Entropy,saltpepper_0.25,saltpepper,Synthetic,0.8486340852130326,0.21066922495493934,0.6379648602580933,PRE
Polyp,segformer,Entropy,saltpepper_0.25,saltpepper,Synthetic,0.8486340852130326,0.875,0.0263659147869674,PRE-0
Polyp,segformer,Entropy,saltpepper_0.275,saltpepper,Synthetic,0.8370050125313284,0.18923611111111116,0.6477689014202173,PRE
Polyp,segformer,Entropy,saltpepper_0.275,saltpepper,Synthetic,0.8370050125313284,0.875,0.0379949874686716,PRE-0
Polyp,segformer,Entropy,saltpepper_0.275,saltpepper,Synthetic,0.8370050125313284,0.21066922495493934,0.6263357875763891,PRE
Polyp,segformer,Entropy,saltpepper_0.275,saltpepper,Synthetic,0.8370050125313284,0.875,0.0379949874686716,PRE-0
Polyp,segformer,Entropy,saltpepper_0.30000000000000004,saltpepper,Synthetic,0.8542481203007519,0.18923611111111116,0.6650120091896408,PRE
Polyp,segformer,Entropy,saltpepper_0.30000000000000004,saltpepper,Synthetic,0.8542481203007519,0.875,0.0207518796992481,PRE-0
Polyp,segformer,Entropy,saltpepper_0.30000000000000004,saltpepper,Synthetic,0.8542481203007519,0.21066922495493934,0.6435788953458126,PRE
Polyp,segformer,Entropy,saltpepper_0.30000000000000004,saltpepper,Synthetic,0.8542481203007519,0.875,0.0207518796992481,PRE-0
Polyp,segformer,Entropy,saltpepper_0.325,saltpepper,Synthetic,0.8724937343358397,0.18923611111111116,0.6832576232247285,PRE
Polyp,segformer,Entropy,saltpepper_0.325,saltpepper,Synthetic,0.8724937343358397,0.875,0.0025062656641604,PRE-0
Polyp,segformer,Entropy,saltpepper_0.325,saltpepper,Synthetic,0.8724937343358397,0.21066922495493934,0.6618245093809003,PRE
Polyp,segformer,Entropy,saltpepper_0.325,saltpepper,Synthetic,0.8724937343358397,0.875,0.0025062656641604,PRE-0
Polyp,segformer,Entropy,saltpepper_0.35000000000000003,saltpepper,Synthetic,0.8661528822055138,0.18923611111111116,0.6769167710944026,PRE
Polyp,segformer,Entropy,saltpepper_0.35000000000000003,saltpepper,Synthetic,0.8661528822055138,0.875,0.0088471177944862,PRE-0
Polyp,segformer,Entropy,saltpepper_0.35000000000000003,saltpepper,Synthetic,0.8661528822055138,0.21066922495493934,0.6554836572505744,PRE
Polyp,segformer,Entropy,saltpepper_0.35000000000000003,saltpepper,Synthetic,0.8661528822055138,0.875,0.0088471177944862,PRE-0
Polyp,segformer,Entropy,saltpepper_0.375,saltpepper,Synthetic,0.862468671679198,0.18923611111111116,0.6732325605680869,PRE
Polyp,segformer,Entropy,saltpepper_0.375,saltpepper,Synthetic,0.862468671679198,0.875,0.012531328320802,PRE-0
Polyp,segformer,Entropy,saltpepper_0.375,saltpepper,Synthetic,0.862468671679198,0.21066922495493934,0.6517994467242587,PRE
Polyp,segformer,Entropy,saltpepper_0.375,saltpepper,Synthetic,0.862468671679198,0.875,0.012531328320802,PRE-0
Polyp,segformer,Entropy,saltpepper_0.4,saltpepper,Synthetic,0.8634962406015038,0.18923611111111116,0.6742601294903926,PRE
Polyp,segformer,Entropy,saltpepper_0.4,saltpepper,Synthetic,0.8634962406015038,0.875,0.0115037593984962,PRE-0
Polyp,segformer,Entropy,saltpepper_0.4,saltpepper,Synthetic,0.8634962406015038,0.21066922495493934,0.6528270156465644,PRE
Polyp,segformer,Entropy,saltpepper_0.4,saltpepper,Synthetic,0.8634962406015038,0.875,0.0115037593984962,PRE-0
Polyp,segformer,Entropy,saltpepper_0.42500000000000004,saltpepper,Synthetic,0.875,0.18923611111111116,0.6857638888888888,PRE
Polyp,segformer,Entropy,saltpepper_0.42500000000000004,saltpepper,Synthetic,0.875,0.875,0.0,PRE-0
Polyp,segformer,Entropy,saltpepper_0.42500000000000004,saltpepper,Synthetic,0.875,0.21066922495493934,0.6643307750450607,PRE
Polyp,segformer,Entropy,saltpepper_0.42500000000000004,saltpepper,Synthetic,0.875,0.875,0.0,PRE-0
Polyp,segformer,Entropy,saltpepper_0.45,saltpepper,Synthetic,0.875,0.18923611111111116,0.6857638888888888,PRE
Polyp,segformer,Entropy,saltpepper_0.45,saltpepper,Synthetic,0.875,0.875,0.0,PRE-0
Polyp,segformer,Entropy,saltpepper_0.45,saltpepper,Synthetic,0.875,0.21066922495493934,0.6643307750450607,PRE
Polyp,segformer,Entropy,saltpepper_0.45,saltpepper,Synthetic,0.875,0.875,0.0,PRE-0
Polyp,segformer,Entropy,saltpepper_0.47500000000000003,saltpepper,Synthetic,0.875,0.18923611111111116,0.6857638888888888,PRE
Polyp,segformer,Entropy,saltpepper_0.47500000000000003,saltpepper,Synthetic,0.875,0.875,0.0,PRE-0
Polyp,segformer,Entropy,saltpepper_0.47500000000000003,saltpepper,Synthetic,0.875,0.21066922495493934,0.6643307750450607,PRE
Polyp,segformer,Entropy,saltpepper_0.47500000000000003,saltpepper,Synthetic,0.875,0.875,0.0,PRE-0
Polyp,segformer,Entropy,saltpepper_0.5,saltpepper,Synthetic,0.875,0.18923611111111116,0.6857638888888888,PRE
Polyp,segformer,Entropy,saltpepper_0.5,saltpepper,Synthetic,0.875,0.875,0.0,PRE-0
Polyp,segformer,Entropy,saltpepper_0.5,saltpepper,Synthetic,0.875,0.21066922495493934,0.6643307750450607,PRE
Polyp,segformer,Entropy,saltpepper_0.5,saltpepper,Synthetic,0.875,0.875,0.0,PRE-0
Polyp,segformer,Entropy,EtisLaribDB,Organic,Organic,0.50765664160401,0.18263172340573663,0.32502491819827345,PRE
Polyp,segformer,Entropy,EtisLaribDB,Organic,Organic,0.50765664160401,0.8444622807017544,0.3368056390977443,PRE-0
Polyp,segformer,Entropy,EtisLaribDB,Organic,Organic,0.50765664160401,0.20328191595408074,0.30437472564992935,PRE
Polyp,segformer,Entropy,EtisLaribDB,Organic,Organic,0.50765664160401,0.8444273804511278,0.3367707388471177,PRE-0
Polyp,segformer,Entropy,CVC-ClinicDB,Organic,Organic,0.12860902255639095,0.15379052753411315,0.025181504977722202,PRE
Polyp,segformer,Entropy,CVC-ClinicDB,Organic,Organic,0.12860902255639095,0.7111048245614036,0.5824958020050126,PRE-0
Polyp,segformer,Entropy,CVC-ClinicDB,Organic,Organic,0.12860902255639095,0.17102172237329172,0.04241269981690077,PRE
Polyp,segformer,Entropy,CVC-ClinicDB,Organic,Organic,0.12860902255639095,0.7109175157894737,0.5823084932330828,PRE-0
Polyp,segformer,Entropy,EndoCV2020,Organic,Organic,0.07068922305764402,0.10748448901738383,0.03679526595973981,PRE
Polyp,segformer,Entropy,EndoCV2020,Organic,Organic,0.07068922305764402,0.4969924996767103,0.42630327661906625,PRE-0
Polyp,segformer,Entropy,EndoCV2020,Organic,Organic,0.07068922305764402,0.11922630538855683,0.048537082330912806,PRE
Polyp,segformer,Entropy,EndoCV2020,Organic,Organic,0.07068922305764402,0.4965604911049123,0.42587126804726827,PRE-0
Polyp,segformer,Entropy,smear_0.025,smear,Synthetic,0.006904761904761858,0.13395867234010572,0.12705391043534386,PRE
Polyp,segformer,Entropy,smear_0.025,smear,Synthetic,0.006904761904761858,0.4856042018178848,0.4786994399131229,PRE-0
Polyp,segformer,Entropy,smear_0.025,smear,Synthetic,0.006904761904761858,0.14540305365979367,0.1384982917550318,PRE
Polyp,segformer,Entropy,smear_0.025,smear,Synthetic,0.006904761904761858,0.4851591780485338,0.47825441614377195,PRE-0
Polyp,segformer,Entropy,smear_0.05,smear,Synthetic,-0.006353383458646666,0.08594951999958533,0.092302903458232,PRE
Polyp,segformer,Entropy,smear_0.05,smear,Synthetic,-0.006353383458646666,0.3115695858052576,0.3179229692639043,PRE-0
Polyp,segformer,Entropy,smear_0.05,smear,Synthetic,-0.006353383458646666,0.09293398701791633,0.099287370476563,PRE
Polyp,segformer,Entropy,smear_0.05,smear,Synthetic,-0.006353383458646666,0.31092566533189225,0.3172790487905389,PRE-0
Polyp,segformer,Entropy,smear_0.07500000000000001,smear,Synthetic,0.036152882205513825,0.10258047348205046,0.06642759127653663,PRE
Polyp,segformer,Entropy,smear_0.07500000000000001,smear,Synthetic,0.036152882205513825,0.3718572905894518,0.335704408383938,PRE-0
Polyp,segformer,Entropy,smear_0.07500000000000001,smear,Synthetic,0.036152882205513825,0.11110990898379824,0.07495702677828442,PRE
Polyp,segformer,Entropy,smear_0.07500000000000001,smear,Synthetic,0.036152882205513825,0.3712822703501254,0.3351293881446116,PRE-0
Polyp,segformer,Entropy,smear_0.1,smear,Synthetic,0.023471177944862198,0.17459648330758692,0.15112530536272473,PRE
Polyp,segformer,Entropy,smear_0.1,smear,Synthetic,0.023471177944862198,0.6329174844427511,0.6094463064978889,PRE-0
Polyp,segformer,Entropy,smear_0.1,smear,Synthetic,0.023471177944862198,0.1898160021890507,0.1663448242441885,PRE
Polyp,segformer,Entropy,smear_0.1,smear,Synthetic,0.023471177944862198,0.6326408187106856,0.6091696407658234,PRE-0
Polyp,segformer,Entropy,smear_0.125,smear,Synthetic,0.047506265664160385,0.12581251312096164,0.07830624745680126,PRE
Polyp,segformer,Entropy,smear_0.125,smear,Synthetic,0.047506265664160385,0.4560741305176073,0.4085678648534469,PRE-0
Polyp,segformer,Entropy,smear_0.125,smear,Synthetic,0.047506265664160385,0.13650013931727445,0.08899387365311406,PRE
Polyp,segformer,Entropy,smear_0.125,smear,Synthetic,0.047506265664160385,0.4555953580953417,0.4080890924311813,PRE-0
Polyp,segformer,Entropy,smear_0.15000000000000002,smear,Synthetic,0.13718045112781962,0.08831928966029345,0.04886116146752617,PRE
Polyp,segformer,Entropy,smear_0.15000000000000002,smear,Synthetic,0.13718045112781962,0.3201600718445544,0.1829796207167348,PRE-0
Polyp,segformer,Entropy,smear_0.15000000000000002,smear,Synthetic,0.13718045112781962,0.09552390156945179,0.04165654955836784,PRE
Polyp,segformer,Entropy,smear_0.15000000000000002,smear,Synthetic,0.13718045112781962,0.3195259690695196,0.18234551794169995,PRE-0
Polyp,segformer,Entropy,smear_0.17500000000000002,smear,Synthetic,0.16397243107769421,0.19927280513849255,0.035300374060798334,PRE
Polyp,segformer,Entropy,smear_0.17500000000000002,smear,Synthetic,0.16397243107769421,0.7223698906003373,0.5583974595226431,PRE-0
Polyp,segformer,Entropy,smear_0.17500000000000002,smear,Synthetic,0.16397243107769421,0.21678468444027676,0.05281225336258255,PRE
Polyp,segformer,Entropy,smear_0.17500000000000002,smear,Synthetic,0.16397243107769421,0.7221954561895948,0.5582230251119006,PRE-0
Polyp,segformer,Entropy,smear_0.2,smear,Synthetic,0.2589097744360902,0.20196419476118332,0.05694557967490688,PRE
Polyp,segformer,Entropy,smear_0.2,smear,Synthetic,0.2589097744360902,0.732126258640396,0.4732164842043059,PRE-0
Polyp,segformer,Entropy,smear_0.2,smear,Synthetic,0.2589097744360902,0.21972609653750796,0.039183677898582236,PRE
Polyp,segformer,Entropy,smear_0.2,smear,Synthetic,0.2589097744360902,0.7319629743645565,0.4730531999284663,PRE-0
Polyp,segformer,Entropy,smear_0.225,smear,Synthetic,0.26362155388471176,0.08403513744936275,0.179586416435349,PRE
Polyp,segformer,Entropy,smear_0.225,smear,Synthetic,0.26362155388471176,0.3046298916888913,0.04100833780417956,PRE-0
Polyp,segformer,Entropy,smear_0.225,smear,Synthetic,0.26362155388471176,0.09084176374987729,0.17277979013483447,PRE
Polyp,segformer,Entropy,smear_0.225,smear,Synthetic,0.26362155388471176,0.30397804013653573,0.040356486251823975,PRE-0
Polyp,segformer,Entropy,smear_0.25,smear,Synthetic,0.417531328320802,0.1330649244621378,0.2844664038586642,PRE
Polyp,segformer,Entropy,smear_0.25,smear,Synthetic,0.417531328320802,0.4823643389756707,0.06483301065486874,PRE-0
Polyp,segformer,Entropy,smear_0.25,smear,Synthetic,0.417531328320802,0.14442627913485473,0.27310504918594725,PRE
Polyp,segformer,Entropy,smear_0.25,smear,Synthetic,0.417531328320802,0.4819156125059286,0.06438428418512665,PRE-0
Polyp,segformer,Entropy,smear_0.275,smear,Synthetic,0.4190350877192982,0.129421647467871,0.2896134402514272,PRE
Polyp,segformer,Entropy,smear_0.275,smear,Synthetic,0.4190350877192982,0.4691573506866961,0.05012226296739791,PRE-0
Polyp,segformer,Entropy,smear_0.275,smear,Synthetic,0.4190350877192982,0.14044455202475836,0.27859053569453984,PRE
Polyp,segformer,Entropy,smear_0.275,smear,Synthetic,0.4190350877192982,0.4686935305160522,0.04965844279675402,PRE-0
Polyp,segformer,Entropy,smear_0.30000000000000004,smear,Synthetic,0.5226691729323307,0.1645571727923738,0.358112000139957,PRE
Polyp,segformer,Entropy,smear_0.30000000000000004,smear,Synthetic,0.5226691729323307,0.5965246829586892,0.07385551002635843,PRE-0
Polyp,segformer,Entropy,smear_0.30000000000000004,smear,Synthetic,0.5226691729323307,0.1788440681560346,0.3438251047762962,PRE
Polyp,segformer,Entropy,smear_0.30000000000000004,smear,Synthetic,0.5226691729323307,0.5962064254534991,0.07353725252116833,PRE-0
Polyp,segformer,Entropy,smear_0.325,smear,Synthetic,0.5563533834586466,0.18710781475600136,0.36924556870264524,PRE
Polyp,segformer,Entropy,smear_0.325,smear,Synthetic,0.5563533834586466,0.678271435893249,0.12191805243460241,PRE-0
Polyp,segformer,Entropy,smear_0.325,smear,Synthetic,0.5563533834586466,0.20348960089975787,0.35286378255888873,PRE
Polyp,segformer,Entropy,smear_0.325,smear,Synthetic,0.5563533834586466,0.6780466032485556,0.12169321978990899,PRE-0
Polyp,segformer,Entropy,smear_0.35000000000000003,smear,Synthetic,0.5815664160401003,0.12498196765882741,0.4565844483812729,PRE
Polyp,segformer,Entropy,smear_0.35000000000000003,smear,Synthetic,0.5815664160401003,0.4530633783268927,0.1285030377132076,PRE-0
Polyp,segformer,Entropy,smear_0.35000000000000003,smear,Synthetic,0.5815664160401003,0.13559243853362513,0.44597397750647516,PRE
Polyp,segformer,Entropy,smear_0.35000000000000003,smear,Synthetic,0.5815664160401003,0.4525811650449806,0.1289852509951197,PRE-0
Polyp,segformer,Entropy,smear_0.375,smear,Synthetic,0.6721177944862156,0.16574336393911626,0.5063744305470993,PRE
Polyp,segformer,Entropy,smear_0.375,smear,Synthetic,0.6721177944862156,0.6008246614143942,0.07129313307182136,PRE-0
Polyp,segformer,Entropy,smear_0.375,smear,Synthetic,0.6721177944862156,0.18014045310128401,0.49197734138493154,PRE
Polyp,segformer,Entropy,smear_0.375,smear,Synthetic,0.6721177944862156,0.6005113181702963,0.07160647631591918,PRE-0
Polyp,segformer,Entropy,smear_0.4,smear,Synthetic,0.6424185463659148,0.12418112702183692,0.5182374193440779,PRE
Polyp,segformer,Entropy,smear_0.4,smear,Synthetic,0.6424185463659148,0.4501603070175439,0.1922582393483709,PRE-0
Polyp,segformer,Entropy,smear_0.4,smear,Synthetic,0.6424185463659148,0.1347172020692582,0.5077013442966566,PRE
Polyp,segformer,Entropy,smear_0.4,smear,Synthetic,0.6424185463659148,0.4496747759398497,0.19274377042606508,PRE-0
Polyp,segformer,Entropy,smear_0.42500000000000004,smear,Synthetic,0.6728696741854637,0.14509904241216465,0.5277706317732991,PRE
Polyp,segformer,Entropy,smear_0.42500000000000004,smear,Synthetic,0.6728696741854637,0.5259883771929824,0.1468812969924813,PRE-0
Polyp,segformer,Entropy,smear_0.42500000000000004,smear,Synthetic,0.6728696741854637,0.1575783325645348,0.5152913416209289,PRE
Polyp,segformer,Entropy,smear_0.42500000000000004,smear,Synthetic,0.6728696741854637,0.5255895067669173,0.1472801674185464,PRE-0
Polyp,segformer,Entropy,smear_0.45,smear,Synthetic,0.7102380952380953,0.1400171122540147,0.5702209829840806,PRE
Polyp,segformer,Entropy,smear_0.45,smear,Synthetic,0.7102380952380953,0.5075662280701755,0.20267186716791982,PRE-0
Polyp,segformer,Entropy,smear_0.45,smear,Synthetic,0.7102380952380953,0.15202430548557122,0.5582137897525241,PRE
Polyp,segformer,Entropy,smear_0.45,smear,Synthetic,0.7102380952380953,0.5071463037593985,0.2030917914786968,PRE-0
Polyp,segformer,Entropy,smear_0.47500000000000003,smear,Synthetic,0.8002380952380953,0.16578103222060925,0.6344570630174861,PRE
Polyp,segformer,Entropy,smear_0.47500000000000003,smear,Synthetic,0.8002380952380953,0.6009612100636803,0.199276885174415,PRE-0
Polyp,segformer,Entropy,smear_0.47500000000000003,smear,Synthetic,0.8002380952380953,0.18018162065945942,0.6200564745786359,PRE
Polyp,segformer,Entropy,smear_0.47500000000000003,smear,Synthetic,0.8002380952380953,0.6006480228751817,0.1995900723629136,PRE-0
Polyp,segformer,Entropy,smear_0.5,smear,Synthetic,0.7734461152882206,0.19641950134994113,0.5770266139382795,PRE
Polyp,segformer,Entropy,smear_0.5,smear,Synthetic,0.7734461152882206,0.7120265788566555,0.061419536431565114,PRE-0
Polyp,segformer,Entropy,smear_0.5,smear,Synthetic,0.7734461152882206,0.21366631680968096,0.5597797984785396,PRE
Polyp,segformer,Entropy,smear_0.5,smear,Synthetic,0.7734461152882206,0.7118403235182059,0.06160579177001471,PRE-0
Polyp,segformer,Entropy,EtisLaribDB,Organic,Organic,0.50765664160401,0.23295318603221016,0.2747034555717999,PRE
Polyp,segformer,Entropy,EtisLaribDB,Organic,Organic,0.50765664160401,0.8444622807017544,0.3368056390977443,PRE-0
Polyp,segformer,Entropy,EtisLaribDB,Organic,Organic,0.50765664160401,0.25359387734378824,0.25406276426022184,PRE
Polyp,segformer,Entropy,EtisLaribDB,Organic,Organic,0.50765664160401,0.8444273804511278,0.3367707388471177,PRE-0
Polyp,segformer,Entropy,CVC-ClinicDB,Organic,Organic,0.12860902255639095,0.19616522640513323,0.06755620384874228,PRE
Polyp,segformer,Entropy,CVC-ClinicDB,Organic,Organic,0.12860902255639095,0.7111048245614036,0.5824958020050126,PRE-0
Polyp,segformer,Entropy,CVC-ClinicDB,Organic,Organic,0.12860902255639095,0.21338842044254946,0.08477939788615851,PRE
Polyp,segformer,Entropy,CVC-ClinicDB,Organic,Organic,0.12860902255639095,0.7109175157894737,0.5823084932330828,PRE-0
Polyp,segformer,Entropy,EndoCV2020,Organic,Organic,0.07068922305764402,0.11540806624886935,0.04471884319122532,PRE
Polyp,segformer,Entropy,EndoCV2020,Organic,Organic,0.07068922305764402,0.4183576987971479,0.3476684757395039,PRE-0
Polyp,segformer,Entropy,EndoCV2020,Organic,Organic,0.07068922305764402,0.12512914879380854,0.05443992573616452,PRE
Polyp,segformer,Entropy,EndoCV2020,Organic,Organic,0.07068922305764402,0.4178358218814875,0.34714659882384347,PRE-0
CCT,vit,kNN,brightness_0.025,brightness,Synthetic,-0.023404966743782563,0.025969926297068402,0.049374893040850965,PRE
CCT,vit,kNN,brightness_0.025,brightness,Synthetic,-0.023404966743782563,0.11991817588244036,0.14332314262622292,PRE-0
CCT,vit,kNN,brightness_0.025,brightness,Synthetic,-0.023404966743782563,0.03628310918839717,0.05968807593217973,PRE
CCT,vit,kNN,brightness_0.025,brightness,Synthetic,-0.023404966743782563,0.13044468801986742,0.15384965476364998,PRE-0
CCT,vit,kNN,brightness_0.05,brightness,Synthetic,-0.02979594418739162,0.02995216130105005,0.05974810548844167,PRE
CCT,vit,kNN,brightness_0.05,brightness,Synthetic,-0.02979594418739162,0.13830645901232363,0.16810240319971526,PRE-0
CCT,vit,kNN,brightness_0.05,brightness,Synthetic,-0.02979594418739162,0.029384824959234446,0.05918076914662607,PRE
CCT,vit,kNN,brightness_0.05,brightness,Synthetic,-0.02979594418739162,0.13818474267103964,0.16798068685843126,PRE-0
CCT,vit,kNN,brightness_0.07500000000000001,brightness,Synthetic,-0.03651273616734163,0.027655061636236766,0.0641677978035784,PRE
CCT,vit,kNN,brightness_0.07500000000000001,brightness,Synthetic,-0.03651273616734163,0.12769942076071072,0.16421215692805236,PRE-0
CCT,vit,kNN,brightness_0.07500000000000001,brightness,Synthetic,-0.03651273616734163,0.03753534037600381,0.07404807654334544,PRE
CCT,vit,kNN,brightness_0.07500000000000001,brightness,Synthetic,-0.03651273616734163,0.13584867220883812,0.17236140837617975,PRE-0
CCT,vit,kNN,brightness_0.1,brightness,Synthetic,-0.03896887651821879,0.022575849610567245,0.06154472612878603,PRE
CCT,vit,kNN,brightness_0.1,brightness,Synthetic,-0.03896887651821879,0.10424576001207786,0.14321463653029665,PRE-0
CCT,vit,kNN,brightness_0.1,brightness,Synthetic,-0.03896887651821879,0.03393522422605999,0.07290410074427878,PRE
CCT,vit,kNN,brightness_0.1,brightness,Synthetic,-0.03896887651821879,0.11562910472019838,0.15459798123841717,PRE-0
CCT,vit,kNN,brightness_0.125,brightness,Synthetic,-0.031550330152303796,0.025803844498813566,0.05735417465111736,PRE
CCT,vit,kNN,brightness_0.125,brightness,Synthetic,-0.031550330152303796,0.1191512801251653,0.1507016102774691,PRE-0
CCT,vit,kNN,brightness_0.125,brightness,Synthetic,-0.031550330152303796,0.02539255049333,0.0569428806456338,PRE
CCT,vit,kNN,brightness_0.125,brightness,Synthetic,-0.031550330152303796,0.11856979217424468,0.15012012232654848,PRE-0
CCT,vit,kNN,brightness_0.15000000000000002,brightness,Synthetic,-0.020121758723732452,0.02468931947921238,0.04481107820294483,PRE
CCT,vit,kNN,brightness_0.15000000000000002,brightness,Synthetic,-0.020121758723732452,0.11400487324679753,0.13412663197052999,PRE-0
CCT,vit,kNN,brightness_0.15000000000000002,brightness,Synthetic,-0.020121758723732452,0.023734909624942846,0.0438566683486753,PRE
CCT,vit,kNN,brightness_0.15000000000000002,brightness,Synthetic,-0.020121758723732452,0.11359082392187603,0.13371258264560848,PRE-0
CCT,vit,kNN,brightness_0.17500000000000002,brightness,Synthetic,-0.026161858974359187,0.053417952190468854,0.07957981116482804,PRE
CCT,vit,kNN,brightness_0.17500000000000002,brightness,Synthetic,-0.026161858974359187,0.24666159282783806,0.27282345180219725,PRE-0
CCT,vit,kNN,brightness_0.17500000000000002,brightness,Synthetic,-0.026161858974359187,0.05441389285198672,0.08057575182634591,PRE
CCT,vit,kNN,brightness_0.17500000000000002,brightness,Synthetic,-0.026161858974359187,0.24532828521805072,0.2714901441924099,PRE-0
CCT,vit,kNN,brightness_0.2,brightness,Synthetic,-0.034232034412955636,0.04776052172392953,0.08199255613688516,PRE
CCT,vit,kNN,brightness_0.2,brightness,Synthetic,-0.034232034412955636,0.22053796298119788,0.2547699973941535,PRE-0
CCT,vit,kNN,brightness_0.2,brightness,Synthetic,-0.034232034412955636,0.0496252260746457,0.08385726048760134,PRE
CCT,vit,kNN,brightness_0.2,brightness,Synthetic,-0.034232034412955636,0.2227367493130784,0.25696878372603404,PRE-0
CCT,vit,kNN,brightness_0.225,brightness,Synthetic,0.005592526990553237,0.10147836876014804,0.0958858417695948,PRE
CCT,vit,kNN,brightness_0.225,brightness,Synthetic,0.005592526990553237,0.4685843438306676,0.46299181684011437,PRE-0
CCT,vit,kNN,brightness_0.225,brightness,Synthetic,0.005592526990553237,0.12151168220128783,0.11591915521073459,PRE
CCT,vit,kNN,brightness_0.225,brightness,Synthetic,0.005592526990553237,0.4750407761980367,0.46944824920748346,PRE-0
CCT,vit,kNN,brightness_0.25,brightness,Synthetic,-0.011124264989396782,0.11104022699612348,0.12216449198552026,PRE
CCT,vit,kNN,brightness_0.25,brightness,Synthetic,-0.011124264989396782,0.5127369757861195,0.5238612407755163,PRE-0
CCT,vit,kNN,brightness_0.25,brightness,Synthetic,-0.011124264989396782,0.10409213185343613,0.11521639684283291,PRE
CCT,vit,kNN,brightness_0.25,brightness,Synthetic,-0.011124264989396782,0.5109296171504697,0.5220538821398665,PRE-0
CCT,vit,kNN,brightness_0.275,brightness,Synthetic,0.0025098202236359946,0.0978030161020883,0.09529319587845231,PRE
CCT,vit,kNN,brightness_0.275,brightness,Synthetic,0.0025098202236359946,0.4516131140536712,0.4491032938300352,PRE-0
CCT,vit,kNN,brightness_0.275,brightness,Synthetic,0.0025098202236359946,0.10624690785667212,0.10373708763303613,PRE
CCT,vit,kNN,brightness_0.275,brightness,Synthetic,0.0025098202236359946,0.448267269612534,0.445757449388898,PRE-0
CCT,vit,kNN,brightness_0.30000000000000004,brightness,Synthetic,0.018800547040678572,0.09364240419174152,0.07484185715106295,PRE
CCT,vit,kNN,brightness_0.30000000000000004,brightness,Synthetic,0.018800547040678572,0.4324011615384322,0.41360061449775365,PRE-0
CCT,vit,kNN,brightness_0.30000000000000004,brightness,Synthetic,0.018800547040678572,0.0921832217311791,0.07338267469050053,PRE
CCT,vit,kNN,brightness_0.30000000000000004,brightness,Synthetic,0.018800547040678572,0.42891770575971266,0.4101171587190341,PRE-0
CCT,vit,kNN,brightness_0.325,brightness,Synthetic,0.04423914353190661,0.1355665679361049,0.09132742440419828,PRE
CCT,vit,kNN,brightness_0.325,brightness,Synthetic,0.04423914353190661,0.625989282818096,0.5817501392861895,PRE-0
CCT,vit,kNN,brightness_0.325,brightness,Synthetic,0.04423914353190661,0.15698783708428943,0.11274869355238282,PRE
CCT,vit,kNN,brightness_0.325,brightness,Synthetic,0.04423914353190661,0.6256795635364218,0.5814404200045153,PRE-0
CCT,vit,kNN,brightness_0.35000000000000003,brightness,Synthetic,0.04193337912087913,0.10902568905889187,0.06709230993801274,PRE
CCT,vit,kNN,brightness_0.35000000000000003,brightness,Synthetic,0.04193337912087913,0.5034346885206349,0.46150130939975575,PRE-0
CCT,vit,kNN,brightness_0.35000000000000003,brightness,Synthetic,0.04193337912087913,0.09606703677074069,0.054133657649861555,PRE
CCT,vit,kNN,brightness_0.35000000000000003,brightness,Synthetic,0.04193337912087913,0.4969194327301677,0.45498605360928857,PRE-0
CCT,vit,kNN,brightness_0.375,brightness,Synthetic,0.068900797667245,0.131766416827236,0.062865619159991,PRE
CCT,vit,kNN,brightness_0.375,brightness,Synthetic,0.068900797667245,0.6084417863854772,0.5395409887182322,PRE-0
CCT,vit,kNN,brightness_0.375,brightness,Synthetic,0.068900797667245,0.12813049406973975,0.05922969640249476,PRE
CCT,vit,kNN,brightness_0.375,brightness,Synthetic,0.068900797667245,0.6083179026781929,0.5394171050109478,PRE-0
CCT,vit,kNN,brightness_0.4,brightness,Synthetic,0.05922661220358583,0.1265585698186279,0.06733195761504207,PRE
CCT,vit,kNN,brightness_0.4,brightness,Synthetic,0.05922661220358583,0.5843941434925664,0.5251675312889805,PRE-0
CCT,vit,kNN,brightness_0.4,brightness,Synthetic,0.05922661220358583,0.11903841876959131,0.05981180656600549,PRE
CCT,vit,kNN,brightness_0.4,brightness,Synthetic,0.05922661220358583,0.5799959445345038,0.5207693323309179,PRE-0
CCT,vit,kNN,brightness_0.42500000000000004,brightness,Synthetic,0.05474039666473862,0.15752594550602306,0.10278554884128444,PRE
CCT,vit,kNN,brightness_0.42500000000000004,brightness,Synthetic,0.05474039666473862,0.7273884347284973,0.6726480380637587,PRE-0
CCT,vit,kNN,brightness_0.42500000000000004,brightness,Synthetic,0.05474039666473862,0.14253960994968584,0.08779921328494722,PRE
CCT,vit,kNN,brightness_0.42500000000000004,brightness,Synthetic,0.05474039666473862,0.7280175280442184,0.6732771313794798,PRE-0
CCT,vit,kNN,brightness_0.45,brightness,Synthetic,0.05689578513591664,0.10008506679215834,0.043189281656241696,PRE
CCT,vit,kNN,brightness_0.45,brightness,Synthetic,0.05689578513591664,0.4621506624815763,0.4052548773456597,PRE-0
CCT,vit,kNN,brightness_0.45,brightness,Synthetic,0.05689578513591664,0.10275738346464114,0.045861598328724495,PRE
CCT,vit,kNN,brightness_0.45,brightness,Synthetic,0.05689578513591664,0.4644385908840359,0.40754280574811924,PRE-0
CCT,vit,kNN,brightness_0.47500000000000003,brightness,Synthetic,0.03667022122614216,0.15247979023257885,0.11580956900643669,PRE
CCT,vit,kNN,brightness_0.47500000000000003,brightness,Synthetic,0.03667022122614216,0.7040874161314867,0.6674171949053446,PRE-0
CCT,vit,kNN,brightness_0.47500000000000003,brightness,Synthetic,0.03667022122614216,0.16369269091194638,0.12702246968580422,PRE
CCT,vit,kNN,brightness_0.47500000000000003,brightness,Synthetic,0.03667022122614216,0.7025221915307394,0.6658519703045972,PRE-0
CCT,vit,kNN,brightness_0.5,brightness,Synthetic,0.04920154954694422,0.12408235417686952,0.0748808046299253,PRE
CCT,vit,kNN,brightness_0.5,brightness,Synthetic,0.04920154954694422,0.5729600231391039,0.5237584735921597,PRE-0
CCT,vit,kNN,brightness_0.5,brightness,Synthetic,0.04920154954694422,0.12792411360072353,0.07872256405377931,PRE
CCT,vit,kNN,brightness_0.5,brightness,Synthetic,0.04920154954694422,0.5773588255935026,0.5281572760465584,PRE-0
CCT,vit,kNN,OoD Val,Organic,Organic,0.6231865119529592,0.20286271654530275,0.42032379540765646,PRE
CCT,vit,kNN,OoD Val,Organic,Organic,0.6231865119529592,0.9367345384193657,0.3135480264664065,PRE-0
CCT,vit,kNN,OoD Val,Organic,Organic,0.6231865119529592,0.2107122919911263,0.4124742199618329,PRE
CCT,vit,kNN,OoD Val,Organic,Organic,0.6231865119529592,0.9367395814681323,0.3135530695151731,PRE-0
CCT,vit,kNN,OoD Test,Organic,Organic,0.6331865119529592,0.2031135635847765,0.4300729483681827,PRE
CCT,vit,kNN,OoD Test,Organic,Organic,0.6331865119529592,0.9378928443404183,0.3047063323874591,PRE-0
CCT,vit,kNN,OoD Test,Organic,Organic,0.6331865119529592,0.20276148497089996,0.43042502698205926,PRE
CCT,vit,kNN,OoD Test,Organic,Organic,0.6331865119529592,0.9378904006303126,0.3047038886773534,PRE-0
CCT,vit,kNN,contrast_0.025,contrast,Synthetic,-0.016136796317717583,0.030695948432982623,0.046832744750700206,PRE
CCT,vit,kNN,contrast_0.025,contrast,Synthetic,-0.016136796317717583,0.12414221897147504,0.14027901528919262,PRE-0
CCT,vit,kNN,contrast_0.025,contrast,Synthetic,-0.016136796317717583,0.028554432937015983,0.04469122925473357,PRE
CCT,vit,kNN,contrast_0.025,contrast,Synthetic,-0.016136796317717583,0.12214133535217264,0.13827813166989023,PRE-0
CCT,vit,kNN,contrast_0.05,contrast,Synthetic,-0.04646261085405845,0.02466930980686821,0.07113192066092666,PRE
CCT,vit,kNN,contrast_0.05,contrast,Synthetic,-0.04646261085405845,0.0997689602784434,0.14623157113250185,PRE-0
CCT,vit,kNN,contrast_0.05,contrast,Synthetic,-0.04646261085405845,0.023814437906079955,0.0702770487601384,PRE
CCT,vit,kNN,contrast_0.05,contrast,Synthetic,-0.04646261085405845,0.10021460566958174,0.14667721652364019,PRE-0
CCT,vit,kNN,contrast_0.07500000000000001,contrast,Synthetic,-0.026036545691150992,0.022978956346927815,0.049015502038078806,PRE
CCT,vit,kNN,contrast_0.07500000000000001,contrast,Synthetic,-0.026036545691150992,0.09293274116564243,0.11896928685679342,PRE-0
CCT,vit,kNN,contrast_0.07500000000000001,contrast,Synthetic,-0.026036545691150992,0.03295547053479442,0.05899201622594541,PRE
CCT,vit,kNN,contrast_0.07500000000000001,contrast,Synthetic,-0.026036545691150992,0.10081988378966389,0.12685642948081488,PRE-0
CCT,vit,kNN,contrast_0.1,contrast,Synthetic,-0.02754030508964722,0.026023822892562998,0.05356412798221022,PRE
CCT,vit,kNN,contrast_0.1,contrast,Synthetic,-0.02754030508964722,0.10524695554062524,0.13278726063027246,PRE-0
CCT,vit,kNN,contrast_0.1,contrast,Synthetic,-0.02754030508964722,0.029593289638883635,0.057133594728530857,PRE
CCT,vit,kNN,contrast_0.1,contrast,Synthetic,-0.02754030508964722,0.10862947898581576,0.13616978407546299,PRE-0
CCT,vit,kNN,contrast_0.125,contrast,Synthetic,-0.01736486649315605,0.025933314086314607,0.04329818057947066,PRE
CCT,vit,kNN,contrast_0.125,contrast,Synthetic,-0.01736486649315605,0.10488091491905338,0.12224578141220943,PRE-0
CCT,vit,kNN,contrast_0.125,contrast,Synthetic,-0.01736486649315605,0.01825817180663758,0.03562303829979363,PRE
CCT,vit,kNN,contrast_0.125,contrast,Synthetic,-0.01736486649315605,0.09879652112417314,0.11616138761732919,PRE-0
CCT,vit,kNN,contrast_0.15000000000000002,contrast,Synthetic,-0.025134290052053254,0.034145066807584445,0.0592793568596377,PRE
CCT,vit,kNN,contrast_0.15000000000000002,contrast,Synthetic,-0.025134290052053254,0.13809133051149391,0.16322562056354717,PRE-0
CCT,vit,kNN,contrast_0.15000000000000002,contrast,Synthetic,-0.025134290052053254,0.04446154634316213,0.06959583639521538,PRE
CCT,vit,kNN,contrast_0.15000000000000002,contrast,Synthetic,-0.025134290052053254,0.15040218989834198,0.17553647995039523,PRE-0
CCT,vit,kNN,contrast_0.17500000000000002,contrast,Synthetic,-0.041675643435512,0.05608835046783367,0.09776399390334567,PRE
CCT,vit,kNN,contrast_0.17500000000000002,contrast,Synthetic,-0.041675643435512,0.22683554804402084,0.26851119147953284,PRE-0
CCT,vit,kNN,contrast_0.17500000000000002,contrast,Synthetic,-0.041675643435512,0.06483469599304115,0.10651033942855315,PRE
CCT,vit,kNN,contrast_0.17500000000000002,contrast,Synthetic,-0.041675643435512,0.23154737188172403,0.27322301531723603,PRE-0
CCT,vit,kNN,contrast_0.2,contrast,Synthetic,-0.030723262483130953,0.03636302026200555,0.0670862827451365,PRE
CCT,vit,kNN,contrast_0.2,contrast,Synthetic,-0.030723262483130953,0.14706129812817914,0.1777845606113101,PRE-0
CCT,vit,kNN,contrast_0.2,contrast,Synthetic,-0.030723262483130953,0.03247469904055922,0.06319796152369017,PRE
CCT,vit,kNN,contrast_0.2,contrast,Synthetic,-0.030723262483130953,0.1387296829708775,0.16945294545400846,PRE-0
CCT,vit,kNN,contrast_0.225,contrast,Synthetic,-0.018216996818970377,0.028020847425195172,0.04623784424416555,PRE
CCT,vit,kNN,contrast_0.225,contrast,Synthetic,-0.018216996818970377,0.1133234304331564,0.13154042725212678,PRE-0
CCT,vit,kNN,contrast_0.225,contrast,Synthetic,-0.018216996818970377,0.022995812161317963,0.04121280898028834,PRE
CCT,vit,kNN,contrast_0.225,contrast,Synthetic,-0.018216996818970377,0.10777594416934466,0.12599294098831504,PRE-0
CCT,vit,kNN,contrast_0.25,contrast,Synthetic,-0.005334791305185993,0.03776031107210598,0.04309510237729197,PRE
CCT,vit,kNN,contrast_0.25,contrast,Synthetic,-0.005334791305185993,0.1527122973827887,0.15804708868797468,PRE-0
CCT,vit,kNN,contrast_0.25,contrast,Synthetic,-0.005334791305185993,0.04209324734696529,0.04742803865215128,PRE
CCT,vit,kNN,contrast_0.25,contrast,Synthetic,-0.005334791305185993,0.15683832375594497,0.16217311506113097,PRE-0
CCT,vit,kNN,contrast_0.275,contrast,Synthetic,-0.00611173366107598,0.05990017811253334,0.06601191177360932,PRE
CCT,vit,kNN,contrast_0.275,contrast,Synthetic,-0.00611173366107598,0.24225154808008353,0.24836328174115951,PRE-0
CCT,vit,kNN,contrast_0.275,contrast,Synthetic,-0.00611173366107598,0.0632559810867398,0.06936771474781578,PRE
CCT,vit,kNN,contrast_0.275,contrast,Synthetic,-0.00611173366107598,0.24632880643181698,0.25244054009289296,PRE-0
CCT,vit,kNN,contrast_0.30000000000000004,contrast,Synthetic,0.001306812704838789,0.06300094523335453,0.061694132528515744,PRE
CCT,vit,kNN,contrast_0.30000000000000004,contrast,Synthetic,0.001306812704838789,0.2547918385921345,0.2534850258872957,PRE-0
CCT,vit,kNN,contrast_0.30000000000000004,contrast,Synthetic,0.001306812704838789,0.056784383457171295,0.055477570752332506,PRE
CCT,vit,kNN,contrast_0.30000000000000004,contrast,Synthetic,0.001306812704838789,0.25588017926740636,0.25457336656256757,PRE-0
CCT,vit,kNN,contrast_0.325,contrast,Synthetic,0.022108817717370388,0.08094260435716027,0.05883378663978989,PRE
CCT,vit,kNN,contrast_0.325,contrast,Synthetic,0.022108817717370388,0.32735246920831673,0.30524365149094634,PRE-0
CCT,vit,kNN,contrast_0.325,contrast,Synthetic,0.022108817717370388,0.06925716460461662,0.04714834688724623,PRE
CCT,vit,kNN,contrast_0.325,contrast,Synthetic,0.022108817717370388,0.31874551057064326,0.2966366928532729,PRE-0
CCT,vit,kNN,contrast_0.35000000000000003,contrast,Synthetic,-0.0032545908039329774,0.0753556976267249,0.07861028843065787,PRE
CCT,vit,kNN,contrast_0.35000000000000003,contrast,Synthetic,-0.0032545908039329774,0.3047575980898315,0.30801218889376447,PRE-0
CCT,vit,kNN,contrast_0.35000000000000003,contrast,Synthetic,-0.0032545908039329774,0.078128237995997,0.08138282879992997,PRE
CCT,vit,kNN,contrast_0.35000000000000003,contrast,Synthetic,-0.0032545908039329774,0.3036213867428902,0.30687597754682316,PRE-0
CCT,vit,kNN,contrast_0.375,contrast,Synthetic,0.004765459321380394,0.0665313459840513,0.06176588666267091,PRE
CCT,vit,kNN,contrast_0.375,contrast,Synthetic,0.004765459321380394,0.26906967672464643,0.26430421740326604,PRE-0
CCT,vit,kNN,contrast_0.375,contrast,Synthetic,0.004765459321380394,0.05276589065612303,0.04800043133474263,PRE
CCT,vit,kNN,contrast_0.375,contrast,Synthetic,0.004765459321380394,0.2603135625319496,0.2555481032105692,PRE-0
CCT,vit,kNN,contrast_0.4,contrast,Synthetic,0.027321850298823835,0.0758776430878415,0.04855579278901767,PRE
CCT,vit,kNN,contrast_0.4,contrast,Synthetic,0.027321850298823835,0.30686847822329855,0.2795466279244747,PRE-0
CCT,vit,kNN,contrast_0.4,contrast,Synthetic,0.027321850298823835,0.0831932781262249,0.055871427827401066,PRE
CCT,vit,kNN,contrast_0.4,contrast,Synthetic,0.027321850298823835,0.31162080617414245,0.2842989558753186,PRE-0
CCT,vit,kNN,contrast_0.42500000000000004,contrast,Synthetic,0.01401357962213201,0.07762139042029848,0.06360781079816646,PRE
CCT,vit,kNN,contrast_0.42500000000000004,contrast,Synthetic,0.01401357962213201,0.3139206357303199,0.2999070561081879,PRE-0
CCT,vit,kNN,contrast_0.42500000000000004,contrast,Synthetic,0.01401357962213201,0.0819314783247943,0.0679178987026623,PRE
CCT,vit,kNN,contrast_0.42500000000000004,contrast,Synthetic,0.01401357962213201,0.31506474095394466,0.30105116133181264,PRE-0
CCT,vit,kNN,contrast_0.45,contrast,Synthetic,0.009552426739926623,0.1038018038401588,0.09424937710023218,PRE
CCT,vit,kNN,contrast_0.45,contrast,Synthetic,0.009552426739926623,0.4198008831716997,0.4102484564317731,PRE-0
CCT,vit,kNN,contrast_0.45,contrast,Synthetic,0.009552426739926623,0.10606420012951556,0.09651177338958894,PRE
CCT,vit,kNN,contrast_0.45,contrast,Synthetic,0.009552426739926623,0.4191484617935176,0.409596035053591,PRE-0
CCT,vit,kNN,contrast_0.47500000000000003,contrast,Synthetic,0.009552426739926623,0.08665037108747464,0.07709794434754802,PRE
CCT,vit,kNN,contrast_0.47500000000000003,contrast,Synthetic,0.009552426739926623,0.3504361288912816,0.340883702151355,PRE-0
CCT,vit,kNN,contrast_0.47500000000000003,contrast,Synthetic,0.009552426739926623,0.09102220994687404,0.08146978320694742,PRE
CCT,vit,kNN,contrast_0.47500000000000003,contrast,Synthetic,0.009552426739926623,0.3503005955755297,0.3407481688356031,PRE-0
CCT,vit,kNN,contrast_0.5,contrast,Synthetic,0.025642652303836444,0.09965547286901144,0.074012820565175,PRE
CCT,vit,kNN,contrast_0.5,contrast,Synthetic,0.025642652303836444,0.4030320666462165,0.37738941434238005,PRE-0
CCT,vit,kNN,contrast_0.5,contrast,Synthetic,0.025642652303836444,0.10683732440961335,0.08119467210577691,PRE
CCT,vit,kNN,contrast_0.5,contrast,Synthetic,0.025642652303836444,0.41141482332921664,0.3857721710253802,PRE-0
CCT,vit,kNN,OoD Val,Organic,Organic,0.579727865336418,0.2313876544576583,0.3483402108787596,PRE
CCT,vit,kNN,OoD Val,Organic,Organic,0.579727865336418,0.9357904978793136,0.3560626325428957,PRE-0
CCT,vit,kNN,OoD Val,Organic,Organic,0.579727865336418,0.22649054172920235,0.35323732360721555,PRE
CCT,vit,kNN,OoD Val,Organic,Organic,0.579727865336418,0.935760486453127,0.3560326211167091,PRE-0
CCT,vit,kNN,OoD Test,Organic,Organic,0.6116075645845382,0.23196157743837498,0.3796459871461632,PRE
CCT,vit,kNN,OoD Test,Organic,Organic,0.6116075645845382,0.9381115883157412,0.326504023731203,PRE-0
CCT,vit,kNN,OoD Test,Organic,Organic,0.6116075645845382,0.2617204405195048,0.34988712406503336,PRE
CCT,vit,kNN,OoD Test,Organic,Organic,0.6116075645845382,0.9381517900475188,0.3265442254629806,PRE-0
CCT,vit,kNN,fog_0.025,fog,Synthetic,0.22599352949681895,0.11079015271602,0.11520337678079895,PRE
CCT,vit,kNN,fog_0.025,fog,Synthetic,0.22599352949681895,0.5903527034408289,0.36435917394400996,PRE-0
CCT,vit,kNN,fog_0.025,fog,Synthetic,0.22599352949681895,0.10464242236494514,0.1213511071318738,PRE
CCT,vit,kNN,fog_0.025,fog,Synthetic,0.22599352949681895,0.5887336068761627,0.3627400773793438,PRE-0
CCT,vit,kNN,fog_0.05,fog,Synthetic,0.24308626132639288,0.11194605245083855,0.13114020887555433,PRE
CCT,vit,kNN,fog_0.05,fog,Synthetic,0.24308626132639288,0.5965119921197223,0.3534257307933294,PRE-0
CCT,vit,kNN,fog_0.05,fog,Synthetic,0.24308626132639288,0.10806718060794174,0.13501908071845115,PRE
CCT,vit,kNN,fog_0.05,fog,Synthetic,0.24308626132639288,0.5924635162962014,0.34937725496980854,PRE-0
CCT,vit,kNN,fog_0.07500000000000001,fog,Synthetic,0.2708807475419316,0.10585879861914382,0.16502194892278776,PRE
CCT,vit,kNN,fog_0.07500000000000001,fog,Synthetic,0.2708807475419316,0.5640756548823982,0.2931949073404666,PRE-0
CCT,vit,kNN,fog_0.07500000000000001,fog,Synthetic,0.2708807475419316,0.1095310608588913,0.16134968668304028,PRE
CCT,vit,kNN,fog_0.07500000000000001,fog,Synthetic,0.2708807475419316,0.5651706872086032,0.2942899396666716,PRE-0
CCT,vit,kNN,fog_0.1,fog,Synthetic,0.2741639555619818,0.10328883302301939,0.17087512253896242,PRE
CCT,vit,kNN,fog_0.1,fog,Synthetic,0.2741639555619818,0.5503814221349187,0.2762174665729369,PRE-0
CCT,vit,kNN,fog_0.1,fog,Synthetic,0.2741639555619818,0.11754030254554437,0.15662365301643744,PRE
CCT,vit,kNN,fog_0.1,fog,Synthetic,0.2741639555619818,0.5504261647203024,0.2762622091583206,PRE-0
CCT,vit,kNN,fog_0.125,fog,Synthetic,0.24611884278002694,0.1033985585960091,0.14272028418401783,PRE
CCT,vit,kNN,fog_0.125,fog,Synthetic,0.24611884278002694,0.5509661021544245,0.30484725937439755,PRE-0
CCT,vit,kNN,fog_0.125,fog,Synthetic,0.24611884278002694,0.10754733513055303,0.1385715076494739,PRE
CCT,vit,kNN,fog_0.125,fog,Synthetic,0.24611884278002694,0.5532671944013615,0.3071483516213346,PRE-0
CCT,vit,kNN,fog_0.15000000000000002,fog,Synthetic,0.2846401460381722,0.10772777770748987,0.17691236833068236,PRE
CCT,vit,kNN,fog_0.15000000000000002,fog,Synthetic,0.2846401460381722,0.5740346343623481,0.28939448832417586,PRE-0
CCT,vit,kNN,fog_0.15000000000000002,fog,Synthetic,0.2846401460381722,0.12094207046857841,0.16369807556959382,PRE
CCT,vit,kNN,fog_0.15000000000000002,fog,Synthetic,0.2846401460381722,0.5745155247875101,0.2898753787493379,PRE-0
CCT,vit,kNN,fog_0.17500000000000002,fog,Synthetic,0.2278982914015808,0.1047235210020242,0.1231747703995566,PRE
CCT,vit,kNN,fog_0.17500000000000002,fog,Synthetic,0.2278982914015808,0.5580262525303643,0.3301279611287835,PRE-0
CCT,vit,kNN,fog_0.17500000000000002,fog,Synthetic,0.2278982914015808,0.09415867008227341,0.1337396213193074,PRE
CCT,vit,kNN,fog_0.17500000000000002,fog,Synthetic,0.2278982914015808,0.563088014346582,0.3351897229450012,PRE-0
CCT,vit,kNN,fog_0.2,fog,Synthetic,0.30631934403315975,0.10439369595864645,0.2019256480745133,PRE
CCT,vit,kNN,fog_0.2,fog,Synthetic,0.30631934403315975,0.5562687578320802,0.24994941379892044,PRE-0
CCT,vit,kNN,fog_0.2,fog,Synthetic,0.30631934403315975,0.0840490205347948,0.22227032349836495,PRE
CCT,vit,kNN,fog_0.2,fog,Synthetic,0.30631934403315975,0.5532864890349548,0.24696714500179506,PRE-0
CCT,vit,kNN,fog_0.225,fog,Synthetic,0.27273538413341036,0.10597628994360897,0.1667590941898014,PRE
CCT,vit,kNN,fog_0.225,fog,Synthetic,0.27273538413341036,0.5647017152255638,0.2919663310921534,PRE-0
CCT,vit,kNN,fog_0.225,fog,Synthetic,0.27273538413341036,0.09788967033627938,0.17484571379713099,PRE
CCT,vit,kNN,fog_0.225,fog,Synthetic,0.27273538413341036,0.5627522802005895,0.2900168960671791,PRE-0
CCT,vit,kNN,fog_0.25,fog,Synthetic,0.28571784027376124,0.10451304520315197,0.18120479507060927,PRE
CCT,vit,kNN,fog_0.25,fog,Synthetic,0.28571784027376124,0.5569047182258531,0.2711868779520918,PRE-0
CCT,vit,kNN,fog_0.25,fog,Synthetic,0.28571784027376124,0.09809825997123067,0.18761958030253056,PRE
CCT,vit,kNN,fog_0.25,fog,Synthetic,0.28571784027376124,0.5525909482038185,0.26687310793005725,PRE-0
CCT,vit,kNN,fog_0.275,fog,Synthetic,0.23930180017351066,0.1069435445508451,0.13235825562266557,PRE
CCT,vit,kNN,fog_0.275,fog,Synthetic,0.23930180017351066,0.5698557957850616,0.33055399561155097,PRE-0
CCT,vit,kNN,fog_0.275,fog,Synthetic,0.23930180017351066,0.1127050390844816,0.12659676108902906,PRE
CCT,vit,kNN,fog_0.275,fog,Synthetic,0.23930180017351066,0.5708350256504273,0.3315332254769167,PRE-0
CCT,vit,kNN,fog_0.30000000000000004,fog,Synthetic,0.24606871746674375,0.10434399091105306,0.14172472655569068,PRE
CCT,vit,kNN,fog_0.30000000000000004,fog,Synthetic,0.24606871746674375,0.5560039011773855,0.30993518371064177,PRE-0
CCT,vit,kNN,fog_0.30000000000000004,fog,Synthetic,0.24606871746674375,0.10757827900218553,0.13849043846455822,PRE
CCT,vit,kNN,fog_0.30000000000000004,fog,Synthetic,0.24606871746674375,0.555707846962799,0.30963912949605527,PRE-0
CCT,vit,kNN,fog_0.325,fog,Synthetic,0.259652677366493,0.11280384570077595,0.14684883166571705,PRE
CCT,vit,kNN,fog_0.325,fog,Synthetic,0.259652677366493,0.6010828005506115,0.3414301231841184,PRE-0
CCT,vit,kNN,fog_0.325,fog,Synthetic,0.259652677366493,0.10629150723102154,0.15336117013547146,PRE
CCT,vit,kNN,fog_0.325,fog,Synthetic,0.259652677366493,0.5985397878240482,0.3388871104575551,PRE-0
CCT,vit,kNN,fog_0.35000000000000003,fog,Synthetic,0.2970962863890495,0.10205435344671765,0.19504193294233185,PRE
CCT,vit,kNN,fog_0.35000000000000003,fog,Synthetic,0.2970962863890495,0.543803415540052,0.2467071291510025,PRE-0
CCT,vit,kNN,fog_0.35000000000000003,fog,Synthetic,0.2970962863890495,0.10065162795658122,0.19644465843246828,PRE
CCT,vit,kNN,fog_0.35000000000000003,fog,Synthetic,0.2970962863890495,0.5426228988059993,0.24552661241694979,PRE-0
CCT,vit,kNN,fog_0.375,fog,Synthetic,0.31506621120107947,0.10517432734758303,0.20989188385349644,PRE
CCT,vit,kNN,fog_0.375,fog,Synthetic,0.31506621120107947,0.5604284041503833,0.24536219294930384,PRE-0
CCT,vit,kNN,fog_0.375,fog,Synthetic,0.31506621120107947,0.11198409391754449,0.20308211728353498,PRE
CCT,vit,kNN,fog_0.375,fog,Synthetic,0.31506621120107947,0.5603123778823864,0.24524616668130694,PRE-0
CCT,vit,kNN,fog_0.4,fog,Synthetic,0.251432125988047,0.11587953815918639,0.1355525878288606,PRE
CCT,vit,kNN,fog_0.4,fog,Synthetic,0.251432125988047,0.6174718325472484,0.3660397065592013,PRE-0
CCT,vit,kNN,fog_0.4,fog,Synthetic,0.251432125988047,0.11297550724702132,0.13845661874102566,PRE
CCT,vit,kNN,fog_0.4,fog,Synthetic,0.251432125988047,0.6163914163518827,0.3649592903638356,PRE-0
CCT,vit,kNN,fog_0.42500000000000004,fog,Synthetic,0.2792015495469442,0.10791746130659219,0.17128408824035202,PRE
CCT,vit,kNN,fog_0.42500000000000004,fog,Synthetic,0.2792015495469442,0.575045376046363,0.2958438264994188,PRE-0
CCT,vit,kNN,fog_0.42500000000000004,fog,Synthetic,0.2792015495469442,0.09684895946751848,0.18235259007942572,PRE
CCT,vit,kNN,fog_0.42500000000000004,fog,Synthetic,0.2792015495469442,0.5708941611937501,0.291692611646806,PRE-0
CCT,vit,kNN,fog_0.45,fog,Synthetic,0.2334371385193753,0.09937724500318879,0.13405989351618652,PRE
CCT,vit,kNN,fog_0.45,fog,Synthetic,0.2334371385193753,0.5295382649982654,0.2961011264788901,PRE-0
CCT,vit,kNN,fog_0.45,fog,Synthetic,0.2334371385193753,0.09155133630642576,0.14188580221294955,PRE
CCT,vit,kNN,fog_0.45,fog,Synthetic,0.2334371385193753,0.5217678361202966,0.2883306976009214,PRE-0
CCT,vit,kNN,fog_0.47500000000000003,fog,Synthetic,0.2511814994216308,0.09650453851527352,0.1546769609063573,PRE
CCT,vit,kNN,fog_0.47500000000000003,fog,Synthetic,0.2511814994216308,0.514230857257076,0.2630493578354452,PRE-0
CCT,vit,kNN,fog_0.47500000000000003,fog,Synthetic,0.2511814994216308,0.1160974209939194,0.13508407842771142,PRE
CCT,vit,kNN,fog_0.47500000000000003,fog,Synthetic,0.2511814994216308,0.5197458311158333,0.26856433169420246,PRE-0
CCT,vit,kNN,fog_0.5,fog,Synthetic,0.30752235155195673,0.11079348470011718,0.19672886685183955,PRE
CCT,vit,kNN,fog_0.5,fog,Synthetic,0.30752235155195673,0.5903704581398828,0.2828481065879261,PRE-0
CCT,vit,kNN,fog_0.5,fog,Synthetic,0.30752235155195673,0.11485847886829004,0.1926638726836667,PRE
CCT,vit,kNN,fog_0.5,fog,Synthetic,0.30752235155195673,0.594173947373269,0.2866515958213123,PRE-0
CCT,vit,kNN,OoD Val,Organic,Organic,0.6390511736070946,0.17523875280147483,0.4638124208056198,PRE
CCT,vit,kNN,OoD Val,Organic,Organic,0.6390511736070946,0.9337713589864083,0.29472018537931366,PRE-0
CCT,vit,kNN,OoD Val,Organic,Organic,0.6390511736070946,0.18435990403652114,0.4546912695705735,PRE
CCT,vit,kNN,OoD Val,Organic,Organic,0.6390511736070946,0.9337760829107754,0.2947249093036808,PRE-0
CCT,vit,kNN,OoD Test,Organic,Organic,0.6282742312512049,0.1760600419317523,0.4522141893194526,PRE
CCT,vit,kNN,OoD Test,Organic,Organic,0.6282742312512049,0.9381476527858106,0.3098734215346057,PRE-0
CCT,vit,kNN,OoD Test,Organic,Organic,0.6282742312512049,0.1641719075480086,0.4641023237031963,PRE
CCT,vit,kNN,OoD Test,Organic,Organic,0.6282742312512049,0.9381562592701168,0.3098820280189119,PRE-0
CCT,vit,kNN,hue_0.025,hue,Synthetic,-0.022377397821476852,0.02928845391768997,0.051665851739166824,PRE
CCT,vit,kNN,hue_0.025,hue,Synthetic,-0.022377397821476852,0.1349497443261689,0.15732714214764576,PRE-0
CCT,vit,kNN,hue_0.025,hue,Synthetic,-0.022377397821476852,0.031572270373747546,0.0539496681952244,PRE
CCT,vit,kNN,hue_0.025,hue,Synthetic,-0.022377397821476852,0.13815853700497316,0.16053593482645,PRE-0
CCT,vit,kNN,hue_0.05,hue,Synthetic,-0.024156846443030844,0.037152993502342024,0.06130983994537287,PRE
CCT,vit,kNN,hue_0.05,hue,Synthetic,-0.024156846443030844,0.17118646782050106,0.1953433142635319,PRE-0
CCT,vit,kNN,hue_0.05,hue,Synthetic,-0.024156846443030844,0.04506094617438172,0.06921779261741257,PRE
CCT,vit,kNN,hue_0.05,hue,Synthetic,-0.024156846443030844,0.17825257658769877,0.20240942303072962,PRE-0
CCT,vit,kNN,hue_0.07500000000000001,hue,Synthetic,-0.011099202332755187,0.0500478454129929,0.061147047745748084,PRE
CCT,vit,kNN,hue_0.07500000000000001,hue,Synthetic,-0.011099202332755187,0.23060090373973807,0.24170010607249326,PRE-0
CCT,vit,kNN,hue_0.07500000000000001,hue,Synthetic,-0.011099202332755187,0.04087469573971936,0.051973898072474545,PRE
CCT,vit,kNN,hue_0.07500000000000001,hue,Synthetic,-0.011099202332755187,0.2208752310558907,0.23197443338864587,PRE-0
CCT,vit,kNN,hue_0.1,hue,Synthetic,0.00759753952188158,0.05910395508318622,0.05150641556130464,PRE
CCT,vit,kNN,hue_0.1,hue,Synthetic,0.00759753952188158,0.2723279163030128,0.2647303767811312,PRE-0
CCT,vit,kNN,hue_0.1,hue,Synthetic,0.00759753952188158,0.06424311489555867,0.05664557537367709,PRE
CCT,vit,kNN,hue_0.1,hue,Synthetic,0.00759753952188158,0.27687287450983955,0.26927533498795797,PRE-0
CCT,vit,kNN,hue_0.125,hue,Synthetic,0.05499102323115468,0.05900028268824686,0.004009259457092185,PRE
CCT,vit,kNN,hue_0.125,hue,Synthetic,0.05499102323115468,0.2718502344414139,0.2168592112102592,PRE-0
CCT,vit,kNN,hue_0.125,hue,Synthetic,0.05499102323115468,0.058967782544119274,0.003976759312964595,PRE
CCT,vit,kNN,hue_0.125,hue,Synthetic,0.05499102323115468,0.2669191391506148,0.21192811591946015,PRE-0
CCT,vit,kNN,hue_0.15000000000000002,hue,Synthetic,0.01664515856950055,0.05526150174243849,0.03861634317293794,PRE
CCT,vit,kNN,hue_0.15000000000000002,hue,Synthetic,0.01664515856950055,0.2546233936478943,0.23797823507839377,PRE-0
CCT,vit,kNN,hue_0.15000000000000002,hue,Synthetic,0.01664515856950055,0.05616770173181618,0.039522543162315626,PRE
CCT,vit,kNN,hue_0.15000000000000002,hue,Synthetic,0.01664515856950055,0.2552077274970379,0.23856256892753736,PRE-0
CCT,vit,kNN,hue_0.17500000000000002,hue,Synthetic,0.02078049691536521,0.09392897457618543,0.07314847766082022,PRE
CCT,vit,kNN,hue_0.17500000000000002,hue,Synthetic,0.02078049691536521,0.4327879900898207,0.4120074931744555,PRE-0
CCT,vit,kNN,hue_0.17500000000000002,hue,Synthetic,0.02078049691536521,0.10249725201793414,0.08171675510256893,PRE
CCT,vit,kNN,hue_0.17500000000000002,hue,Synthetic,0.02078049691536521,0.43661501543627546,0.41583451852091025,PRE-0
CCT,vit,kNN,hue_0.2,hue,Synthetic,0.016720346539425224,0.0783219801317322,0.06160163359230697,PRE
CCT,vit,kNN,hue_0.2,hue,Synthetic,0.016720346539425224,0.36087706178005496,0.34415671524062974,PRE-0
CCT,vit,kNN,hue_0.2,hue,Synthetic,0.016720346539425224,0.08570542054190944,0.06898507400248421,PRE
CCT,vit,kNN,hue_0.2,hue,Synthetic,0.016720346539425224,0.36537323581448156,0.34865288927505633,PRE-0
CCT,vit,kNN,hue_0.225,hue,Synthetic,0.02707122373240778,0.09112184279145441,0.06405061905904663,PRE
CCT,vit,kNN,hue_0.225,hue,Synthetic,0.02707122373240778,0.4198538243703219,0.39278260063791415,PRE-0
CCT,vit,kNN,hue_0.225,hue,Synthetic,0.02707122373240778,0.09869004208635779,0.07161881835395001,PRE
CCT,vit,kNN,hue_0.225,hue,Synthetic,0.02707122373240778,0.4187647104686968,0.391693486736289,PRE-0
CCT,vit,kNN,hue_0.25,hue,Synthetic,0.01308626132639279,0.08043106226355634,0.06734480093716355,PRE
CCT,vit,kNN,hue_0.25,hue,Synthetic,0.01308626132639279,0.3705948876254346,0.3575086262990418,PRE-0
CCT,vit,kNN,hue_0.25,hue,Synthetic,0.01308626132639279,0.06967118277735607,0.05658492145096328,PRE
CCT,vit,kNN,hue_0.25,hue,Synthetic,0.01308626132639279,0.36671639476663653,0.35363013344024374,PRE-0
CCT,vit,kNN,hue_0.275,hue,Synthetic,0.00819904328127996,0.07590250133040999,0.06770345804913003,PRE
CCT,vit,kNN,hue_0.275,hue,Synthetic,0.00819904328127996,0.34972904944186145,0.3415300061605815,PRE-0
CCT,vit,kNN,hue_0.275,hue,Synthetic,0.00819904328127996,0.08135174875921591,0.07315270547793595,PRE
CCT,vit,kNN,hue_0.275,hue,Synthetic,0.00819904328127996,0.3510508404421713,0.3428517971608913,PRE-0
CCT,vit,kNN,hue_0.30000000000000004,hue,Synthetic,0.00040455706574116235,0.08245770718467893,0.08205315011893777,PRE
CCT,vit,kNN,hue_0.30000000000000004,hue,Synthetic,0.00040455706574116235,0.37993287503556017,0.379528317969819,PRE-0
CCT,vit,kNN,hue_0.30000000000000004,hue,Synthetic,0.00040455706574116235,0.08851323200893657,0.08810867494319541,PRE
CCT,vit,kNN,hue_0.30000000000000004,hue,Synthetic,0.00040455706574116235,0.38361939948856705,0.3832148424228259,PRE-0
CCT,vit,kNN,hue_0.325,hue,Synthetic,-0.006337297570850442,0.08505882213231541,0.09139611970316586,PRE
CCT,vit,kNN,hue_0.325,hue,Synthetic,-0.006337297570850442,0.39191779571908236,0.3982550932899328,PRE-0
CCT,vit,kNN,hue_0.325,hue,Synthetic,-0.006337297570850442,0.0882341282216994,0.09457142579254985,PRE
CCT,vit,kNN,hue_0.325,hue,Synthetic,-0.006337297570850442,0.38686477642819217,0.3932020739990426,PRE-0
CCT,vit,kNN,hue_0.35000000000000003,hue,Synthetic,-0.002803462984384164,0.0660165883569005,0.06882005134128466,PRE
CCT,vit,kNN,hue_0.35000000000000003,hue,Synthetic,-0.002803462984384164,0.30417862769699544,0.3069820906813796,PRE-0
CCT,vit,kNN,hue_0.35000000000000003,hue,Synthetic,-0.002803462984384164,0.057540095743955466,0.06034355872833963,PRE
CCT,vit,kNN,hue_0.35000000000000003,hue,Synthetic,-0.002803462984384164,0.2975805603554099,0.3003840233397941,PRE-0
CCT,vit,kNN,hue_0.375,hue,Synthetic,0.02261007085020239,0.054385627440782236,0.031775556590579845,PRE
CCT,vit,kNN,hue_0.375,hue,Synthetic,0.02261007085020239,0.2505877073189895,0.2279776364687871,PRE-0
CCT,vit,kNN,hue_0.375,hue,Synthetic,0.02261007085020239,0.05599194148060882,0.03338187063040643,PRE
CCT,vit,kNN,hue_0.375,hue,Synthetic,0.02261007085020239,0.25109728648258833,0.22848721563238594,PRE-0
CCT,vit,kNN,hue_0.4,hue,Synthetic,0.010880747541931579,0.07739018060596792,0.06650943306403634,PRE
CCT,vit,kNN,hue_0.4,hue,Synthetic,0.010880747541931579,0.35658369388434685,0.3457029463424153,PRE-0
CCT,vit,kNN,hue_0.4,hue,Synthetic,0.010880747541931579,0.08880270012980851,0.07792195258787693,PRE
CCT,vit,kNN,hue_0.4,hue,Synthetic,0.010880747541931579,0.35986506496053605,0.3489843174186045,PRE-0
CCT,vit,kNN,hue_0.42500000000000004,hue,Synthetic,-0.005710731154810023,0.0726612408704701,0.07837197202528012,PRE
CCT,vit,kNN,hue_0.42500000000000004,hue,Synthetic,-0.005710731154810023,0.3347945885245094,0.3405053196793194,PRE-0
CCT,vit,kNN,hue_0.42500000000000004,hue,Synthetic,-0.005710731154810023,0.06698957124468752,0.07270030239949754,PRE
CCT,vit,kNN,hue_0.42500000000000004,hue,Synthetic,-0.005710731154810023,0.3337190284854109,0.33942975964022093,PRE-0
CCT,vit,kNN,hue_0.45,hue,Synthetic,0.023888266338924047,0.06739638307575513,0.04350811673683108,PRE
CCT,vit,kNN,hue_0.45,hue,Synthetic,0.023888266338924047,0.3105361822833629,0.28664791594443884,PRE-0
CCT,vit,kNN,hue_0.45,hue,Synthetic,0.023888266338924047,0.06500412097943886,0.041115854640514815,PRE
CCT,vit,kNN,hue_0.45,hue,Synthetic,0.023888266338924047,0.31224585726962584,0.2883575909307018,PRE-0
CCT,vit,kNN,hue_0.47500000000000003,hue,Synthetic,0.01083062222864839,0.047884246466857294,0.037053624238208904,PRE
CCT,vit,kNN,hue_0.47500000000000003,hue,Synthetic,0.01083062222864839,0.22063188572923098,0.2098012635005826,PRE-0
CCT,vit,kNN,hue_0.47500000000000003,hue,Synthetic,0.01083062222864839,0.04402361413351863,0.03319299190487024,PRE
CCT,vit,kNN,hue_0.47500000000000003,hue,Synthetic,0.01083062222864839,0.22064901258762293,0.20981839035897454,PRE-0
CCT,vit,kNN,hue_0.5,hue,Synthetic,0.01679553450935023,0.07934962624812714,0.0625540917387769,PRE
CCT,vit,kNN,hue_0.5,hue,Synthetic,0.01679553450935023,0.36561205329087354,0.3488165187815233,PRE-0
CCT,vit,kNN,hue_0.5,hue,Synthetic,0.01679553450935023,0.08144774773273311,0.06465221322338288,PRE
CCT,vit,kNN,hue_0.5,hue,Synthetic,0.01679553450935023,0.36631913632414814,0.3495236018147979,PRE-0
CCT,vit,kNN,OoD Val,Organic,Organic,0.6319083164642375,0.20360834645374115,0.42829997001049636,PRE
CCT,vit,kNN,OoD Val,Organic,Organic,0.6319083164642375,0.9381476527858106,0.3062393363215731,PRE-0
CCT,vit,kNN,OoD Val,Organic,Organic,0.6319083164642375,0.22378727849265156,0.40812103797158594,PRE
CCT,vit,kNN,OoD Val,Organic,Organic,0.6319083164642375,0.9381239429324612,0.3062156264682237,PRE-0
CCT,vit,kNN,OoD Test,Organic,Organic,0.6188757350106033,0.20397468800372998,0.4149010470068734,PRE
CCT,vit,kNN,OoD Test,Organic,Organic,0.6188757350106033,0.9398356114143531,0.32095987640374973,PRE-0
CCT,vit,kNN,OoD Test,Organic,Organic,0.6188757350106033,0.1999528629363082,0.4189228720742952,PRE
CCT,vit,kNN,OoD Test,Organic,Organic,0.6188757350106033,0.9398381444332778,0.3209624094226745,PRE-0
CCT,vit,kNN,jpeg_0.025,jpeg,Synthetic,-0.030597949199922758,0.022686720169927566,0.053284669369850324,PRE
CCT,vit,kNN,jpeg_0.025,jpeg,Synthetic,-0.030597949199922758,0.10232398405092591,0.13292193325084867,PRE-0
CCT,vit,kNN,jpeg_0.025,jpeg,Synthetic,-0.030597949199922758,0.025194674527676653,0.05579262372759941,PRE
CCT,vit,kNN,jpeg_0.025,jpeg,Synthetic,-0.030597949199922758,0.104306900802428,0.13490485000235075,PRE-0
CCT,vit,kNN,jpeg_0.05,jpeg,Synthetic,-0.03518441536533656,0.024449060714614612,0.059633476079951175,PRE
CCT,vit,kNN,jpeg_0.05,jpeg,Synthetic,-0.03518441536533656,0.11027267405265939,0.14545708941799596,PRE-0
CCT,vit,kNN,jpeg_0.05,jpeg,Synthetic,-0.03518441536533656,0.032527097013687944,0.06771151237902451,PRE
CCT,vit,kNN,jpeg_0.05,jpeg,Synthetic,-0.03518441536533656,0.11671885418896777,0.15190326955430433,PRE-0
CCT,vit,kNN,jpeg_0.07500000000000001,jpeg,Synthetic,-0.032728275014459185,0.022877513397359217,0.0556057884118184,PRE
CCT,vit,kNN,jpeg_0.07500000000000001,jpeg,Synthetic,-0.032728275014459185,0.10318451933387995,0.13591279434833914,PRE-0
CCT,vit,kNN,jpeg_0.07500000000000001,jpeg,Synthetic,-0.032728275014459185,0.023867063243954156,0.05659533825841334,PRE
CCT,vit,kNN,jpeg_0.07500000000000001,jpeg,Synthetic,-0.032728275014459185,0.10487641973836459,0.13760469475282378,PRE-0
CCT,vit,kNN,jpeg_0.1,jpeg,Synthetic,-0.03413178378638915,0.025778195790097436,0.05990997957648658,PRE
CCT,vit,kNN,jpeg_0.1,jpeg,Synthetic,-0.03413178378638915,0.11626747608867616,0.1503992598750653,PRE-0
CCT,vit,kNN,jpeg_0.1,jpeg,Synthetic,-0.03413178378638915,0.013896160098916033,0.04802794388530518,PRE
CCT,vit,kNN,jpeg_0.1,jpeg,Synthetic,-0.03413178378638915,0.10518288298377165,0.1393146667701608,PRE-0
CCT,vit,kNN,jpeg_0.125,jpeg,Synthetic,-0.02533479130518601,0.030195395472164765,0.055530186777350776,PRE
CCT,vit,kNN,jpeg_0.125,jpeg,Synthetic,-0.02533479130518601,0.13619038545733664,0.16152517676252265,PRE-0
CCT,vit,kNN,jpeg_0.125,jpeg,Synthetic,-0.02533479130518601,0.031943618312011646,0.057278409617197656,PRE
CCT,vit,kNN,jpeg_0.125,jpeg,Synthetic,-0.02533479130518601,0.13718080322771475,0.16251559453290076,PRE-0
CCT,vit,kNN,jpeg_0.15000000000000002,jpeg,Synthetic,-0.023029026894158422,0.030636144504782026,0.05366517139894045,PRE
CCT,vit,kNN,jpeg_0.15000000000000002,jpeg,Synthetic,-0.023029026894158422,0.13817829718041474,0.16120732407457317,PRE-0
CCT,vit,kNN,jpeg_0.15000000000000002,jpeg,Synthetic,-0.023029026894158422,0.026169306983484852,0.049198333877643274,PRE
CCT,vit,kNN,jpeg_0.15000000000000002,jpeg,Synthetic,-0.023029026894158422,0.1346764009842032,0.15770542787836161,PRE-0
CCT,vit,kNN,jpeg_0.17500000000000002,jpeg,Synthetic,-0.030146821380374056,0.02237178149487762,0.052518602875251674,PRE
CCT,vit,kNN,jpeg_0.17500000000000002,jpeg,Synthetic,-0.030146821380374056,0.10090351517215101,0.13105033655252507,PRE-0
CCT,vit,kNN,jpeg_0.17500000000000002,jpeg,Synthetic,-0.030146821380374056,0.017876021583828394,0.04802284296420245,PRE
CCT,vit,kNN,jpeg_0.17500000000000002,jpeg,Synthetic,-0.030146821380374056,0.09622579932073883,0.12637262070111288,PRE-0
CCT,vit,kNN,jpeg_0.2,jpeg,Synthetic,-0.03398140784653958,0.021985278605243797,0.055966686451783376,PRE
CCT,vit,kNN,jpeg_0.2,jpeg,Synthetic,-0.03398140784653958,0.09916026999531191,0.1331416778418515,PRE-0
CCT,vit,kNN,jpeg_0.2,jpeg,Synthetic,-0.03398140784653958,0.020326843437189823,0.0543082512837294,PRE
CCT,vit,kNN,jpeg_0.2,jpeg,Synthetic,-0.03398140784653958,0.09833723580595066,0.13231864365249024,PRE-0
CCT,vit,kNN,jpeg_0.225,jpeg,Synthetic,-0.02974581887410843,0.030110637850140454,0.059856456724248885,PRE
CCT,vit,kNN,jpeg_0.225,jpeg,Synthetic,-0.02974581887410843,0.1358081028929431,0.16555392176705153,PRE-0
CCT,vit,kNN,jpeg_0.225,jpeg,Synthetic,-0.02974581887410843,0.019981069770391602,0.049726888644500034,PRE
CCT,vit,kNN,jpeg_0.225,jpeg,Synthetic,-0.02974581887410843,0.1263322792123841,0.15607809808649253,PRE-0
CCT,vit,kNN,jpeg_0.25,jpeg,Synthetic,-0.029620505590900348,0.024337643358433247,0.053958148949333595,PRE
CCT,vit,kNN,jpeg_0.25,jpeg,Synthetic,-0.029620505590900348,0.10977014800695906,0.1393906535978594,PRE-0
CCT,vit,kNN,jpeg_0.25,jpeg,Synthetic,-0.029620505590900348,0.013708405116218403,0.04332891070711875,PRE
CCT,vit,kNN,jpeg_0.25,jpeg,Synthetic,-0.029620505590900348,0.10022063301080619,0.12984113860170654,PRE-0
CCT,vit,kNN,jpeg_0.275,jpeg,Synthetic,-0.0422019592249856,0.029755588029374835,0.07195754725436043,PRE
CCT,vit,kNN,jpeg_0.275,jpeg,Synthetic,-0.0422019592249856,0.13420672058976413,0.17640867981474972,PRE-0
CCT,vit,kNN,jpeg_0.275,jpeg,Synthetic,-0.0422019592249856,0.031726257995307594,0.07392821722029319,PRE
CCT,vit,kNN,jpeg_0.275,jpeg,Synthetic,-0.0422019592249856,0.13305126868853756,0.17525322791352316,PRE-0
CCT,vit,kNN,jpeg_0.30000000000000004,jpeg,Synthetic,-0.014983914112203567,0.02495754738175837,0.03994146149396194,PRE
CCT,vit,kNN,jpeg_0.30000000000000004,jpeg,Synthetic,-0.014983914112203567,0.11256610303795211,0.12755001715015568,PRE-0
CCT,vit,kNN,jpeg_0.30000000000000004,jpeg,Synthetic,-0.014983914112203567,0.021307569310865193,0.03629148342306876,PRE
CCT,vit,kNN,jpeg_0.30000000000000004,jpeg,Synthetic,-0.014983914112203567,0.11048994008135682,0.12547385419356039,PRE-0
CCT,vit,kNN,jpeg_0.325,jpeg,Synthetic,-0.01849268604202825,0.030124450183603213,0.04861713622563146,PRE
CCT,vit,kNN,jpeg_0.325,jpeg,Synthetic,-0.01849268604202825,0.1358704007032201,0.15436308674524835,PRE-0
CCT,vit,kNN,jpeg_0.325,jpeg,Synthetic,-0.01849268604202825,0.029038406977561992,0.04753109301959024,PRE
CCT,vit,kNN,jpeg_0.325,jpeg,Synthetic,-0.01849268604202825,0.1314772756001984,0.14996996164222665,PRE-0
CCT,vit,kNN,jpeg_0.35000000000000003,jpeg,Synthetic,-0.029445066994409186,0.028149321487331624,0.05759438848174081,PRE
CCT,vit,kNN,jpeg_0.35000000000000003,jpeg,Synthetic,-0.029445066994409186,0.12696197164419276,0.15640703863860195,PRE-0
CCT,vit,kNN,jpeg_0.35000000000000003,jpeg,Synthetic,-0.029445066994409186,0.018553558371495416,0.0479986253659046,PRE
CCT,vit,kNN,jpeg_0.35000000000000003,jpeg,Synthetic,-0.029445066994409186,0.11954524506112374,0.14899031205553293,PRE-0
CCT,vit,kNN,jpeg_0.375,jpeg,Synthetic,-0.028091683535762413,0.024933468677985626,0.05302515221374804,PRE
CCT,vit,kNN,jpeg_0.375,jpeg,Synthetic,-0.028091683535762413,0.11245750078595729,0.1405491843217197,PRE-0
CCT,vit,kNN,jpeg_0.375,jpeg,Synthetic,-0.028091683535762413,0.03508518498626356,0.06317686852202598,PRE
CCT,vit,kNN,jpeg_0.375,jpeg,Synthetic,-0.028091683535762413,0.12280095917830436,0.15089264271406677,PRE-0
CCT,vit,kNN,jpeg_0.4,jpeg,Synthetic,-0.023680655966840214,0.022775932307938396,0.04645658827477861,PRE
CCT,vit,kNN,jpeg_0.4,jpeg,Synthetic,-0.023680655966840214,0.10272635783252959,0.1264070137993698,PRE-0
CCT,vit,kNN,jpeg_0.4,jpeg,Synthetic,-0.023680655966840214,0.025204710328049607,0.04888536629488982,PRE
CCT,vit,kNN,jpeg_0.4,jpeg,Synthetic,-0.023680655966840214,0.10421073349331433,0.12789138946015455,PRE-0
CCT,vit,kNN,jpeg_0.42500000000000004,jpeg,Synthetic,-0.043480154713707586,0.029202791544189588,0.07268294625789717,PRE
CCT,vit,kNN,jpeg_0.42500000000000004,jpeg,Synthetic,-0.043480154713707586,0.13171344089530757,0.17519359560901515,PRE-0
CCT,vit,kNN,jpeg_0.42500000000000004,jpeg,Synthetic,-0.043480154713707586,0.016417025117467232,0.05989717983117482,PRE
CCT,vit,kNN,jpeg_0.42500000000000004,jpeg,Synthetic,-0.043480154713707586,0.12075069158115603,0.16423084629486362,PRE-0
CCT,vit,kNN,jpeg_0.45,jpeg,Synthetic,-0.024206971756314033,0.023255487195951163,0.047462458952265196,PRE
CCT,vit,kNN,jpeg_0.45,jpeg,Synthetic,-0.024206971756314033,0.10488929572505112,0.12909626748136516,PRE-0
CCT,vit,kNN,jpeg_0.45,jpeg,Synthetic,-0.024206971756314033,0.023826070962601587,0.04803304271891562,PRE
CCT,vit,kNN,jpeg_0.45,jpeg,Synthetic,-0.024206971756314033,0.10583763167033589,0.13004460342664992,PRE-0
CCT,vit,kNN,jpeg_0.47500000000000003,jpeg,Synthetic,-0.025209478021978038,0.02266266962611596,0.047872147648094,PRE
CCT,vit,kNN,jpeg_0.47500000000000003,jpeg,Synthetic,-0.025209478021978038,0.1022155088088913,0.12742498683086934,PRE-0
CCT,vit,kNN,jpeg_0.47500000000000003,jpeg,Synthetic,-0.025209478021978038,0.013419569141523646,0.038629047163501684,PRE
CCT,vit,kNN,jpeg_0.47500000000000003,jpeg,Synthetic,-0.025209478021978038,0.09304292913676937,0.11825240715874741,PRE-0
CCT,vit,kNN,jpeg_0.5,jpeg,Synthetic,-0.028868625891652178,0.022724153196706176,0.051592779088358354,PRE
CCT,vit,kNN,jpeg_0.5,jpeg,Synthetic,-0.028868625891652178,0.1024928183472179,0.13136144423887008,PRE-0
CCT,vit,kNN,jpeg_0.5,jpeg,Synthetic,-0.028868625891652178,0.016701195457085594,0.04556982134873777,PRE
CCT,vit,kNN,jpeg_0.5,jpeg,Synthetic,-0.028868625891652178,0.09667498930555252,0.1255436151972047,PRE-0
CCT,vit,kNN,OoD Val,Organic,Organic,0.5996526773664931,0.20852363782051275,0.39112903954598033,PRE
CCT,vit,kNN,OoD Val,Organic,Organic,0.5996526773664931,0.9405048076923076,0.3408521303258145,PRE-0
CCT,vit,kNN,OoD Val,Organic,Organic,0.5996526773664931,0.19854368615801532,0.40110899120847776,PRE
CCT,vit,kNN,OoD Val,Organic,Organic,0.5996526773664931,0.9405048076923076,0.3408521303258145,PRE-0
CCT,vit,kNN,OoD Test,Organic,Organic,0.6467704718527085,0.20852363782051275,0.43824683403219583,PRE
CCT,vit,kNN,OoD Test,Organic,Organic,0.6467704718527085,0.9405048076923076,0.293734335839599,PRE-0
CCT,vit,kNN,OoD Test,Organic,Organic,0.6467704718527085,0.20868463339020704,0.43808583846250154,PRE
CCT,vit,kNN,OoD Test,Organic,Organic,0.6467704718527085,0.9405048076923076,0.293734335839599,PRE-0
CCT,vit,kNN,multnoise_0.025,multnoise,Synthetic,-0.017164365240023183,0.021928280435837166,0.03909264567586035,PRE
CCT,vit,kNN,multnoise_0.025,multnoise,Synthetic,-0.017164365240023183,0.12442235379328792,0.1415867190333111,PRE-0
CCT,vit,kNN,multnoise_0.025,multnoise,Synthetic,-0.017164365240023183,0.028390142517676575,0.04555450775769976,PRE
CCT,vit,kNN,multnoise_0.025,multnoise,Synthetic,-0.017164365240023183,0.1283030288578978,0.14546739409792098,PRE-0
CCT,vit,kNN,multnoise_0.05,multnoise,Synthetic,-0.022277147194910363,0.021801958194408555,0.04407910538931892,PRE
CCT,vit,kNN,multnoise_0.05,multnoise,Synthetic,-0.022277147194910363,0.12370559396066028,0.14598274115557064,PRE-0
CCT,vit,kNN,multnoise_0.05,multnoise,Synthetic,-0.022277147194910363,0.026278617520610448,0.04855576471552081,PRE
CCT,vit,kNN,multnoise_0.05,multnoise,Synthetic,-0.022277147194910363,0.1315815761374456,0.15385872333235595,PRE-0
CCT,vit,kNN,multnoise_0.07500000000000001,multnoise,Synthetic,-0.024758350202429225,0.021671800889296433,0.04643015109172566,PRE
CCT,vit,kNN,multnoise_0.07500000000000001,multnoise,Synthetic,-0.024758350202429225,0.12296707375097737,0.1477254239534066,PRE-0
CCT,vit,kNN,multnoise_0.07500000000000001,multnoise,Synthetic,-0.024758350202429225,0.03805006871182759,0.06280841891425681,PRE
CCT,vit,kNN,multnoise_0.07500000000000001,multnoise,Synthetic,-0.024758350202429225,0.13766326502567505,0.16242161522810428,PRE-0
CCT,vit,kNN,multnoise_0.1,multnoise,Synthetic,-0.02022200935029883,0.10784472797364542,0.12806673732394425,PRE
CCT,vit,kNN,multnoise_0.1,multnoise,Synthetic,-0.02022200935029883,0.6119173337800055,0.6321393431303044,PRE-0
CCT,vit,kNN,multnoise_0.1,multnoise,Synthetic,-0.02022200935029883,0.11550894189346894,0.13573095124376777,PRE
CCT,vit,kNN,multnoise_0.1,multnoise,Synthetic,-0.02022200935029883,0.6142056403586182,0.634427649708917,PRE-0
CCT,vit,kNN,multnoise_0.125,multnoise,Synthetic,0.006544907942934386,0.10347981336805534,0.09693490542512095,PRE
CCT,vit,kNN,multnoise_0.125,multnoise,Synthetic,0.006544907942934386,0.5871505514085694,0.580605643465635,PRE-0
CCT,vit,kNN,multnoise_0.125,multnoise,Synthetic,0.006544907942934386,0.10472839219842134,0.09818348425548695,PRE
CCT,vit,kNN,multnoise_0.125,multnoise,Synthetic,0.006544907942934386,0.5900060413385425,0.5834611333956081,PRE-0
CCT,vit,kNN,multnoise_0.15000000000000002,multnoise,Synthetic,0.05381307836899929,0.13320915240575393,0.07939607403675464,PRE
CCT,vit,kNN,multnoise_0.15000000000000002,multnoise,Synthetic,0.05381307836899929,0.7558365708441777,0.7020234924751784,PRE-0
CCT,vit,kNN,multnoise_0.15000000000000002,multnoise,Synthetic,0.05381307836899929,0.13649667862070158,0.0826836002517023,PRE
CCT,vit,kNN,multnoise_0.15000000000000002,multnoise,Synthetic,0.05381307836899929,0.7558212517659549,0.7020081733969556,PRE-0
CCT,vit,kNN,multnoise_0.17500000000000002,multnoise,Synthetic,0.14847473250433774,0.1474445752728173,0.0010301572315204455,PRE
CCT,vit,kNN,multnoise_0.17500000000000002,multnoise,Synthetic,0.14847473250433774,0.8366091980251108,0.6881344655207731,PRE-0
CCT,vit,kNN,multnoise_0.17500000000000002,multnoise,Synthetic,0.14847473250433774,0.13801049897318107,0.010464233531156664,PRE
CCT,vit,kNN,multnoise_0.17500000000000002,multnoise,Synthetic,0.14847473250433774,0.8365688432634735,0.6880941107591357,PRE-0
CCT,vit,kNN,multnoise_0.2,multnoise,Synthetic,0.26940205080007706,0.1556360398065475,0.11376601099352956,PRE
CCT,vit,kNN,multnoise_0.2,multnoise,Synthetic,0.26940205080007706,0.8830880499024002,0.6136859991023231,PRE-0
CCT,vit,kNN,multnoise_0.2,multnoise,Synthetic,0.26940205080007706,0.17910584251859496,0.0902962082814821,PRE
CCT,vit,kNN,multnoise_0.2,multnoise,Synthetic,0.26940205080007706,0.8826744659076777,0.6132724151076007,PRE-0
CCT,vit,kNN,multnoise_0.225,multnoise,Synthetic,0.3657930282436861,0.16215915116567448,0.20363387707801162,PRE
CCT,vit,kNN,multnoise_0.225,multnoise,Synthetic,0.3657930282436861,0.9201005676751975,0.5543075394315115,PRE-0
CCT,vit,kNN,multnoise_0.225,multnoise,Synthetic,0.3657930282436861,0.1629225093286919,0.2028705189149942,PRE
CCT,vit,kNN,multnoise_0.225,multnoise,Synthetic,0.3657930282436861,0.9200057332717722,0.5542127050280861,PRE-0
CCT,vit,kNN,multnoise_0.25,multnoise,Synthetic,0.4306301209755157,0.16471215525793637,0.2659179657175793,PRE
CCT,vit,kNN,multnoise_0.25,multnoise,Synthetic,0.4306301209755157,0.9345864631530749,0.5039563421775592,PRE-0
CCT,vit,kNN,multnoise_0.25,multnoise,Synthetic,0.4306301209755157,0.16477702032898456,0.2658531006465311,PRE
CCT,vit,kNN,multnoise_0.25,multnoise,Synthetic,0.4306301209755157,0.9346528390886865,0.5040227181131708,PRE-0
CCT,vit,kNN,multnoise_0.275,multnoise,Synthetic,0.40165768989782136,0.1649314589533729,0.23672623094444845,PRE
CCT,vit,kNN,multnoise_0.275,multnoise,Synthetic,0.40165768989782136,0.9358308052282147,0.5341731153303934,PRE-0
CCT,vit,kNN,multnoise_0.275,multnoise,Synthetic,0.40165768989782136,0.1619347005733115,0.23972298932450986,PRE
CCT,vit,kNN,multnoise_0.275,multnoise,Synthetic,0.40165768989782136,0.9358331017660636,0.5341754118682422,PRE-0
CCT,vit,kNN,multnoise_0.30000000000000004,multnoise,Synthetic,0.504214080875265,0.16498604600694433,0.33922803486832065,PRE
CCT,vit,kNN,multnoise_0.30000000000000004,multnoise,Synthetic,0.504214080875265,0.9361405353829284,0.4319264545076634,PRE-0
CCT,vit,kNN,multnoise_0.30000000000000004,multnoise,Synthetic,0.504214080875265,0.16785508402082627,0.3363589968544387,PRE
CCT,vit,kNN,multnoise_0.30000000000000004,multnoise,Synthetic,0.504214080875265,0.9361672396673592,0.4319531587920942,PRE-0
CCT,vit,kNN,multnoise_0.325,multnoise,Synthetic,0.5701539304993251,0.1653397817460316,0.4048141487532935,PRE
CCT,vit,kNN,multnoise_0.325,multnoise,Synthetic,0.5701539304993251,0.9381476527858106,0.36799372228648547,PRE-0
CCT,vit,kNN,multnoise_0.325,multnoise,Synthetic,0.5701539304993251,0.1387574502738378,0.4313964802254873,PRE
CCT,vit,kNN,multnoise_0.325,multnoise,Synthetic,0.5701539304993251,0.9381415727689094,0.3679876422695843,PRE-0
CCT,vit,kNN,multnoise_0.35000000000000003,multnoise,Synthetic,0.5917579405243878,0.16575520833333313,0.42600273219105467,PRE
CCT,vit,kNN,multnoise_0.35000000000000003,multnoise,Synthetic,0.5917579405243878,0.9405048076923076,0.3487468671679198,PRE-0
CCT,vit,kNN,multnoise_0.35000000000000003,multnoise,Synthetic,0.5917579405243878,0.15830084227911134,0.43345709824527645,PRE
CCT,vit,kNN,multnoise_0.35000000000000003,multnoise,Synthetic,0.5917579405243878,0.9405048076923076,0.3487468671679198,PRE-0
CCT,vit,kNN,multnoise_0.375,multnoise,Synthetic,0.5911313741083477,0.16575520833333313,0.4253761657750146,PRE
CCT,vit,kNN,multnoise_0.375,multnoise,Synthetic,0.5911313741083477,0.9405048076923076,0.3493734335839599,PRE-0
CCT,vit,kNN,multnoise_0.375,multnoise,Synthetic,0.5911313741083477,0.1680454579954227,0.423085916112925,PRE
CCT,vit,kNN,multnoise_0.375,multnoise,Synthetic,0.5911313741083477,0.9405048076923076,0.3493734335839599,PRE-0
CCT,vit,kNN,multnoise_0.4,multnoise,Synthetic,0.5981739806246384,0.16575520833333313,0.43241877229130526,PRE
CCT,vit,kNN,multnoise_0.4,multnoise,Synthetic,0.5981739806246384,0.9405048076923076,0.3423308270676692,PRE-0
CCT,vit,kNN,multnoise_0.4,multnoise,Synthetic,0.5981739806246384,0.1495274806607867,0.4486464999638517,PRE
CCT,vit,kNN,multnoise_0.4,multnoise,Synthetic,0.5981739806246384,0.9405048076923076,0.3423308270676692,PRE-0
CCT,vit,kNN,multnoise_0.42500000000000004,multnoise,Synthetic,0.6043644568151145,0.16575520833333313,0.43860924848178146,PRE
CCT,vit,kNN,multnoise_0.42500000000000004,multnoise,Synthetic,0.6043644568151145,0.9405048076923076,0.336140350877193,PRE-0
CCT,vit,kNN,multnoise_0.42500000000000004,multnoise,Synthetic,0.6043644568151145,0.18127131251784723,0.42309314429726735,PRE
CCT,vit,kNN,multnoise_0.42500000000000004,multnoise,Synthetic,0.6043644568151145,0.9405048076923076,0.336140350877193,PRE-0
CCT,vit,kNN,multnoise_0.45,multnoise,Synthetic,0.6439383916522075,0.16575520833333313,0.47818318331887427,PRE
CCT,vit,kNN,multnoise_0.45,multnoise,Synthetic,0.6439383916522075,0.9405048076923076,0.2965664160401002,PRE-0
CCT,vit,kNN,multnoise_0.45,multnoise,Synthetic,0.6439383916522075,0.16223018778083564,0.48170820387137175,PRE
CCT,vit,kNN,multnoise_0.45,multnoise,Synthetic,0.6439383916522075,0.9405048076923076,0.2965664160401002,PRE-0
CCT,vit,kNN,multnoise_0.47500000000000003,multnoise,Synthetic,0.6809559355118565,0.16575520833333313,0.5152007271785234,PRE
CCT,vit,kNN,multnoise_0.47500000000000003,multnoise,Synthetic,0.6809559355118565,0.9405048076923076,0.2595488721804511,PRE-0
CCT,vit,kNN,multnoise_0.47500000000000003,multnoise,Synthetic,0.6809559355118565,0.15955502399777477,0.5214009115140817,PRE
CCT,vit,kNN,multnoise_0.47500000000000003,multnoise,Synthetic,0.6809559355118565,0.9405048076923076,0.2595488721804511,PRE-0
CCT,vit,kNN,multnoise_0.5,multnoise,Synthetic,0.6293268628301523,0.16575520833333313,0.4635716544968191,PRE
CCT,vit,kNN,multnoise_0.5,multnoise,Synthetic,0.6293268628301523,0.9405048076923076,0.3111779448621554,PRE-0
CCT,vit,kNN,multnoise_0.5,multnoise,Synthetic,0.6293268628301523,0.1561012468311208,0.4732256159990314,PRE
CCT,vit,kNN,multnoise_0.5,multnoise,Synthetic,0.6293268628301523,0.9405048076923076,0.3111779448621554,PRE-0
CCT,vit,kNN,OoD Val,Organic,Organic,0.619402050800077,0.16542091455853158,0.4539811362415454,PRE
CCT,vit,kNN,OoD Val,Organic,Organic,0.619402050800077,0.9386080051390495,0.31920595433897253,PRE-0
CCT,vit,kNN,OoD Val,Organic,Organic,0.619402050800077,0.16827740271128278,0.4511246480887942,PRE
CCT,vit,kNN,OoD Val,Organic,Organic,0.619402050800077,0.9385998828335189,0.31919783203344193,PRE-0
CCT,vit,kNN,OoD Test,Organic,Organic,0.6222591936572199,0.1653397817460316,0.4569194119111883,PRE
CCT,vit,kNN,OoD Test,Organic,Organic,0.6222591936572199,0.9381476527858106,0.3158884591285907,PRE-0
CCT,vit,kNN,OoD Test,Organic,Organic,0.6222591936572199,0.16230112761643622,0.45995806604078365,PRE
CCT,vit,kNN,OoD Test,Organic,Organic,0.6222591936572199,0.9381650254152707,0.3159058317580508,PRE-0
CCT,vit,kNN,noise_0.025,noise,Synthetic,-0.023129277520725022,0.020241442480881777,0.0433707200016068,PRE
CCT,vit,kNN,noise_0.025,noise,Synthetic,-0.023129277520725022,0.1285076817485391,0.15163695926926413,PRE-0
CCT,vit,kNN,noise_0.025,noise,Synthetic,-0.023129277520725022,0.020820049537059182,0.043949327057784204,PRE
CCT,vit,kNN,noise_0.025,noise,Synthetic,-0.023129277520725022,0.1276819606263665,0.15081123814709152,PRE-0
CCT,vit,kNN,noise_0.05,noise,Synthetic,-0.023054089550800017,0.06070208263816845,0.08375617218896847,PRE
CCT,vit,kNN,noise_0.05,noise,Synthetic,-0.023054089550800017,0.38538181873683475,0.40843590828763476,PRE-0
CCT,vit,kNN,noise_0.05,noise,Synthetic,-0.023054089550800017,0.05229932668988746,0.07535341624068748,PRE
CCT,vit,kNN,noise_0.05,noise,Synthetic,-0.023054089550800017,0.38590891610010936,0.4089630056509094,PRE-0
CCT,vit,kNN,noise_0.07500000000000001,noise,Synthetic,0.025642652303836444,0.07927035105040237,0.05362769874656592,PRE
CCT,vit,kNN,noise_0.07500000000000001,noise,Synthetic,0.025642652303836444,0.5032669511820416,0.47762429887820507,PRE-0
CCT,vit,kNN,noise_0.07500000000000001,noise,Synthetic,0.025642652303836444,0.07122367684500819,0.045581024541171744,PRE
CCT,vit,kNN,noise_0.07500000000000001,noise,Synthetic,0.025642652303836444,0.5015748636814528,0.47593221137761627,PRE-0
CCT,vit,kNN,noise_0.1,noise,Synthetic,0.14945217611336026,0.10398276170276777,0.04546941441059249,PRE
CCT,vit,kNN,noise_0.1,noise,Synthetic,0.14945217611336026,0.660159653189464,0.5107074770761038,PRE-0
CCT,vit,kNN,noise_0.1,noise,Synthetic,0.14945217611336026,0.11036781494830894,0.03908436116505132,PRE
CCT,vit,kNN,noise_0.1,noise,Synthetic,0.14945217611336026,0.6636703083133012,0.514218132199941,PRE-0
CCT,vit,kNN,noise_0.125,noise,Synthetic,0.3190010482938114,0.1203634838799722,0.19863756441383917,PRE
CCT,vit,kNN,noise_0.125,noise,Synthetic,0.3190010482938114,0.7641566205176402,0.44515557222382884,PRE-0
CCT,vit,kNN,noise_0.125,noise,Synthetic,0.3190010482938114,0.11729291915857254,0.20170812913523883,PRE
CCT,vit,kNN,noise_0.125,noise,Synthetic,0.3190010482938114,0.7657787682721738,0.44677771997836246,PRE-0
CCT,vit,kNN,noise_0.15000000000000002,noise,Synthetic,0.3875975395218815,0.13501980031207816,0.2525777392098033,PRE
CCT,vit,kNN,noise_0.15000000000000002,noise,Synthetic,0.3875975395218815,0.857205781882591,0.4696082423607095,PRE-0
CCT,vit,kNN,noise_0.15000000000000002,noise,Synthetic,0.3875975395218815,0.14733369799413476,0.2402638415277467,PRE
CCT,vit,kNN,noise_0.15000000000000002,noise,Synthetic,0.3875975395218815,0.8575634169807779,0.4699658774588964,PRE-0
CCT,vit,kNN,noise_0.17500000000000002,noise,Synthetic,0.494088767592057,0.14081483577148646,0.35327393182057054,PRE
CCT,vit,kNN,noise_0.17500000000000002,noise,Synthetic,0.494088767592057,0.8939969628096683,0.3999081952176113,PRE-0
CCT,vit,kNN,noise_0.17500000000000002,noise,Synthetic,0.494088767592057,0.16923387632295872,0.3248548912690983,PRE
CCT,vit,kNN,noise_0.17500000000000002,noise,Synthetic,0.494088767592057,0.8933427130149162,0.3992539454228592,PRE-0
CCT,vit,kNN,noise_0.2,noise,Synthetic,0.5344897700983227,0.14629580624655236,0.38819396385177035,PRE
CCT,vit,kNN,noise_0.2,noise,Synthetic,0.5344897700983227,0.9287942264013398,0.3943044563030171,PRE-0
CCT,vit,kNN,noise_0.2,noise,Synthetic,0.5344897700983227,0.13616485843408177,0.39832491166424094,PRE
CCT,vit,kNN,noise_0.2,noise,Synthetic,0.5344897700983227,0.9287708748412294,0.3942811047429067,PRE-0
CCT,vit,kNN,noise_0.225,noise,Synthetic,0.5661188427800269,0.14663604640691597,0.4194827963731109,PRE
CCT,vit,kNN,noise_0.225,noise,Synthetic,0.5661188427800269,0.9309543231576537,0.3648354803776268,PRE-0
CCT,vit,kNN,noise_0.225,noise,Synthetic,0.5661188427800269,0.1371401994535163,0.4289786433265106,PRE
CCT,vit,kNN,noise_0.225,noise,Synthetic,0.5661188427800269,0.9308954321855771,0.3647765894055502,PRE-0
CCT,vit,kNN,noise_0.25,noise,Synthetic,0.6067955345093502,0.14739779972099032,0.4593977347883599,PRE
CCT,vit,kNN,noise_0.25,noise,Synthetic,0.6067955345093502,0.9357904978793136,0.3289949633699634,PRE-0
CCT,vit,kNN,noise_0.25,noise,Synthetic,0.6067955345093502,0.14631900011652288,0.4604765343928273,PRE
CCT,vit,kNN,noise_0.25,noise,Synthetic,0.6067955345093502,0.9357786209925977,0.3289830864832475,PRE-0
CCT,vit,kNN,noise_0.275,noise,Synthetic,0.6663945320030845,0.1481403579059828,0.5182541740971017,PRE
CCT,vit,kNN,noise_0.275,noise,Synthetic,0.6663945320030845,0.9405048076923076,0.2741102756892231,PRE-0
CCT,vit,kNN,noise_0.275,noise,Synthetic,0.6663945320030845,0.14380161614184184,0.5225929158612427,PRE
CCT,vit,kNN,noise_0.275,noise,Synthetic,0.6663945320030845,0.9405048076923076,0.2741102756892231,PRE-0
CCT,vit,kNN,noise_0.30000000000000004,noise,Synthetic,0.6099534292461923,0.1481403579059828,0.4618130713402095,PRE
CCT,vit,kNN,noise_0.30000000000000004,noise,Synthetic,0.6099534292461923,0.9405048076923076,0.3305513784461153,PRE-0
CCT,vit,kNN,noise_0.30000000000000004,noise,Synthetic,0.6099534292461923,0.12956460283667393,0.48038882640951835,PRE
CCT,vit,kNN,noise_0.30000000000000004,noise,Synthetic,0.6099534292461923,0.9405048076923076,0.3305513784461153,PRE-0
CCT,vit,kNN,noise_0.325,noise,Synthetic,0.7057429029304029,0.1481403579059828,0.5576025450244201,PRE
CCT,vit,kNN,noise_0.325,noise,Synthetic,0.7057429029304029,0.9405048076923076,0.2347619047619047,PRE-0
CCT,vit,kNN,noise_0.325,noise,Synthetic,0.7057429029304029,0.13565263319455734,0.5700902697358455,PRE
CCT,vit,kNN,noise_0.325,noise,Synthetic,0.7057429029304029,0.9405048076923076,0.2347619047619047,PRE-0
CCT,vit,kNN,noise_0.35000000000000003,noise,Synthetic,0.7186000457875457,0.1481403579059828,0.5704596878815629,PRE
CCT,vit,kNN,noise_0.35000000000000003,noise,Synthetic,0.7186000457875457,0.9405048076923076,0.2219047619047619,PRE-0
CCT,vit,kNN,noise_0.35000000000000003,noise,Synthetic,0.7186000457875457,0.13696931930419487,0.5816307264833508,PRE
CCT,vit,kNN,noise_0.35000000000000003,noise,Synthetic,0.7186000457875457,0.9405048076923076,0.2219047619047619,PRE-0
CCT,vit,kNN,noise_0.375,noise,Synthetic,0.707948416714864,0.1481403579059828,0.5598080588088812,PRE
CCT,vit,kNN,noise_0.375,noise,Synthetic,0.707948416714864,0.9405048076923076,0.2325563909774436,PRE-0
CCT,vit,kNN,noise_0.375,noise,Synthetic,0.707948416714864,0.13366392250501036,0.5742844942098536,PRE
CCT,vit,kNN,noise_0.375,noise,Synthetic,0.707948416714864,0.9405048076923076,0.2325563909774436,PRE-0
CCT,vit,kNN,noise_0.4,noise,Synthetic,0.7328105721033352,0.1481403579059828,0.5846702141973524,PRE
CCT,vit,kNN,noise_0.4,noise,Synthetic,0.7328105721033352,0.9405048076923076,0.2076942355889724,PRE-0
CCT,vit,kNN,noise_0.4,noise,Synthetic,0.7328105721033352,0.15072846875607748,0.5820821033472577,PRE
CCT,vit,kNN,noise_0.4,noise,Synthetic,0.7328105721033352,0.9405048076923076,0.2076942355889724,PRE-0
CCT,vit,kNN,noise_0.42500000000000004,noise,Synthetic,0.7803043064391748,0.1481403579059828,0.632163948533192,PRE
CCT,vit,kNN,noise_0.42500000000000004,noise,Synthetic,0.7803043064391748,0.9405048076923076,0.1602005012531328,PRE-0
CCT,vit,kNN,noise_0.42500000000000004,noise,Synthetic,0.7803043064391748,0.14672577985463753,0.6335785265845373,PRE
CCT,vit,kNN,noise_0.42500000000000004,noise,Synthetic,0.7803043064391748,0.9405048076923076,0.1602005012531328,PRE-0
CCT,vit,kNN,noise_0.45,noise,Synthetic,0.7520586924040871,0.1481403579059828,0.6039183344981043,PRE
CCT,vit,kNN,noise_0.45,noise,Synthetic,0.7520586924040871,0.9405048076923076,0.1884461152882205,PRE-0
CCT,vit,kNN,noise_0.45,noise,Synthetic,0.7520586924040871,0.1476328810028117,0.6044258114012754,PRE
CCT,vit,kNN,noise_0.45,noise,Synthetic,0.7520586924040871,0.9405048076923076,0.1884461152882205,PRE-0
CCT,vit,kNN,noise_0.47500000000000003,noise,Synthetic,0.7517078152111046,0.1481403579059828,0.6035674573051218,PRE
CCT,vit,kNN,noise_0.47500000000000003,noise,Synthetic,0.7517078152111046,0.9405048076923076,0.188796992481203,PRE-0
CCT,vit,kNN,noise_0.47500000000000003,noise,Synthetic,0.7517078152111046,0.13690017235123342,0.6148076428598712,PRE
CCT,vit,kNN,noise_0.47500000000000003,noise,Synthetic,0.7517078152111046,0.9405048076923076,0.188796992481203,PRE-0
CCT,vit,kNN,noise_0.5,noise,Synthetic,0.7560937801233854,0.1481403579059828,0.6079534222174026,PRE
CCT,vit,kNN,noise_0.5,noise,Synthetic,0.7560937801233854,0.9405048076923076,0.1844110275689223,PRE-0
CCT,vit,kNN,noise_0.5,noise,Synthetic,0.7560937801233854,0.13197238384156684,0.6241213962818184,PRE
CCT,vit,kNN,noise_0.5,noise,Synthetic,0.7560937801233854,0.9405048076923076,0.1844110275689223,PRE-0
CCT,vit,kNN,OoD Val,Organic,Organic,0.6404045570657412,0.14723499383893068,0.4931695632268105,PRE
CCT,vit,kNN,OoD Val,Organic,Organic,0.6404045570657412,0.9347568854528147,0.29435232838707354,PRE-0
CCT,vit,kNN,OoD Val,Organic,Organic,0.6404045570657412,0.15789175377269393,0.48251280329304724,PRE
CCT,vit,kNN,OoD Val,Organic,Organic,0.6404045570657412,0.9347061085772899,0.29430155151154874,PRE-0
CCT,vit,kNN,OoD Test,Organic,Organic,0.6617328778677463,0.14777297724395788,0.5139599006237883,PRE
CCT,vit,kNN,OoD Test,Organic,Organic,0.6617328778677463,0.938172402912329,0.2764395250445827,PRE-0
CCT,vit,kNN,OoD Test,Organic,Organic,0.6617328778677463,0.15387907363925113,0.507853804228495,PRE
CCT,vit,kNN,OoD Test,Organic,Organic,0.6617328778677463,0.9381655005476613,0.2764326226799152,PRE-0
CCT,vit,kNN,saltpepper_0.025,saltpepper,Synthetic,0.7206050583188741,0.1253405448717948,0.5952645134470793,PRE
CCT,vit,kNN,saltpepper_0.025,saltpepper,Synthetic,0.7206050583188741,0.9405048076923076,0.2198997493734335,PRE-0
CCT,vit,kNN,saltpepper_0.025,saltpepper,Synthetic,0.7206050583188741,0.12413884826420885,0.5964662100546653,PRE
CCT,vit,kNN,saltpepper_0.025,saltpepper,Synthetic,0.7206050583188741,0.9405048076923076,0.2198997493734335,PRE-0
CCT,vit,kNN,saltpepper_0.05,saltpepper,Synthetic,0.663011073356468,0.1253405448717948,0.5376705284846732,PRE
CCT,vit,kNN,saltpepper_0.05,saltpepper,Synthetic,0.663011073356468,0.9405048076923076,0.2774937343358395,PRE-0
CCT,vit,kNN,saltpepper_0.05,saltpepper,Synthetic,0.663011073356468,0.13007585891324913,0.5329352144432189,PRE
CCT,vit,kNN,saltpepper_0.05,saltpepper,Synthetic,0.663011073356468,0.9405048076923076,0.2774937343358395,PRE-0
CCT,vit,kNN,saltpepper_0.07500000000000001,saltpepper,Synthetic,0.6765950332562174,0.1253405448717948,0.5512544883844226,PRE
CCT,vit,kNN,saltpepper_0.07500000000000001,saltpepper,Synthetic,0.6765950332562174,0.9405048076923076,0.2639097744360902,PRE-0
CCT,vit,kNN,saltpepper_0.07500000000000001,saltpepper,Synthetic,0.6765950332562174,0.12076038174841197,0.5558346515078054,PRE
CCT,vit,kNN,saltpepper_0.07500000000000001,saltpepper,Synthetic,0.6765950332562174,0.9405048076923076,0.2639097744360902,PRE-0
CCT,vit,kNN,saltpepper_0.1,saltpepper,Synthetic,0.6642642061885482,0.1253405448717948,0.5389236613167534,PRE
CCT,vit,kNN,saltpepper_0.1,saltpepper,Synthetic,0.6642642061885482,0.9405048076923076,0.2762406015037594,PRE-0
CCT,vit,kNN,saltpepper_0.1,saltpepper,Synthetic,0.6642642061885482,0.1298192342250839,0.5344449719634643,PRE
CCT,vit,kNN,saltpepper_0.1,saltpepper,Synthetic,0.6642642061885482,0.9405048076923076,0.2762406015037594,PRE-0
CCT,vit,kNN,saltpepper_0.125,saltpepper,Synthetic,0.7338130783689993,0.1253405448717948,0.6084725334972045,PRE
CCT,vit,kNN,saltpepper_0.125,saltpepper,Synthetic,0.7338130783689993,0.9405048076923076,0.2066917293233082,PRE-0
CCT,vit,kNN,saltpepper_0.125,saltpepper,Synthetic,0.7338130783689993,0.11081125248527479,0.6230018258837247,PRE
CCT,vit,kNN,saltpepper_0.125,saltpepper,Synthetic,0.7338130783689993,0.9405048076923076,0.2066917293233082,PRE-0
CCT,vit,kNN,saltpepper_0.15000000000000002,saltpepper,Synthetic,0.6887504217273953,0.1253405448717948,0.5634098768556005,PRE
CCT,vit,kNN,saltpepper_0.15000000000000002,saltpepper,Synthetic,0.6887504217273953,0.9405048076923076,0.2517543859649123,PRE-0
CCT,vit,kNN,saltpepper_0.15000000000000002,saltpepper,Synthetic,0.6887504217273953,0.12291707180640477,0.5658333499209905,PRE
CCT,vit,kNN,saltpepper_0.15000000000000002,saltpepper,Synthetic,0.6887504217273953,0.9405048076923076,0.2517543859649123,PRE-0
CCT,vit,kNN,saltpepper_0.17500000000000002,saltpepper,Synthetic,0.714088767592057,0.1253405448717948,0.5887482227202622,PRE
CCT,vit,kNN,saltpepper_0.17500000000000002,saltpepper,Synthetic,0.714088767592057,0.9405048076923076,0.2264160401002506,PRE-0
CCT,vit,kNN,saltpepper_0.17500000000000002,saltpepper,Synthetic,0.714088767592057,0.12823430432563798,0.585854463266419,PRE
CCT,vit,kNN,saltpepper_0.17500000000000002,saltpepper,Synthetic,0.714088767592057,0.9405048076923076,0.2264160401002506,PRE-0
CCT,vit,kNN,saltpepper_0.2,saltpepper,Synthetic,0.7010060608251397,0.1253405448717948,0.5756655159533449,PRE
CCT,vit,kNN,saltpepper_0.2,saltpepper,Synthetic,0.7010060608251397,0.9405048076923076,0.2394987468671679,PRE-0
CCT,vit,kNN,saltpepper_0.2,saltpepper,Synthetic,0.7010060608251397,0.148637992069533,0.5523680687556067,PRE
CCT,vit,kNN,saltpepper_0.2,saltpepper,Synthetic,0.7010060608251397,0.9405048076923076,0.2394987468671679,PRE-0
CCT,vit,kNN,saltpepper_0.225,saltpepper,Synthetic,0.6973970382687488,0.1253405448717948,0.572056493396954,PRE
CCT,vit,kNN,saltpepper_0.225,saltpepper,Synthetic,0.6973970382687488,0.9405048076923076,0.2431077694235588,PRE-0
CCT,vit,kNN,saltpepper_0.225,saltpepper,Synthetic,0.6973970382687488,0.12485530577524451,0.5725417324935043,PRE
CCT,vit,kNN,saltpepper_0.225,saltpepper,Synthetic,0.6973970382687488,0.9405048076923076,0.2431077694235588,PRE-0
CCT,vit,kNN,saltpepper_0.25,saltpepper,Synthetic,0.7354922763639868,0.1253405448717948,0.610151731492192,PRE
CCT,vit,kNN,saltpepper_0.25,saltpepper,Synthetic,0.7354922763639868,0.9405048076923076,0.2050125313283207,PRE-0
CCT,vit,kNN,saltpepper_0.25,saltpepper,Synthetic,0.7354922763639868,0.11581823520473533,0.6196740411592516,PRE
CCT,vit,kNN,saltpepper_0.25,saltpepper,Synthetic,0.7354922763639868,0.9405048076923076,0.2050125313283207,PRE-0
CCT,vit,kNN,saltpepper_0.275,saltpepper,Synthetic,0.7319835044341623,0.1253405448717948,0.6066429595623675,PRE
CCT,vit,kNN,saltpepper_0.275,saltpepper,Synthetic,0.7319835044341623,0.9405048076923076,0.2085213032581453,PRE-0
CCT,vit,kNN,saltpepper_0.275,saltpepper,Synthetic,0.7319835044341623,0.12281484829130696,0.6091686561428553,PRE
CCT,vit,kNN,saltpepper_0.275,saltpepper,Synthetic,0.7319835044341623,0.9405048076923076,0.2085213032581453,PRE-0
CCT,vit,kNN,saltpepper_0.30000000000000004,saltpepper,Synthetic,0.7247153340080971,0.1253405448717948,0.5993747891363023,PRE
CCT,vit,kNN,saltpepper_0.30000000000000004,saltpepper,Synthetic,0.7247153340080971,0.9405048076923076,0.2157894736842105,PRE-0
CCT,vit,kNN,saltpepper_0.30000000000000004,saltpepper,Synthetic,0.7247153340080971,0.13323815807164452,0.5914771759364525,PRE
CCT,vit,kNN,saltpepper_0.30000000000000004,saltpepper,Synthetic,0.7247153340080971,0.9405048076923076,0.2157894736842105,PRE-0
CCT,vit,kNN,saltpepper_0.325,saltpepper,Synthetic,0.7421088177173703,0.1253405448717948,0.6167682728455754,PRE
CCT,vit,kNN,saltpepper_0.325,saltpepper,Synthetic,0.7421088177173703,0.9405048076923076,0.1983959899749373,PRE-0
CCT,vit,kNN,saltpepper_0.325,saltpepper,Synthetic,0.7421088177173703,0.1265579044117645,0.6155509133056059,PRE
CCT,vit,kNN,saltpepper_0.325,saltpepper,Synthetic,0.7421088177173703,0.9405048076923076,0.1983959899749373,PRE-0
CCT,vit,kNN,saltpepper_0.35000000000000003,saltpepper,Synthetic,0.7277980407750144,0.1253405448717948,0.6024574959032196,PRE
CCT,vit,kNN,saltpepper_0.35000000000000003,saltpepper,Synthetic,0.7277980407750144,0.9405048076923076,0.2127067669172932,PRE-0
CCT,vit,kNN,saltpepper_0.35000000000000003,saltpepper,Synthetic,0.7277980407750144,0.12144287531542564,0.6063551654595888,PRE
CCT,vit,kNN,saltpepper_0.35000000000000003,saltpepper,Synthetic,0.7277980407750144,0.9405048076923076,0.2127067669172932,PRE-0
CCT,vit,kNN,saltpepper_0.375,saltpepper,Synthetic,0.7169960357624832,0.1253405448717948,0.5916554908906884,PRE
CCT,vit,kNN,saltpepper_0.375,saltpepper,Synthetic,0.7169960357624832,0.9405048076923076,0.2235087719298245,PRE-0
CCT,vit,kNN,saltpepper_0.375,saltpepper,Synthetic,0.7169960357624832,0.13088691916654616,0.5861091165959369,PRE
CCT,vit,kNN,saltpepper_0.375,saltpepper,Synthetic,0.7169960357624832,0.9405048076923076,0.2235087719298245,PRE-0
CCT,vit,kNN,saltpepper_0.4,saltpepper,Synthetic,0.7477228528050897,0.1253405448717948,0.6223823079332949,PRE
CCT,vit,kNN,saltpepper_0.4,saltpepper,Synthetic,0.7477228528050897,0.9405048076923076,0.192781954887218,PRE-0
CCT,vit,kNN,saltpepper_0.4,saltpepper,Synthetic,0.7477228528050897,0.133306998893998,0.6144158539110915,PRE
CCT,vit,kNN,saltpepper_0.4,saltpepper,Synthetic,0.7477228528050897,0.9405048076923076,0.192781954887218,PRE-0
CCT,vit,kNN,saltpepper_0.42500000000000004,saltpepper,Synthetic,0.7474722262386736,0.1253405448717948,0.6221316813668788,PRE
CCT,vit,kNN,saltpepper_0.42500000000000004,saltpepper,Synthetic,0.7474722262386736,0.9405048076923076,0.193032581453634,PRE-0
CCT,vit,kNN,saltpepper_0.42500000000000004,saltpepper,Synthetic,0.7474722262386736,0.11639600554039531,0.6310762206982783,PRE
CCT,vit,kNN,saltpepper_0.42500000000000004,saltpepper,Synthetic,0.7474722262386736,0.9405048076923076,0.193032581453634,PRE-0
CCT,vit,kNN,saltpepper_0.45,saltpepper,Synthetic,0.7476977901484481,0.1253405448717948,0.6223572452766533,PRE
CCT,vit,kNN,saltpepper_0.45,saltpepper,Synthetic,0.7476977901484481,0.9405048076923076,0.1928070175438596,PRE-0
CCT,vit,kNN,saltpepper_0.45,saltpepper,Synthetic,0.7476977901484481,0.11145185622472487,0.6362459339237232,PRE
CCT,vit,kNN,saltpepper_0.45,saltpepper,Synthetic,0.7476977901484481,0.9405048076923076,0.1928070175438596,PRE-0
CCT,vit,kNN,saltpepper_0.47500000000000003,saltpepper,Synthetic,0.7308807475419317,0.1253405448717948,0.6055402026701369,PRE
CCT,vit,kNN,saltpepper_0.47500000000000003,saltpepper,Synthetic,0.7308807475419317,0.9405048076923076,0.2096240601503759,PRE-0
CCT,vit,kNN,saltpepper_0.47500000000000003,saltpepper,Synthetic,0.7308807475419317,0.15104217335435532,0.5798385741875763,PRE
CCT,vit,kNN,saltpepper_0.47500000000000003,saltpepper,Synthetic,0.7308807475419317,0.9405048076923076,0.2096240601503759,PRE-0
CCT,vit,kNN,saltpepper_0.5,saltpepper,Synthetic,0.7600787425294004,0.1253405448717948,0.6347381976576056,PRE
CCT,vit,kNN,saltpepper_0.5,saltpepper,Synthetic,0.7600787425294004,0.9405048076923076,0.1804260651629072,PRE-0
CCT,vit,kNN,saltpepper_0.5,saltpepper,Synthetic,0.7600787425294004,0.11233837948068337,0.6477403630487171,PRE
CCT,vit,kNN,saltpepper_0.5,saltpepper,Synthetic,0.7600787425294004,0.9405048076923076,0.1804260651629072,PRE-0
CCT,vit,kNN,OoD Val,Organic,Organic,0.6203794944090997,0.1253405448717948,0.4950389495373048,PRE
CCT,vit,kNN,OoD Val,Organic,Organic,0.6203794944090997,0.9405048076923076,0.320125313283208,PRE-0
CCT,vit,kNN,OoD Val,Organic,Organic,0.6203794944090997,0.13554748198395716,0.48483201242514246,PRE
CCT,vit,kNN,OoD Val,Organic,Organic,0.6203794944090997,0.9405048076923076,0.320125313283208,PRE-0
CCT,vit,kNN,OoD Test,Organic,Organic,0.6258431535569693,0.12515221991778314,0.5006909336391862,PRE
CCT,vit,kNN,OoD Test,Organic,Organic,0.6258431535569693,0.9390916933258627,0.3132485397688934,PRE-0
CCT,vit,kNN,OoD Test,Organic,Organic,0.6258431535569693,0.11708873407999132,0.508754419476978,PRE
CCT,vit,kNN,OoD Test,Organic,Organic,0.6258431535569693,0.9390841510362854,0.3132409974793161,PRE-0
CCT,vit,kNN,smear_0.025,smear,Synthetic,-0.021199452959321352,0.03047344486728376,0.05167289782660511,PRE
CCT,vit,kNN,smear_0.025,smear,Synthetic,-0.021199452959321352,0.14068585366799713,0.16188530662731848,PRE-0
CCT,vit,kNN,smear_0.025,smear,Synthetic,-0.021199452959321352,0.03955408374237801,0.06075353670169936,PRE
CCT,vit,kNN,smear_0.025,smear,Synthetic,-0.021199452959321352,0.14963837360719057,0.17083782656651192,PRE-0
CCT,vit,kNN,smear_0.05,smear,Synthetic,-0.030522761229998197,0.025618926962631572,0.05614168819262977,PRE
CCT,vit,kNN,smear_0.05,smear,Synthetic,-0.030522761229998197,0.11827414411113646,0.14879690534113466,PRE-0
CCT,vit,kNN,smear_0.05,smear,Synthetic,-0.030522761229998197,0.028213505689531182,0.05873626691952938,PRE
CCT,vit,kNN,smear_0.05,smear,Synthetic,-0.030522761229998197,0.12079379951647462,0.15131656074647282,PRE-0
CCT,vit,kNN,smear_0.07500000000000001,smear,Synthetic,-0.03781599431270477,0.03439157058486142,0.07220756489756619,PRE
CCT,vit,kNN,smear_0.07500000000000001,smear,Synthetic,-0.03781599431270477,0.15877454904709298,0.19659054335979775,PRE-0
CCT,vit,kNN,smear_0.07500000000000001,smear,Synthetic,-0.03781599431270477,0.04082290948325251,0.07863890379595728,PRE
CCT,vit,kNN,smear_0.07500000000000001,smear,Synthetic,-0.03781599431270477,0.1664261568041694,0.20424215111687416,PRE-0
CCT,vit,kNN,smear_0.1,smear,Synthetic,-0.01322952814729117,0.03579842581944159,0.04902795396673276,PRE
CCT,vit,kNN,smear_0.1,smear,Synthetic,-0.01322952814729117,0.1652695360932307,0.17849906424052187,PRE-0
CCT,vit,kNN,smear_0.1,smear,Synthetic,-0.01322952814729117,0.0354524664981648,0.04868199464545597,PRE
CCT,vit,kNN,smear_0.1,smear,Synthetic,-0.01322952814729117,0.16544407179443543,0.1786735999417266,PRE-0
CCT,vit,kNN,smear_0.125,smear,Synthetic,-0.011124264989396782,0.04652180362508562,0.057646068614482404,PRE
CCT,vit,kNN,smear_0.125,smear,Synthetic,-0.011124264989396782,0.21477583796890531,0.2259001029583021,PRE-0
CCT,vit,kNN,smear_0.125,smear,Synthetic,-0.011124264989396782,0.048564599461970226,0.05968886445136701,PRE
CCT,vit,kNN,smear_0.125,smear,Synthetic,-0.011124264989396782,0.21866558912789646,0.22978985411729325,PRE-0
CCT,vit,kNN,smear_0.15000000000000002,smear,Synthetic,-0.027339803836514354,0.0653984663799736,0.09273827021648795,PRE
CCT,vit,kNN,smear_0.15000000000000002,smear,Synthetic,-0.027339803836514354,0.30192316987181833,0.3292629737083327,PRE-0
CCT,vit,kNN,smear_0.15000000000000002,smear,Synthetic,-0.027339803836514354,0.07107545245867408,0.09841525629518844,PRE
CCT,vit,kNN,smear_0.15000000000000002,smear,Synthetic,-0.027339803836514354,0.30218720346560846,0.3295270073021228,PRE-0
CCT,vit,kNN,smear_0.17500000000000002,smear,Synthetic,-0.023003964237516827,0.1112026173147399,0.13420658155225673,PRE
CCT,vit,kNN,smear_0.17500000000000002,smear,Synthetic,-0.023003964237516827,0.5133858418427718,0.5363898060802886,PRE-0
CCT,vit,kNN,smear_0.17500000000000002,smear,Synthetic,-0.023003964237516827,0.11980865227151272,0.14281261650902954,PRE
CCT,vit,kNN,smear_0.17500000000000002,smear,Synthetic,-0.023003964237516827,0.5218373043342244,0.5448412685717412,PRE-0
CCT,vit,kNN,smear_0.2,smear,Synthetic,-0.008216996818970368,0.09747589615835517,0.10569289297732554,PRE
CCT,vit,kNN,smear_0.2,smear,Synthetic,-0.008216996818970368,0.4500140933463679,0.45823109016533825,PRE-0
CCT,vit,kNN,smear_0.2,smear,Synthetic,-0.008216996818970368,0.10013439500896326,0.10835139182793363,PRE
CCT,vit,kNN,smear_0.2,smear,Synthetic,-0.008216996818970368,0.4463265898292595,0.45454358664822986,PRE-0
CCT,vit,kNN,smear_0.225,smear,Synthetic,0.004640146038172199,0.13658012246415152,0.13193997642597932,PRE
CCT,vit,kNN,smear_0.225,smear,Synthetic,0.004640146038172199,0.6305454209930104,0.6259052749548382,PRE-0
CCT,vit,kNN,smear_0.225,smear,Synthetic,0.004640146038172199,0.13656459035921797,0.13192444432104578,PRE
CCT,vit,kNN,smear_0.225,smear,Synthetic,0.004640146038172199,0.6288168522493596,0.6241767062111874,PRE-0
CCT,vit,kNN,smear_0.25,smear,Synthetic,-0.0023523351648352397,0.15656076056232482,0.15891309572716006,PRE
CCT,vit,kNN,smear_0.25,smear,Synthetic,-0.0023523351648352397,0.7227894432857013,0.7251417784505365,PRE-0
CCT,vit,kNN,smear_0.25,smear,Synthetic,-0.0023523351648352397,0.15390959870324183,0.15626193386807707,PRE
CCT,vit,kNN,smear_0.25,smear,Synthetic,-0.0023523351648352397,0.7249715797326755,0.7273239148975108,PRE-0
CCT,vit,kNN,smear_0.275,smear,Synthetic,-0.0001969466936572184,0.1599582876238469,0.1601552343175041,PRE
CCT,vit,kNN,smear_0.275,smear,Synthetic,-0.0001969466936572184,0.7384747062118998,0.738671652905557,PRE-0
CCT,vit,kNN,smear_0.275,smear,Synthetic,-0.0001969466936572184,0.16592332706572988,0.1661202737593871,PRE
CCT,vit,kNN,smear_0.275,smear,Synthetic,-0.0001969466936572184,0.7365102856044923,0.7367072322981495,PRE-0
CCT,vit,kNN,smear_0.30000000000000004,smear,Synthetic,-0.016061608347792578,0.16156376791891047,0.17762537626670305,PRE
CCT,vit,kNN,smear_0.30000000000000004,smear,Synthetic,-0.016061608347792578,0.7458866797134796,0.7619482880612722,PRE-0
CCT,vit,kNN,smear_0.30000000000000004,smear,Synthetic,-0.016061608347792578,0.15646080839544074,0.17252241674323332,PRE
CCT,vit,kNN,smear_0.30000000000000004,smear,Synthetic,-0.016061608347792578,0.7465539885728462,0.7626155969206387,PRE-0
CCT,vit,kNN,smear_0.325,smear,Synthetic,0.026670221226142155,0.1595317741635065,0.13286155293736435,PRE
CCT,vit,kNN,smear_0.325,smear,Synthetic,0.026670221226142155,0.7365056341056702,0.7098354128795279,PRE-0
CCT,vit,kNN,smear_0.325,smear,Synthetic,0.026670221226142155,0.14891728907928026,0.1222470678531381,PRE
CCT,vit,kNN,smear_0.325,smear,Synthetic,0.026670221226142155,0.7334117400821262,0.706741518855984,PRE-0
CCT,vit,kNN,smear_0.35000000000000003,smear,Synthetic,0.016720346539425224,0.14544243771929466,0.12872209117986944,PRE
CCT,vit,kNN,smear_0.35000000000000003,smear,Synthetic,0.016720346539425224,0.6714598103104874,0.6547394637710622,PRE-0
CCT,vit,kNN,smear_0.35000000000000003,smear,Synthetic,0.016720346539425224,0.16615940988920652,0.1494390633497813,PRE
CCT,vit,kNN,smear_0.35000000000000003,smear,Synthetic,0.016720346539425224,0.6747238208467581,0.6580034743073329,PRE-0
CCT,vit,kNN,smear_0.375,smear,Synthetic,0.05752235155195673,0.1444340514971375,0.08691169994518078,PRE
CCT,vit,kNN,smear_0.375,smear,Synthetic,0.05752235155195673,0.6668044233954515,0.6092820718434948,PRE-0
CCT,vit,kNN,smear_0.375,smear,Synthetic,0.05752235155195673,0.1493124531487221,0.09179010159676537,PRE
CCT,vit,kNN,smear_0.375,smear,Synthetic,0.05752235155195673,0.6637502159356683,0.6062278643837116,PRE-0
CCT,vit,kNN,smear_0.4,smear,Synthetic,0.0398281159629843,0.11841471601772513,0.07858660005474083,PRE
CCT,vit,kNN,smear_0.4,smear,Synthetic,0.0398281159629843,0.5466817251006781,0.5068536091376938,PRE-0
CCT,vit,kNN,smear_0.4,smear,Synthetic,0.0398281159629843,0.1168868118674623,0.077058695904478,PRE
CCT,vit,kNN,smear_0.4,smear,Synthetic,0.0398281159629843,0.5491703420907872,0.5093422261278029,PRE-0
CCT,vit,kNN,smear_0.42500000000000004,smear,Synthetic,0.0817328778677463,0.11903632771530648,0.03730344984756018,PRE
CCT,vit,kNN,smear_0.42500000000000004,smear,Synthetic,0.0817328778677463,0.5495515014815608,0.4678186236138146,PRE-0
CCT,vit,kNN,smear_0.42500000000000004,smear,Synthetic,0.0817328778677463,0.11119782585582139,0.029464947988075085,PRE
CCT,vit,kNN,smear_0.42500000000000004,smear,Synthetic,0.0817328778677463,0.5508944501812374,0.4691615723134911,PRE-0
CCT,vit,kNN,smear_0.45,smear,Synthetic,0.07288576007325998,0.12632322948762265,0.05343746941436267,PRE
CCT,vit,kNN,smear_0.45,smear,Synthetic,0.07288576007325998,0.583192725862259,0.510306965788999,PRE-0
CCT,vit,kNN,smear_0.45,smear,Synthetic,0.07288576007325998,0.11527856168901796,0.04239280161575798,PRE
CCT,vit,kNN,smear_0.45,smear,Synthetic,0.07288576007325998,0.5809031672782063,0.5080174072049464,PRE-0
CCT,vit,kNN,smear_0.47500000000000003,smear,Synthetic,0.09551733902062842,0.12900240143070185,0.03348506241007343,PRE
CCT,vit,kNN,smear_0.47500000000000003,smear,Synthetic,0.09551733902062842,0.5955615799113174,0.500044240890689,PRE-0
CCT,vit,kNN,smear_0.47500000000000003,smear,Synthetic,0.09551733902062842,0.1193189417074525,0.023801602686824075,PRE
CCT,vit,kNN,smear_0.47500000000000003,smear,Synthetic,0.09551733902062842,0.5954741671113675,0.499956828090739,PRE-0
CCT,vit,kNN,smear_0.5,smear,Synthetic,0.11526671245421238,0.15140675158793493,0.036140039133722546,PRE
CCT,vit,kNN,smear_0.5,smear,Synthetic,0.11526671245421238,0.6989950821449624,0.58372836969075,PRE-0
CCT,vit,kNN,smear_0.5,smear,Synthetic,0.11526671245421238,0.15305827670781025,0.037791564253597865,PRE
CCT,vit,kNN,smear_0.5,smear,Synthetic,0.11526671245421238,0.6981152846797831,0.5828485722255707,PRE-0
CCT,vit,kNN,OoD Val,Organic,Organic,0.663136386639676,0.20328039422139743,0.45985599241827857,PRE
CCT,vit,kNN,OoD Val,Organic,Organic,0.663136386639676,0.9384785973346828,0.2753422106950068,PRE-0
CCT,vit,kNN,OoD Val,Organic,Organic,0.663136386639676,0.18497415435474718,0.4781622322849288,PRE
CCT,vit,kNN,OoD Val,Organic,Organic,0.663136386639676,0.9384831344650267,0.2753467478253507,PRE-0
CCT,vit,kNN,OoD Test,Organic,Organic,0.6711564367649894,0.20269813489385846,0.46845830187113086,PRE
CCT,vit,kNN,OoD Test,Organic,Organic,0.6711564367649894,0.9357904978793136,0.2646340611143243,PRE-0
CCT,vit,kNN,OoD Test,Organic,Organic,0.6711564367649894,0.226824850596144,0.4443315861688453,PRE
CCT,vit,kNN,OoD Test,Organic,Organic,0.6711564367649894,0.9357746630410324,0.2646182262760431,PRE-0
OfficeHome,vit,kNN,brightness_0.025,brightness,Synthetic,0.04903717627401849,0.05735878929101568,0.008321613016997187,PRE
OfficeHome,vit,kNN,brightness_0.025,brightness,Synthetic,0.04903717627401849,0.2774170313361989,0.2283798550621804,PRE-0
OfficeHome,vit,kNN,brightness_0.025,brightness,Synthetic,0.04903717627401849,0.05565903539467609,0.006621859120657603,PRE
OfficeHome,vit,kNN,brightness_0.025,brightness,Synthetic,0.04903717627401849,0.2776996221075414,0.2286624458335229,PRE-0
OfficeHome,vit,kNN,brightness_0.05,brightness,Synthetic,-0.023895154553049136,0.051564963015684695,0.07546011756873383,PRE
OfficeHome,vit,kNN,brightness_0.05,brightness,Synthetic,-0.023895154553049136,0.24939506460281557,0.2732902191558647,PRE-0
OfficeHome,vit,kNN,brightness_0.05,brightness,Synthetic,-0.023895154553049136,0.050083531357423605,0.07397868591047274,PRE
OfficeHome,vit,kNN,brightness_0.05,brightness,Synthetic,-0.023895154553049136,0.2496957404600172,0.2735908950130663,PRE-0
OfficeHome,vit,kNN,brightness_0.07500000000000001,brightness,Synthetic,0.05076649958228918,0.06713020342163145,0.01636370383934227,PRE
OfficeHome,vit,kNN,brightness_0.07500000000000001,brightness,Synthetic,0.05076649958228918,0.3246766882009688,0.2739101886186796,PRE-0
OfficeHome,vit,kNN,brightness_0.07500000000000001,brightness,Synthetic,0.05076649958228918,0.06506224431843755,0.014295744736148364,PRE
OfficeHome,vit,kNN,brightness_0.07500000000000001,brightness,Synthetic,0.05076649958228918,0.3249287780813423,0.2741622784990531,PRE-0
OfficeHome,vit,kNN,brightness_0.1,brightness,Synthetic,0.005628654970760372,0.04475187468662123,0.03912321971586086,PRE
OfficeHome,vit,kNN,brightness_0.1,brightness,Synthetic,0.005628654970760372,0.21644341478868412,0.21081475981792375,PRE-0
OfficeHome,vit,kNN,brightness_0.1,brightness,Synthetic,0.005628654970760372,0.04352717297184494,0.03789851800108457,PRE
OfficeHome,vit,kNN,brightness_0.1,brightness,Synthetic,0.005628654970760372,0.2167653572979289,0.21113670232716852,PRE-0
OfficeHome,vit,kNN,brightness_0.125,brightness,Synthetic,0.06803467000835439,0.049492671645693376,0.018541998362661016,PRE
OfficeHome,vit,kNN,brightness_0.125,brightness,Synthetic,0.06803467000835439,0.23937238234204072,0.17133771233368633,PRE-0
OfficeHome,vit,kNN,brightness_0.125,brightness,Synthetic,0.06803467000835439,0.04808932781201436,0.019945342196340032,PRE
OfficeHome,vit,kNN,brightness_0.125,brightness,Synthetic,0.06803467000835439,0.2396795267341224,0.171644856725768,PRE-0
OfficeHome,vit,kNN,brightness_0.15000000000000002,brightness,Synthetic,0.07397451963241453,0.06147760698922755,0.012496912643186975,PRE
OfficeHome,vit,kNN,brightness_0.15000000000000002,brightness,Synthetic,0.07397451963241453,0.2973377826731161,0.2233632630407016,PRE-0
OfficeHome,vit,kNN,brightness_0.15000000000000002,brightness,Synthetic,0.07397451963241453,0.05962264831880992,0.014351871313604603,PRE
OfficeHome,vit,kNN,brightness_0.15000000000000002,brightness,Synthetic,0.07397451963241453,0.2976075167987515,0.223632997166337,PRE-0
OfficeHome,vit,kNN,brightness_0.17500000000000002,brightness,Synthetic,0.06026524644945708,0.0431355101524995,0.017129736296957576,PRE
OfficeHome,vit,kNN,brightness_0.17500000000000002,brightness,Synthetic,0.06026524644945708,0.2086258325810455,0.14836058613158842,PRE-0
OfficeHome,vit,kNN,brightness_0.17500000000000002,brightness,Synthetic,0.06026524644945708,0.04197171608421968,0.018293530365237398,PRE
OfficeHome,vit,kNN,brightness_0.17500000000000002,brightness,Synthetic,0.06026524644945708,0.2089528204765324,0.14868757402707533,PRE-0
OfficeHome,vit,kNN,brightness_0.2,brightness,Synthetic,0.08008980785296582,0.06285987031372653,0.017229937539239293,PRE
OfficeHome,vit,kNN,brightness_0.2,brightness,Synthetic,0.08008980785296582,0.3040231292912583,0.22393332143829248,PRE-0
OfficeHome,vit,kNN,brightness_0.2,brightness,Synthetic,0.08008980785296582,0.06095282536935509,0.01913698248361073,PRE
OfficeHome,vit,kNN,brightness_0.2,brightness,Synthetic,0.08008980785296582,0.3042885487637241,0.22419874091075825,PRE-0
OfficeHome,vit,kNN,brightness_0.225,brightness,Synthetic,0.061443191311612466,0.05827708647424956,0.003166104837362904,PRE
OfficeHome,vit,kNN,brightness_0.225,brightness,Synthetic,0.061443191311612466,0.2818583956258919,0.2204152043142794,PRE-0
OfficeHome,vit,kNN,brightness_0.225,brightness,Synthetic,0.061443191311612466,0.056542729418143534,0.004900461893468933,PRE
OfficeHome,vit,kNN,brightness_0.225,brightness,Synthetic,0.061443191311612466,0.2821381199869186,0.22069492867530616,PRE-0
OfficeHome,vit,kNN,brightness_0.25,brightness,Synthetic,0.07109231411863015,0.06850153847513873,0.0025907756434914164,PRE
OfficeHome,vit,kNN,brightness_0.25,brightness,Synthetic,0.07109231411863015,0.3313091799988879,0.2602168658802578,PRE-0
OfficeHome,vit,kNN,brightness_0.25,brightness,Synthetic,0.07109231411863015,0.06638190489573359,0.004710409222896561,PRE
OfficeHome,vit,kNN,brightness_0.25,brightness,Synthetic,0.07109231411863015,0.331556989338043,0.26046467521941286,PRE-0
OfficeHome,vit,kNN,brightness_0.275,brightness,Synthetic,0.11016499582289074,0.0542440176312029,0.05592097819168784,PRE
OfficeHome,vit,kNN,brightness_0.275,brightness,Synthetic,0.11016499582289074,0.2623523704910871,0.15218737466819637,PRE-0
OfficeHome,vit,kNN,brightness_0.275,brightness,Synthetic,0.11016499582289074,0.05266163417152436,0.05750336165136638,PRE
OfficeHome,vit,kNN,brightness_0.275,brightness,Synthetic,0.11016499582289074,0.2626446838378439,0.15247968801495315,PRE-0
OfficeHome,vit,kNN,brightness_0.30000000000000004,brightness,Synthetic,0.029162489557226556,0.0856991921466489,0.05653670258942234,PRE
OfficeHome,vit,kNN,brightness_0.30000000000000004,brightness,Synthetic,0.029162489557226556,0.4144860058431834,0.38532351628595685,PRE-0
OfficeHome,vit,kNN,brightness_0.30000000000000004,brightness,Synthetic,0.029162489557226556,0.08293151872952076,0.0537690291722942,PRE
OfficeHome,vit,kNN,brightness_0.30000000000000004,brightness,Synthetic,0.029162489557226556,0.41468013372410273,0.38551764416687617,PRE-0
OfficeHome,vit,kNN,brightness_0.325,brightness,Synthetic,0.10838554720133675,0.042871983979035466,0.06551356322230129,PRE
OfficeHome,vit,kNN,brightness_0.325,brightness,Synthetic,0.10838554720133675,0.2073512825142565,0.09896573531291974,PRE-0
OfficeHome,vit,kNN,brightness_0.325,brightness,Synthetic,0.10838554720133675,0.04171812007111064,0.06666742713022611,PRE
OfficeHome,vit,kNN,brightness_0.325,brightness,Synthetic,0.10838554720133675,0.20767909299109932,0.09929354578976257,PRE-0
OfficeHome,vit,kNN,brightness_0.35000000000000003,brightness,Synthetic,0.0768817878028406,0.07528376396642056,0.0015980238364200483,PRE
OfficeHome,vit,kNN,brightness_0.35000000000000003,brightness,Synthetic,0.0768817878028406,0.3641115610271572,0.2872297732243166,PRE-0
OfficeHome,vit,kNN,brightness_0.35000000000000003,brightness,Synthetic,0.0768817878028406,0.07290856341312923,0.003973224389711372,PRE
OfficeHome,vit,kNN,brightness_0.35000000000000003,brightness,Synthetic,0.0768817878028406,0.3643382000507908,0.2874564122479502,PRE-0
OfficeHome,vit,kNN,brightness_0.375,brightness,Synthetic,0.08730785296574783,0.05397918778113375,0.03332866518461408,PRE
OfficeHome,vit,kNN,brightness_0.375,brightness,Synthetic,0.08730785296574783,0.2610715151640566,0.17376366219830874,PRE-0
OfficeHome,vit,kNN,brightness_0.375,brightness,Synthetic,0.08730785296574783,0.05240678360678919,0.03490106935895865,PRE
OfficeHome,vit,kNN,brightness_0.375,brightness,Synthetic,0.08730785296574783,0.2613646551615186,0.17405680219577074,PRE-0
OfficeHome,vit,kNN,brightness_0.4,brightness,Synthetic,0.07873642439431927,0.07746987322362175,0.0012665511706975163,PRE
OfficeHome,vit,kNN,brightness_0.4,brightness,Synthetic,0.07873642439431927,0.374684725973725,0.2959483015794057,PRE-0
OfficeHome,vit,kNN,brightness_0.4,brightness,Synthetic,0.07873642439431927,0.0750122959743379,0.0037241284199813762,PRE
OfficeHome,vit,kNN,brightness_0.4,brightness,Synthetic,0.07873642439431927,0.3749045411866788,0.29616811679235955,PRE-0
OfficeHome,vit,kNN,brightness_0.42500000000000004,brightness,Synthetic,0.12367376775271532,0.0483305369523962,0.07534323080031913,PRE
OfficeHome,vit,kNN,brightness_0.42500000000000004,brightness,Synthetic,0.12367376775271532,0.23375169263411089,0.11007792488139556,PRE-0
OfficeHome,vit,kNN,brightness_0.42500000000000004,brightness,Synthetic,0.12367376775271532,0.04697098453308335,0.07670278321963198,PRE
OfficeHome,vit,kNN,brightness_0.42500000000000004,brightness,Synthetic,0.12367376775271532,0.2340624645608665,0.11038869680815117,PRE-0
OfficeHome,vit,kNN,brightness_0.45,brightness,Synthetic,0.09823517126148718,0.07608806480403862,0.02214710645744855,PRE
OfficeHome,vit,kNN,brightness_0.45,brightness,Synthetic,0.09823517126148718,0.3680015795130979,0.26976640825161075,PRE-0
OfficeHome,vit,kNN,brightness_0.45,brightness,Synthetic,0.09823517126148718,0.07368255668703849,0.024552614574448683,PRE
OfficeHome,vit,kNN,brightness_0.45,brightness,Synthetic,0.09823517126148718,0.3682257079592627,0.2699905366977755,PRE-0
OfficeHome,vit,kNN,brightness_0.47500000000000003,brightness,Synthetic,0.09790935672514633,0.06640134241914375,0.031508014306002585,PRE
OfficeHome,vit,kNN,brightness_0.47500000000000003,brightness,Synthetic,0.09790935672514633,0.3211515361176323,0.22324217939248597,PRE-0
OfficeHome,vit,kNN,brightness_0.47500000000000003,brightness,Synthetic,0.09790935672514633,0.06436084816521348,0.033548508559932855,PRE
OfficeHome,vit,kNN,brightness_0.47500000000000003,brightness,Synthetic,0.09790935672514633,0.3214059010944935,0.22349654436934718,PRE-0
OfficeHome,vit,kNN,brightness_0.5,brightness,Synthetic,0.10151837928153729,0.09682325481843745,0.004695124463099831,PRE
OfficeHome,vit,kNN,brightness_0.5,brightness,Synthetic,0.10151837928153729,0.4682877767827378,0.3667693975012005,PRE-0
OfficeHome,vit,kNN,brightness_0.5,brightness,Synthetic,0.10151837928153729,0.09363640586106747,0.007881973420469812,PRE
OfficeHome,vit,kNN,brightness_0.5,brightness,Synthetic,0.10151837928153729,0.46844718156031206,0.3669288022787748,PRE-0
OfficeHome,vit,kNN,Clipart,Organic,Organic,0.3734231411862992,0.10831759020751475,0.26510555097878447,PRE
OfficeHome,vit,kNN,Clipart,Organic,Organic,0.3734231411862992,0.5238803797688667,0.1504572385825675,PRE-0
OfficeHome,vit,kNN,Clipart,Organic,Organic,0.3734231411862992,0.1046976131396159,0.2687255280466833,PRE
OfficeHome,vit,kNN,Clipart,Organic,Organic,0.3734231411862992,0.5240039056587206,0.15058076447242139,PRE-0
OfficeHome,vit,kNN,Art,Organic,Organic,0.2968817878028406,0.1069510630356757,0.18993072476716488,PRE
OfficeHome,vit,kNN,Art,Organic,Organic,0.2968817878028406,0.5172711413951547,0.22038935359231412,PRE-0
OfficeHome,vit,kNN,Art,Organic,Organic,0.2968817878028406,0.10338257927399164,0.19349920852884894,PRE
OfficeHome,vit,kNN,Art,Organic,Organic,0.2968817878028406,0.517398932818709,0.22051714501586833,PRE-0
OfficeHome,vit,kNN,Product,Organic,Organic,0.10495196324143707,0.06545343344436638,0.03949852979707069,PRE
OfficeHome,vit,kNN,Product,Organic,Organic,0.10495196324143707,0.3165669537544045,0.21161499051296745,PRE-0
OfficeHome,vit,kNN,Product,Organic,Organic,0.10495196324143707,0.06344865817803302,0.04150330506340405,PRE
OfficeHome,vit,kNN,Product,Organic,Organic,0.10495196324143707,0.3168242775730364,0.2118723143315993,PRE-0
OfficeHome,vit,kNN,contrast_0.025,contrast,Synthetic,0.05851086048454479,0.06036411453058399,0.0018532540460391989,PRE
OfficeHome,vit,kNN,contrast_0.025,contrast,Synthetic,0.05851086048454479,0.2657289486592528,0.207218088174708,PRE-0
OfficeHome,vit,kNN,contrast_0.025,contrast,Synthetic,0.05851086048454479,0.048398748456731755,0.010112112027813036,PRE
OfficeHome,vit,kNN,contrast_0.025,contrast,Synthetic,0.05851086048454479,0.2660190827975813,0.2075082223130365,PRE-0
OfficeHome,vit,kNN,contrast_0.05,contrast,Synthetic,0.04016499582289068,0.05915016925235195,0.018985173429461266,PRE
OfficeHome,vit,kNN,contrast_0.05,contrast,Synthetic,0.04016499582289068,0.2603850385394247,0.220220042716534,PRE-0
OfficeHome,vit,kNN,contrast_0.05,contrast,Synthetic,0.04016499582289068,0.04743471484818507,0.0072697190252943855,PRE
OfficeHome,vit,kNN,contrast_0.05,contrast,Synthetic,0.04016499582289068,0.2606786215817598,0.22051362575886913,PRE-0
OfficeHome,vit,kNN,contrast_0.07500000000000001,contrast,Synthetic,0.02046574770258991,0.05913052844781641,0.0386647807452265,PRE
OfficeHome,vit,kNN,contrast_0.07500000000000001,contrast,Synthetic,0.02046574770258991,0.2602985777277217,0.23983283002513178,PRE-0
OfficeHome,vit,kNN,contrast_0.07500000000000001,contrast,Synthetic,0.02046574770258991,0.047419117443581404,0.026953369740991495,PRE
OfficeHome,vit,kNN,contrast_0.07500000000000001,contrast,Synthetic,0.02046574770258991,0.2605922165709655,0.24012646886837558,PRE-0
OfficeHome,vit,kNN,contrast_0.1,contrast,Synthetic,0.03891186299081051,0.06656764724951025,0.027655784258699745,PRE
OfficeHome,vit,kNN,contrast_0.1,contrast,Synthetic,0.03891186299081051,0.2930375282713725,0.254125665280562,PRE-0
OfficeHome,vit,kNN,contrast_0.1,contrast,Synthetic,0.03891186299081051,0.0533251764761844,0.014413313485373891,PRE
OfficeHome,vit,kNN,contrast_0.1,contrast,Synthetic,0.03891186299081051,0.2933100377364696,0.25439817474565907,PRE-0
OfficeHome,vit,kNN,contrast_0.125,contrast,Synthetic,0.024425647451963406,0.0543107012368691,0.02988505378490569,PRE
OfficeHome,vit,kNN,contrast_0.125,contrast,Synthetic,0.024425647451963406,0.2390812099680178,0.2146555625160544,PRE-0
OfficeHome,vit,kNN,contrast_0.125,contrast,Synthetic,0.024425647451963406,0.04359153517767522,0.019165887725711817,PRE
OfficeHome,vit,kNN,contrast_0.125,contrast,Synthetic,0.024425647451963406,0.239388542279721,0.2149628948277576,PRE-0
OfficeHome,vit,kNN,contrast_0.15000000000000002,contrast,Synthetic,0.0434231411862992,0.04486507446501942,0.00144193327872022,PRE
OfficeHome,vit,kNN,contrast_0.15000000000000002,contrast,Synthetic,0.0434231411862992,0.19750060382428591,0.15407746263798672,PRE-0
OfficeHome,vit,kNN,contrast_0.15000000000000002,contrast,Synthetic,0.0434231411862992,0.0360904543422077,0.007332686844091496,PRE
OfficeHome,vit,kNN,contrast_0.15000000000000002,contrast,Synthetic,0.0434231411862992,0.1978347718266934,0.1544116306403942,PRE-0
OfficeHome,vit,kNN,contrast_0.17500000000000002,contrast,Synthetic,0.029588554720133886,0.06392676303027212,0.03433820831013823,PRE
OfficeHome,vit,kNN,contrast_0.17500000000000002,contrast,Synthetic,0.029588554720133886,0.28141208834624293,0.25182353362610904,PRE-0
OfficeHome,vit,kNN,contrast_0.17500000000000002,contrast,Synthetic,0.029588554720133886,0.05122796403236307,0.021639409312229185,PRE
OfficeHome,vit,kNN,contrast_0.17500000000000002,contrast,Synthetic,0.029588554720133886,0.2816921007493457,0.2521035460292118,PRE-0
OfficeHome,vit,kNN,contrast_0.2,contrast,Synthetic,0.02740810359231427,0.055742956086564655,0.028334852494250384,PRE
OfficeHome,vit,kNN,contrast_0.2,contrast,Synthetic,0.02740810359231427,0.2453861409420134,0.21797803734969912,PRE-0
OfficeHome,vit,kNN,contrast_0.2,contrast,Synthetic,0.02740810359231427,0.04472893554972612,0.017320831957411853,PRE
OfficeHome,vit,kNN,contrast_0.2,contrast,Synthetic,0.02740810359231427,0.2456894041168468,0.21828130052453254,PRE-0
OfficeHome,vit,kNN,contrast_0.225,contrast,Synthetic,0.040290309106098765,0.0486159181944642,0.008325609088365438,PRE
OfficeHome,vit,kNN,contrast_0.225,contrast,Synthetic,0.040290309106098765,0.21401219798186322,0.17372188887576445,PRE-0
OfficeHome,vit,kNN,contrast_0.225,contrast,Synthetic,0.040290309106098765,0.03906912189867118,0.0012211872074275876,PRE
OfficeHome,vit,kNN,contrast_0.225,contrast,Synthetic,0.040290309106098765,0.21433570957314685,0.17404540046704808,PRE-0
OfficeHome,vit,kNN,contrast_0.25,contrast,Synthetic,0.07244569757727659,0.055879332840668816,0.016566364736607775,PRE
OfficeHome,vit,kNN,contrast_0.25,contrast,Synthetic,0.07244569757727659,0.24598648523218453,0.17354078765490794,PRE-0
OfficeHome,vit,kNN,contrast_0.25,contrast,Synthetic,0.07244569757727659,0.04483723678598317,0.02760846079129342,PRE
OfficeHome,vit,kNN,contrast_0.25,contrast,Synthetic,0.07244569757727659,0.24628936095105752,0.17384366337378093,PRE-0
OfficeHome,vit,kNN,contrast_0.275,contrast,Synthetic,0.0047013366750210395,0.05808163628497265,0.05338029960995161,PRE
OfficeHome,vit,kNN,contrast_0.275,contrast,Synthetic,0.0047013366750210395,0.2556812481461175,0.25097991147109644,PRE-0
OfficeHome,vit,kNN,contrast_0.275,contrast,Synthetic,0.0047013366750210395,0.046586157906727155,0.041884821231706115,PRE
OfficeHome,vit,kNN,contrast_0.275,contrast,Synthetic,0.0047013366750210395,0.255977866965846,0.251276530290825,PRE-0
OfficeHome,vit,kNN,contrast_0.30000000000000004,contrast,Synthetic,0.09337301587301605,0.05721500583445882,0.03615801003855723,PRE
OfficeHome,vit,kNN,contrast_0.30000000000000004,contrast,Synthetic,0.09337301587301605,0.2518662530901645,0.15849323721714847,PRE-0
OfficeHome,vit,kNN,contrast_0.30000000000000004,contrast,Synthetic,0.09337301587301605,0.045897938350651035,0.04747507752236502,PRE
OfficeHome,vit,kNN,contrast_0.30000000000000004,contrast,Synthetic,0.09337301587301605,0.2521653340680204,0.15879231819500433,PRE-0
OfficeHome,vit,kNN,contrast_0.325,contrast,Synthetic,0.04472639933166256,0.08065663333379602,0.035930234002133465,PRE
OfficeHome,vit,kNN,contrast_0.325,contrast,Synthetic,0.04472639933166256,0.3550586726046542,0.3103322732729916,PRE-0
OfficeHome,vit,kNN,contrast_0.325,contrast,Synthetic,0.04472639933166256,0.06451370065363371,0.01978730132197115,PRE
OfficeHome,vit,kNN,contrast_0.325,contrast,Synthetic,0.04472639933166256,0.3552911542683119,0.31056475493664937,PRE-0
OfficeHome,vit,kNN,contrast_0.35000000000000003,contrast,Synthetic,0.07660609857978296,0.07188458115865859,0.004721517421124366,PRE
OfficeHome,vit,kNN,contrast_0.35000000000000003,contrast,Synthetic,0.07660609857978296,0.3164432100867311,0.23983711150694814,PRE-0
OfficeHome,vit,kNN,contrast_0.35000000000000003,contrast,Synthetic,0.07660609857978296,0.057547527413045474,0.01905857116673748,PRE
OfficeHome,vit,kNN,contrast_0.35000000000000003,contrast,Synthetic,0.07660609857978296,0.316700613768239,0.24009451518845604,PRE-0
OfficeHome,vit,kNN,contrast_0.375,contrast,Synthetic,0.05873642439431925,0.06496384995388849,0.006227425559569233,PRE
OfficeHome,vit,kNN,contrast_0.375,contrast,Synthetic,0.05873642439431925,0.2859774500685816,0.22724102567426235,PRE-0
OfficeHome,vit,kNN,contrast_0.375,contrast,Synthetic,0.05873642439431925,0.05205154864303563,0.006684875751283625,PRE
OfficeHome,vit,kNN,contrast_0.375,contrast,Synthetic,0.05873642439431925,0.2862545160347154,0.22751809164039616,PRE-0
OfficeHome,vit,kNN,contrast_0.4,contrast,Synthetic,0.058961988304093715,0.07574629303338543,0.01678430472929171,PRE
OfficeHome,vit,kNN,contrast_0.4,contrast,Synthetic,0.058961988304093715,0.3334428570537413,0.2744808687496476,PRE-0
OfficeHome,vit,kNN,contrast_0.4,contrast,Synthetic,0.058961988304093715,0.06061423898606022,0.001652250681966505,PRE
OfficeHome,vit,kNN,contrast_0.4,contrast,Synthetic,0.058961988304093715,0.3336892893399186,0.2747273010358249,PRE-0
OfficeHome,vit,kNN,contrast_0.42500000000000004,contrast,Synthetic,0.10282163742690065,0.06229682368906997,0.04052481373783068,PRE
OfficeHome,vit,kNN,contrast_0.42500000000000004,contrast,Synthetic,0.10282163742690065,0.2742369302099206,0.17141529278301998,PRE-0
OfficeHome,vit,kNN,contrast_0.42500000000000004,contrast,Synthetic,0.10282163742690065,0.049933575946682685,0.05288806148021796,PRE
OfficeHome,vit,kNN,contrast_0.42500000000000004,contrast,Synthetic,0.10282163742690065,0.2745215733854522,0.17169993595855154,PRE-0
OfficeHome,vit,kNN,contrast_0.45,contrast,Synthetic,0.07099206349206366,0.06160724446755628,0.009384819024507385,PRE
OfficeHome,vit,kNN,contrast_0.45,contrast,Synthetic,0.07099206349206366,0.2712013326040406,0.20020926911197695,PRE-0
OfficeHome,vit,kNN,contrast_0.45,contrast,Synthetic,0.07099206349206366,0.04938595855633143,0.02160610493573223,PRE
OfficeHome,vit,kNN,contrast_0.45,contrast,Synthetic,0.07099206349206366,0.2714879349226922,0.20049587143062853,PRE-0
OfficeHome,vit,kNN,contrast_0.47500000000000003,contrast,Synthetic,0.10234544695071024,0.0535833921525809,0.04876205479812934,PRE
OfficeHome,vit,kNN,contrast_0.47500000000000003,contrast,Synthetic,0.10234544695071024,0.2358795216831624,0.13353407473245216,PRE-0
OfficeHome,vit,kNN,contrast_0.47500000000000003,contrast,Synthetic,0.10234544695071024,0.04301395527055096,0.059331491680159276,PRE
OfficeHome,vit,kNN,contrast_0.47500000000000003,contrast,Synthetic,0.10234544695071024,0.23618892033118233,0.1338434733804721,PRE-0
OfficeHome,vit,kNN,contrast_0.5,contrast,Synthetic,0.040616123642439605,0.06887401114735037,0.02825788750491076,PRE
OfficeHome,vit,kNN,contrast_0.5,contrast,Synthetic,0.040616123642439605,0.3031903758458729,0.2625742522034333,PRE-0
OfficeHome,vit,kNN,contrast_0.5,contrast,Synthetic,0.040616123642439605,0.05515673540303734,0.014540611760597733,PRE
OfficeHome,vit,kNN,contrast_0.5,contrast,Synthetic,0.040616123642439605,0.3034563327687504,0.2628402091263108,PRE-0
OfficeHome,vit,kNN,Clipart,Organic,Organic,0.3733228905597328,0.11898668934706569,0.2543362012126671,PRE
OfficeHome,vit,kNN,Clipart,Organic,Organic,0.3733228905597328,0.5237914630325816,0.1504685724728488,PRE-0
OfficeHome,vit,kNN,Clipart,Organic,Organic,0.3733228905597328,0.09495285048754398,0.2783700400721888,PRE
OfficeHome,vit,kNN,Clipart,Organic,Organic,0.3733228905597328,0.5239150463083722,0.15059215574863943,PRE-0
OfficeHome,vit,kNN,Art,Organic,Organic,0.296731411862991,0.11745203589123276,0.17927937597175825,PRE
OfficeHome,vit,kNN,Art,Organic,Organic,0.296731411862991,0.517035763018658,0.22030435115566688,PRE-0
OfficeHome,vit,kNN,Art,Organic,Organic,0.296731411862991,0.09373413203670089,0.20299727982629012,PRE
OfficeHome,vit,kNN,Art,Organic,Organic,0.296731411862991,0.5171637063529682,0.2204322944899771,PRE-0
OfficeHome,vit,kNN,Product,Organic,Organic,0.09903717627401853,0.09892613423164975,0.00011104204236878079,PRE
OfficeHome,vit,kNN,Product,Organic,Organic,0.09903717627401853,0.4354828667449701,0.3364456904709516,PRE-0
OfficeHome,vit,kNN,Product,Organic,Organic,0.09903717627401853,0.07902210823404554,0.020015068039972994,PRE
OfficeHome,vit,kNN,Product,Organic,Organic,0.09903717627401853,0.4356634434702623,0.3366262671962438,PRE-0
OfficeHome,vit,kNN,fog_0.025,fog,Synthetic,0.19056599832915633,0.08593676693891272,0.1046292313902436,PRE
OfficeHome,vit,kNN,fog_0.025,fog,Synthetic,0.19056599832915633,0.4556532866675236,0.26508728833836726,PRE-0
OfficeHome,vit,kNN,fog_0.025,fog,Synthetic,0.19056599832915633,0.08604050409991715,0.10452549422923918,PRE
OfficeHome,vit,kNN,fog_0.025,fog,Synthetic,0.19056599832915633,0.4558208456136006,0.26525484728444426,PRE-0
OfficeHome,vit,kNN,fog_0.05,fog,Synthetic,0.19319757727652476,0.08462003117361316,0.10857754610291159,PRE
OfficeHome,vit,kNN,fog_0.05,fog,Synthetic,0.19319757727652476,0.4486717000835423,0.25547412280701753,PRE-0
OfficeHome,vit,kNN,fog_0.05,fog,Synthetic,0.19319757727652476,0.08472925206474469,0.10846832521178007,PRE
OfficeHome,vit,kNN,fog_0.05,fog,Synthetic,0.19319757727652476,0.4488437648729816,0.25564618759645685,PRE-0
OfficeHome,vit,kNN,fog_0.07500000000000001,fog,Synthetic,0.19981411862990828,0.08225837737863184,0.11755574125127644,PRE
OfficeHome,vit,kNN,fog_0.07500000000000001,fog,Synthetic,0.19981411862990828,0.4361497568922307,0.2363356382623224,PRE-0
OfficeHome,vit,kNN,fog_0.07500000000000001,fog,Synthetic,0.19981411862990828,0.0823774337070674,0.11743668492284087,PRE
OfficeHome,vit,kNN,fog_0.07500000000000001,fog,Synthetic,0.19981411862990828,0.4363299032135587,0.2365157845836504,PRE-0
OfficeHome,vit,kNN,fog_0.1,fog,Synthetic,0.15916248955722656,0.07967399747608184,0.07948849208114472,PRE
OfficeHome,vit,kNN,fog_0.1,fog,Synthetic,0.15916248955722656,0.4224468769894823,0.26328438743225574,PRE-0
OfficeHome,vit,kNN,fog_0.1,fog,Synthetic,0.15916248955722656,0.07980381681582571,0.07935867274140085,PRE
OfficeHome,vit,kNN,fog_0.1,fog,Synthetic,0.15916248955722656,0.4226358670069689,0.26347337744974236,PRE-0
OfficeHome,vit,kNN,fog_0.125,fog,Synthetic,0.19094193817878036,0.07504744989343026,0.1158944882853501,PRE
OfficeHome,vit,kNN,fog_0.125,fog,Synthetic,0.19094193817878036,0.3979160307981493,0.20697409261936894,PRE-0
OfficeHome,vit,kNN,fog_0.125,fog,Synthetic,0.19094193817878036,0.07519653713720809,0.11574540104157227,PRE
OfficeHome,vit,kNN,fog_0.125,fog,Synthetic,0.19094193817878036,0.39812085276861,0.20717891458982962,PRE-0
OfficeHome,vit,kNN,fog_0.15000000000000002,fog,Synthetic,0.15713241436925662,0.08783158067126917,0.06930083369798745,PRE
OfficeHome,vit,kNN,fog_0.15000000000000002,fog,Synthetic,0.15713241436925662,0.4656999539500461,0.3085675395807895,PRE-0
OfficeHome,vit,kNN,fog_0.15000000000000002,fog,Synthetic,0.15713241436925662,0.08792742661565778,0.06920498775359885,PRE
OfficeHome,vit,kNN,fog_0.15000000000000002,fog,Synthetic,0.15713241436925662,0.4658610288815595,0.3087286145123029,PRE-0
OfficeHome,vit,kNN,fog_0.17500000000000002,fog,Synthetic,0.15660609857978292,0.08531817574414446,0.07128792283563845,PRE
OfficeHome,vit,kNN,fog_0.17500000000000002,fog,Synthetic,0.15660609857978292,0.4523733970342525,0.2957672984544696,PRE-0
OfficeHome,vit,kNN,fog_0.17500000000000002,fog,Synthetic,0.15660609857978292,0.08542448911463629,0.07118160946514662,PRE
OfficeHome,vit,kNN,fog_0.17500000000000002,fog,Synthetic,0.15660609857978292,0.452543072786983,0.2959369742072001,PRE-0
OfficeHome,vit,kNN,fog_0.2,fog,Synthetic,0.21224519632414385,0.08324159376063622,0.12900360256350762,PRE
OfficeHome,vit,kNN,fog_0.2,fog,Synthetic,0.21224519632414385,0.4413629594820385,0.22911776315789467,PRE-0
OfficeHome,vit,kNN,fog_0.2,fog,Synthetic,0.21224519632414385,0.08335655534703046,0.1288886409771134,PRE
OfficeHome,vit,kNN,fog_0.2,fog,Synthetic,0.21224519632414385,0.4415397412566402,0.22929454493249635,PRE-0
OfficeHome,vit,kNN,fog_0.225,fog,Synthetic,0.20114243943191323,0.08792082027401527,0.11322161915789797,PRE
OfficeHome,vit,kNN,fog_0.225,fog,Synthetic,0.20114243943191323,0.4661731195081723,0.2650306800762591,PRE-0
OfficeHome,vit,kNN,fog_0.225,fog,Synthetic,0.20114243943191323,0.08801629456760585,0.11312614486430739,PRE
OfficeHome,vit,kNN,fog_0.225,fog,Synthetic,0.20114243943191323,0.466333889063556,0.26519144963164276,PRE-0
OfficeHome,vit,kNN,fog_0.25,fog,Synthetic,0.17660609857978293,0.08427840985218682,0.09232768872759611,PRE
OfficeHome,vit,kNN,fog_0.25,fog,Synthetic,0.17660609857978293,0.4468603580532529,0.27025425947347,PRE-0
OfficeHome,vit,kNN,fog_0.25,fog,Synthetic,0.17660609857978293,0.08438905347305792,0.09221704510672502,PRE
OfficeHome,vit,kNN,fog_0.25,fog,Synthetic,0.17660609857978293,0.4470335918639979,0.27042749328421495,PRE-0
OfficeHome,vit,kNN,fog_0.275,fog,Synthetic,0.15575396825396837,0.07772226679610561,0.07803170145786276,PRE
OfficeHome,vit,kNN,fog_0.275,fog,Synthetic,0.15575396825396837,0.4120984250905042,0.25634445683653584,PRE-0
OfficeHome,vit,kNN,fog_0.275,fog,Synthetic,0.15575396825396837,0.0778602143910484,0.07789375386291997,PRE
OfficeHome,vit,kNN,fog_0.275,fog,Synthetic,0.15575396825396837,0.4122940938912068,0.25654012563723844,PRE-0
OfficeHome,vit,kNN,fog_0.30000000000000004,fog,Synthetic,0.22492690058479542,0.08218212303550909,0.14274477754928633,PRE
OfficeHome,vit,kNN,fog_0.30000000000000004,fog,Synthetic,0.22492690058479542,0.435745441681126,0.21081854109633058,PRE-0
OfficeHome,vit,kNN,fog_0.30000000000000004,fog,Synthetic,0.22492690058479542,0.08230149693581434,0.14262540364898108,PRE
OfficeHome,vit,kNN,fog_0.30000000000000004,fog,Synthetic,0.22492690058479542,0.4359258489432857,0.21099894835849026,PRE-0
OfficeHome,vit,kNN,fog_0.325,fog,Synthetic,0.1929469507101087,0.08356867258166001,0.10937827812844869,PRE
OfficeHome,vit,kNN,fog_0.325,fog,Synthetic,0.1929469507101087,0.4430971943748261,0.2501502436647174,PRE-0
OfficeHome,vit,kNN,fog_0.325,fog,Synthetic,0.1929469507101087,0.08368227200259015,0.10926467870751855,PRE
OfficeHome,vit,kNN,fog_0.325,fog,Synthetic,0.1929469507101087,0.4432728568922666,0.2503259061821579,PRE-0
OfficeHome,vit,kNN,fog_0.35000000000000003,fog,Synthetic,0.15086675020885565,0.08313285551426053,0.06773389469459512,PRE
OfficeHome,vit,kNN,fog_0.35000000000000003,fog,Synthetic,0.15086675020885565,0.4407864083606453,0.28991965815178966,PRE-0
OfficeHome,vit,kNN,fog_0.35000000000000003,fog,Synthetic,0.15086675020885565,0.08324826995627954,0.06761848025257611,PRE
OfficeHome,vit,kNN,fog_0.35000000000000003,fog,Synthetic,0.15086675020885565,0.4409635622353436,0.29009681202648796,PRE-0
OfficeHome,vit,kNN,fog_0.375,fog,Synthetic,0.1884607351712616,0.08029989435532892,0.10816084081593269,PRE
OfficeHome,vit,kNN,fog_0.375,fog,Synthetic,0.1884607351712616,0.4257655027686738,0.2373047675974122,PRE-0
OfficeHome,vit,kNN,fog_0.375,fog,Synthetic,0.1884607351712616,0.08042710706004097,0.10803362811122064,PRE
OfficeHome,vit,kNN,fog_0.375,fog,Synthetic,0.1884607351712616,0.4259523509796012,0.2374916158083396,PRE-0
OfficeHome,vit,kNN,fog_0.4,fog,Synthetic,0.16234544695071018,0.08721776190089436,0.07512768504981582,PRE
OfficeHome,vit,kNN,fog_0.4,fog,Synthetic,0.16234544695071018,0.4624453686299082,0.300099921679198,PRE-0
OfficeHome,vit,kNN,fog_0.4,fog,Synthetic,0.16234544695071018,0.08731616417934207,0.07502928277136811,PRE
OfficeHome,vit,kNN,fog_0.4,fog,Synthetic,0.16234544695071018,0.4626085440369346,0.3002630970862244,PRE-0
OfficeHome,vit,kNN,fog_0.42500000000000004,fog,Synthetic,0.22943817878028422,0.08126228642604072,0.1481758923542435,PRE
OfficeHome,vit,kNN,fog_0.42500000000000004,fog,Synthetic,0.22943817878028422,0.4308682908499884,0.20143011206970418,PRE-0
OfficeHome,vit,kNN,fog_0.42500000000000004,fog,Synthetic,0.22943817878028422,0.08138549111446625,0.14805268766581797,PRE
OfficeHome,vit,kNN,fog_0.42500000000000004,fog,Synthetic,0.22943817878028422,0.4310518457745647,0.20161366699428046,PRE-0
OfficeHome,vit,kNN,fog_0.45,fog,Synthetic,0.2256035923141188,0.08065344085998483,0.14495015145413398,PRE
OfficeHome,vit,kNN,fog_0.45,fog,Synthetic,0.2256035923141188,0.4276400744168114,0.2020364821026926,PRE-0
OfficeHome,vit,kNN,fog_0.45,fog,Synthetic,0.2256035923141188,0.08077918117086513,0.14482441114325367,PRE
OfficeHome,vit,kNN,fog_0.45,fog,Synthetic,0.2256035923141188,0.4278257127986954,0.2022221204845766,PRE-0
OfficeHome,vit,kNN,fog_0.47500000000000003,fog,Synthetic,0.16064118629908108,0.0874556742529996,0.07318551204608148,PRE
OfficeHome,vit,kNN,fog_0.47500000000000003,fog,Synthetic,0.16064118629908108,0.4637068257342074,0.3030656394351263,PRE-0
OfficeHome,vit,kNN,fog_0.47500000000000003,fog,Synthetic,0.16064118629908108,0.08755308571220544,0.07308810058687565,PRE
OfficeHome,vit,kNN,fog_0.47500000000000003,fog,Synthetic,0.16064118629908108,0.4638691870099397,0.3032280007108586,PRE-0
OfficeHome,vit,kNN,fog_0.5,fog,Synthetic,0.22748329156223912,0.08860958810993547,0.13887370345230365,PRE
OfficeHome,vit,kNN,fog_0.5,fog,Synthetic,0.22748329156223912,0.4698250992063494,0.24234180764411029,PRE-0
OfficeHome,vit,kNN,fog_0.5,fog,Synthetic,0.22748329156223912,0.08870219393360812,0.138781097628631,PRE
OfficeHome,vit,kNN,fog_0.5,fog,Synthetic,0.22748329156223912,0.469983511812022,0.24250022024978288,PRE-0
OfficeHome,vit,kNN,Clipart,Organic,Organic,0.3734231411862992,0.09880448011102871,0.2746186610752705,PRE
OfficeHome,vit,kNN,Clipart,Organic,Organic,0.3734231411862992,0.5238803797688667,0.1504572385825675,PRE-0
OfficeHome,vit,kNN,Clipart,Organic,Organic,0.3734231411862992,0.09885462788208099,0.2745685133042182,PRE
OfficeHome,vit,kNN,Clipart,Organic,Organic,0.3734231411862992,0.5240039056587206,0.15058076447242139,PRE-0
OfficeHome,vit,kNN,Art,Organic,Organic,0.2968817878028406,0.09755796967341201,0.19932381812942856,PRE
OfficeHome,vit,kNN,Art,Organic,Organic,0.2968817878028406,0.5172711413951547,0.22038935359231412,PRE-0
OfficeHome,vit,kNN,Art,Organic,Organic,0.2968817878028406,0.0976133087113994,0.1992684790914412,PRE
OfficeHome,vit,kNN,Art,Organic,Organic,0.2968817878028406,0.517398932818709,0.22051714501586833,PRE-0
OfficeHome,vit,kNN,Product,Organic,Organic,0.10495196324143707,0.064469163319128,0.040482799922309076,PRE
OfficeHome,vit,kNN,Product,Organic,Organic,0.10495196324143707,0.3418279183803526,0.23687595513891552,PRE-0
OfficeHome,vit,kNN,Product,Organic,Organic,0.10495196324143707,0.0646623053158113,0.04028965792562578,PRE
OfficeHome,vit,kNN,Product,Organic,Organic,0.10495196324143707,0.3420689390351669,0.2371169757937298,PRE-0
OfficeHome,vit,kNN,hue_0.025,hue,Synthetic,0.05044068504594834,0.04930204541305638,0.001138639632891958,PRE
OfficeHome,vit,kNN,hue_0.025,hue,Synthetic,0.05044068504594834,0.23721278251506828,0.18677209746911994,PRE-0
OfficeHome,vit,kNN,hue_0.025,hue,Synthetic,0.05044068504594834,0.04971739254012553,0.0007232925058228146,PRE
OfficeHome,vit,kNN,hue_0.025,hue,Synthetic,0.05044068504594834,0.2375213206904152,0.18708063564446686,PRE-0
OfficeHome,vit,kNN,hue_0.05,hue,Synthetic,0.07487677527151226,0.052078063290799004,0.02279871198071326,PRE
OfficeHome,vit,kNN,hue_0.05,hue,Synthetic,0.07487677527151226,0.2505693668022697,0.17569259153075745,PRE-0
OfficeHome,vit,kNN,hue_0.05,hue,Synthetic,0.07487677527151226,0.05249080423876484,0.02238597103274742,PRE
OfficeHome,vit,kNN,hue_0.05,hue,Synthetic,0.07487677527151226,0.2508692847770462,0.1759925095055339,PRE-0
OfficeHome,vit,kNN,hue_0.07500000000000001,hue,Synthetic,0.09537802840434428,0.08035071556301343,0.015027312841330853,PRE
OfficeHome,vit,kNN,hue_0.07500000000000001,hue,Synthetic,0.09537802840434428,0.3866009342227336,0.29122290581838933,PRE-0
OfficeHome,vit,kNN,hue_0.07500000000000001,hue,Synthetic,0.09537802840434428,0.08073691359994906,0.014641114804395228,PRE
OfficeHome,vit,kNN,hue_0.07500000000000001,hue,Synthetic,0.09537802840434428,0.3868130588388301,0.2914350304344858,PRE-0
OfficeHome,vit,kNN,hue_0.1,hue,Synthetic,0.037658730158730225,0.06244313946965019,0.024784409310919964,PRE
OfficeHome,vit,kNN,hue_0.1,hue,Synthetic,0.037658730158730225,0.3004400880018973,0.2627813578431671,PRE-0
OfficeHome,vit,kNN,hue_0.1,hue,Synthetic,0.037658730158730225,0.0628461494842677,0.025187419325537475,PRE
OfficeHome,vit,kNN,hue_0.1,hue,Synthetic,0.037658730158730225,0.3007078199319422,0.26304908977321195,PRE-0
OfficeHome,vit,kNN,hue_0.125,hue,Synthetic,0.055252715121136275,0.05339358873909794,0.0018591263820383341,PRE
OfficeHome,vit,kNN,hue_0.125,hue,Synthetic,0.055252715121136275,0.2568989105249672,0.20164619540383094,PRE-0
OfficeHome,vit,kNN,hue_0.125,hue,Synthetic,0.055252715121136275,0.05380509464641059,0.001447620474725686,PRE
OfficeHome,vit,kNN,hue_0.125,hue,Synthetic,0.055252715121136275,0.2571947434780619,0.20194202835692565,PRE-0
OfficeHome,vit,kNN,hue_0.15000000000000002,hue,Synthetic,0.07775898078529664,0.051443865137181355,0.026315115648115284,PRE
OfficeHome,vit,kNN,hue_0.15000000000000002,hue,Synthetic,0.07775898078529664,0.2475179739558846,0.16975899317058796,PRE-0
OfficeHome,vit,kNN,hue_0.15000000000000002,hue,Synthetic,0.07775898078529664,0.05185720148260087,0.02590177930269577,PRE
OfficeHome,vit,kNN,hue_0.15000000000000002,hue,Synthetic,0.07775898078529664,0.2478198612678651,0.17006088048256846,PRE-0
OfficeHome,vit,kNN,hue_0.17500000000000002,hue,Synthetic,0.09743316624895582,0.09023681672856687,0.007196349520388945,PRE
OfficeHome,vit,kNN,hue_0.17500000000000002,hue,Synthetic,0.09743316624895582,0.4341671060936752,0.3367339398447194,PRE-0
OfficeHome,vit,kNN,hue_0.17500000000000002,hue,Synthetic,0.09743316624895582,0.09061373350313118,0.006819432745824638,PRE
OfficeHome,vit,kNN,hue_0.17500000000000002,hue,Synthetic,0.09743316624895582,0.434348531997206,0.3369153657482502,PRE-0
OfficeHome,vit,kNN,hue_0.2,hue,Synthetic,0.057232664995823024,0.09177384111833764,0.034541176122514616,PRE
OfficeHome,vit,kNN,hue_0.2,hue,Synthetic,0.057232664995823024,0.4415623739621055,0.3843297089662825,PRE-0
OfficeHome,vit,kNN,hue_0.2,hue,Synthetic,0.057232664995823024,0.09214931490477207,0.03491664990894905,PRE
OfficeHome,vit,kNN,hue_0.2,hue,Synthetic,0.057232664995823024,0.4417390270366758,0.38450636204085276,PRE-0
OfficeHome,vit,kNN,hue_0.225,hue,Synthetic,0.07695697577276539,0.07304749132598176,0.003909484446783629,PRE
OfficeHome,vit,kNN,hue_0.225,hue,Synthetic,0.07695697577276539,0.3514620646670502,0.2745050888942848,PRE-0
OfficeHome,vit,kNN,hue_0.225,hue,Synthetic,0.07695697577276539,0.07344054577063208,0.0035164300021333084,PRE
OfficeHome,vit,kNN,hue_0.225,hue,Synthetic,0.07695697577276539,0.3516968675440608,0.27473989177129543,PRE-0
OfficeHome,vit,kNN,hue_0.25,hue,Synthetic,0.026956975772765457,0.04831538917820133,0.021358413405435872,PRE
OfficeHome,vit,kNN,hue_0.25,hue,Synthetic,0.026956975772765457,0.2324655662708952,0.20550859049812975,PRE-0
OfficeHome,vit,kNN,hue_0.25,hue,Synthetic,0.026956975772765457,0.04873166259716577,0.021774686824400313,PRE
OfficeHome,vit,kNN,hue_0.25,hue,Synthetic,0.026956975772765457,0.23277716825022782,0.20582019247746236,PRE-0
OfficeHome,vit,kNN,hue_0.275,hue,Synthetic,0.0634732664995824,0.0772464262530832,0.013773159753500797,PRE
OfficeHome,vit,kNN,hue_0.275,hue,Synthetic,0.0634732664995824,0.3716648986329139,0.3081916321333315,PRE-0
OfficeHome,vit,kNN,hue_0.275,hue,Synthetic,0.0634732664995824,0.07763553865667161,0.014162272157089206,PRE
OfficeHome,vit,kNN,hue_0.275,hue,Synthetic,0.0634732664995824,0.37188666281102273,0.3084133963114403,PRE-0
OfficeHome,vit,kNN,hue_0.30000000000000004,hue,Synthetic,0.07109231411863015,0.057914598356903824,0.013177715761726327,PRE
OfficeHome,vit,kNN,hue_0.30000000000000004,hue,Synthetic,0.07109231411863015,0.278651380675691,0.20755906655706086,PRE-0
OfficeHome,vit,kNN,hue_0.30000000000000004,hue,Synthetic,0.07109231411863015,0.058321859853225355,0.012770454265404796,PRE
OfficeHome,vit,kNN,hue_0.30000000000000004,hue,Synthetic,0.07109231411863015,0.2789331748108089,0.20784086069217877,PRE-0
OfficeHome,vit,kNN,hue_0.325,hue,Synthetic,0.06131787802840449,0.0948759168865464,0.0335580388581419,PRE
OfficeHome,vit,kNN,hue_0.325,hue,Synthetic,0.06131787802840449,0.456487759275926,0.3951698812475215,PRE-0
OfficeHome,vit,kNN,hue_0.325,hue,Synthetic,0.06131787802840449,0.09524847838444372,0.03393060035603923,PRE
OfficeHome,vit,kNN,hue_0.325,hue,Synthetic,0.06131787802840449,0.4566547796620613,0.3953369016336568,PRE-0
OfficeHome,vit,kNN,hue_0.35000000000000003,hue,Synthetic,0.0428968253968256,0.06910961927756698,0.02621279388074138,PRE
OfficeHome,vit,kNN,hue_0.35000000000000003,hue,Synthetic,0.0428968253968256,0.332515313513691,0.2896184881168654,PRE-0
OfficeHome,vit,kNN,hue_0.35000000000000003,hue,Synthetic,0.0428968253968256,0.06950637067241583,0.02660954527559023,PRE
OfficeHome,vit,kNN,hue_0.35000000000000003,hue,Synthetic,0.0428968253968256,0.3327623444268211,0.2898655190299955,PRE-0
OfficeHome,vit,kNN,hue_0.375,hue,Synthetic,0.03968880534670016,0.06475431218382532,0.025065506837125162,PRE
OfficeHome,vit,kNN,hue_0.375,hue,Synthetic,0.03968880534670016,0.3115601075834218,0.2718713022367216,PRE-0
OfficeHome,vit,kNN,hue_0.375,hue,Synthetic,0.03968880534670016,0.06515515242494108,0.025466347078240914,PRE
OfficeHome,vit,kNN,hue_0.375,hue,Synthetic,0.03968880534670016,0.31182066276849363,0.27213185742179347,PRE-0
OfficeHome,vit,kNN,hue_0.4,hue,Synthetic,0.022094820384294223,0.06693571636881912,0.0448408959845249,PRE
OfficeHome,vit,kNN,hue_0.4,hue,Synthetic,0.022094820384294223,0.3220557564389026,0.2999609360546084,PRE-0
OfficeHome,vit,kNN,hue_0.4,hue,Synthetic,0.022094820384294223,0.06733450866563007,0.045239688281335844,PRE
OfficeHome,vit,kNN,hue_0.4,hue,Synthetic,0.022094820384294223,0.3223095378413737,0.3002147174570795,PRE-0
OfficeHome,vit,kNN,hue_0.42500000000000004,hue,Synthetic,0.06344820384294081,0.08478722407652717,0.02133902023358636,PRE
OfficeHome,vit,kNN,hue_0.42500000000000004,hue,Synthetic,0.06344820384294081,0.4079468341813528,0.344498630338412,PRE-0
OfficeHome,vit,kNN,hue_0.42500000000000004,hue,Synthetic,0.06344820384294081,0.08516925703373757,0.021721053190796757,PRE
OfficeHome,vit,kNN,hue_0.42500000000000004,hue,Synthetic,0.06344820384294081,0.4081451823756454,0.3446969785327046,PRE-0
OfficeHome,vit,kNN,hue_0.45,hue,Synthetic,0.03703216374269014,0.07485789054957592,0.037825726806885784,PRE
OfficeHome,vit,kNN,hue_0.45,hue,Synthetic,0.03703216374269014,0.3601726533189799,0.32314048957628977,PRE-0
OfficeHome,vit,kNN,hue_0.45,hue,Synthetic,0.03703216374269014,0.07524924535653199,0.03821708161384185,PRE
OfficeHome,vit,kNN,hue_0.45,hue,Synthetic,0.03703216374269014,0.3604018344726777,0.32336967072998757,PRE-0
OfficeHome,vit,kNN,hue_0.47500000000000003,hue,Synthetic,0.09106725146198846,0.08138688129500493,0.009680370166983532,PRE
OfficeHome,vit,kNN,hue_0.47500000000000003,hue,Synthetic,0.09106725146198846,0.3915863613865201,0.3005191099245316,PRE-0
OfficeHome,vit,kNN,hue_0.47500000000000003,hue,Synthetic,0.09106725146198846,0.08177210655957479,0.009295144902413677,PRE
OfficeHome,vit,kNN,hue_0.47500000000000003,hue,Synthetic,0.09106725146198846,0.391795268459781,0.30072801699779256,PRE-0
OfficeHome,vit,kNN,hue_0.5,hue,Synthetic,0.056806599832915694,0.06208113535363513,0.005274535520719437,PRE
OfficeHome,vit,kNN,hue_0.5,hue,Synthetic,0.056806599832915694,0.2986983346340122,0.2418917348010965,PRE-0
OfficeHome,vit,kNN,hue_0.5,hue,Synthetic,0.056806599832915694,0.062484485224696074,0.0056778853917803795,PRE
OfficeHome,vit,kNN,hue_0.5,hue,Synthetic,0.056806599832915694,0.2989671906735639,0.24216059084064823,PRE-0
OfficeHome,vit,kNN,Clipart,Organic,Organic,0.3734231411862992,0.10888272546077138,0.26454041572552783,PRE
OfficeHome,vit,kNN,Clipart,Organic,Organic,0.3734231411862992,0.5238803797688667,0.1504572385825675,PRE-0
OfficeHome,vit,kNN,Clipart,Organic,Organic,0.3734231411862992,0.10924213709673769,0.2641810040895615,PRE
OfficeHome,vit,kNN,Clipart,Organic,Organic,0.3734231411862992,0.5240039056587206,0.15058076447242139,PRE-0
OfficeHome,vit,kNN,Art,Organic,Organic,0.2968817878028406,0.10750906858194886,0.18937271922089172,PRE
OfficeHome,vit,kNN,Art,Organic,Organic,0.2968817878028406,0.5172711413951547,0.22038935359231412,PRE-0
OfficeHome,vit,kNN,Art,Organic,Organic,0.2968817878028406,0.10786976983347607,0.1890120179693645,PRE
OfficeHome,vit,kNN,Art,Organic,Organic,0.2968817878028406,0.517398932818709,0.22051714501586833,PRE-0
OfficeHome,vit,kNN,Product,Organic,Organic,0.10495196324143707,0.06691971263191043,0.03803225060952664,PRE
OfficeHome,vit,kNN,Product,Organic,Organic,0.10495196324143707,0.3219787557601083,0.21702679251867124,PRE-0
OfficeHome,vit,kNN,Product,Organic,Organic,0.10495196324143707,0.06731851995333815,0.03763344328809892,PRE
OfficeHome,vit,kNN,Product,Organic,Organic,0.10495196324143707,0.3222325868580166,0.21728062361657952,PRE-0
OfficeHome,vit,kNN,jpeg_0.025,jpeg,Synthetic,0.05582915622389317,0.052766762860999905,0.0030623933628932676,PRE
OfficeHome,vit,kNN,jpeg_0.025,jpeg,Synthetic,0.05582915622389317,0.2503315720171285,0.19450241579323535,PRE-0
OfficeHome,vit,kNN,jpeg_0.025,jpeg,Synthetic,0.05582915622389317,0.050882234962541295,0.004946921261351878,PRE
OfficeHome,vit,kNN,jpeg_0.025,jpeg,Synthetic,0.05582915622389317,0.2506316434621859,0.19480248723829274,PRE-0
OfficeHome,vit,kNN,jpeg_0.05,jpeg,Synthetic,0.06056599832915632,0.05255329892161331,0.008012699407543011,PRE
OfficeHome,vit,kNN,jpeg_0.05,jpeg,Synthetic,0.06056599832915632,0.24931887461788882,0.1887528762887325,PRE-0
OfficeHome,vit,kNN,jpeg_0.05,jpeg,Synthetic,0.06056599832915632,0.05067826223857208,0.009887736090584243,PRE
OfficeHome,vit,kNN,jpeg_0.05,jpeg,Synthetic,0.06056599832915632,0.24961959964731412,0.1890536013181578,PRE-0
OfficeHome,vit,kNN,jpeg_0.07500000000000001,jpeg,Synthetic,0.0233228905597328,0.045275044442569023,0.021952153882836223,PRE
OfficeHome,vit,kNN,jpeg_0.07500000000000001,jpeg,Synthetic,0.0233228905597328,0.2147900010146443,0.1914671104549115,PRE-0
OfficeHome,vit,kNN,jpeg_0.07500000000000001,jpeg,Synthetic,0.0233228905597328,0.04372361970692562,0.02040072914719282,PRE
OfficeHome,vit,kNN,jpeg_0.07500000000000001,jpeg,Synthetic,0.0233228905597328,0.21511301061994093,0.19179012006020812,PRE-0
OfficeHome,vit,kNN,jpeg_0.1,jpeg,Synthetic,0.0528968253968255,0.06489362244139107,0.011996797044565577,PRE
OfficeHome,vit,kNN,jpeg_0.1,jpeg,Synthetic,0.0528968253968255,0.3078627840489738,0.25496595865214833,PRE-0
OfficeHome,vit,kNN,jpeg_0.1,jpeg,Synthetic,0.0528968253968255,0.062469899787386485,0.009573074390560987,PRE
OfficeHome,vit,kNN,jpeg_0.1,jpeg,Synthetic,0.0528968253968255,0.308125725448197,0.2552289000513715,PRE-0
OfficeHome,vit,kNN,jpeg_0.125,jpeg,Synthetic,0.018185045948204026,0.05416172461617996,0.035976678667975936,PRE
OfficeHome,vit,kNN,jpeg_0.125,jpeg,Synthetic,0.018185045948204026,0.256949430497435,0.238764384549231,PRE-0
OfficeHome,vit,kNN,jpeg_0.125,jpeg,Synthetic,0.018185045948204026,0.052215172740483484,0.03403012679227946,PRE
OfficeHome,vit,kNN,jpeg_0.125,jpeg,Synthetic,0.018185045948204026,0.2572452308454649,0.23906018489726089,PRE-0
OfficeHome,vit,kNN,jpeg_0.15000000000000002,jpeg,Synthetic,0.038460735171261584,0.04760083903065293,0.009140103859391346,PRE
OfficeHome,vit,kNN,jpeg_0.15000000000000002,jpeg,Synthetic,0.038460735171261584,0.22582383716179738,0.1873631019905358,PRE-0
OfficeHome,vit,kNN,jpeg_0.15000000000000002,jpeg,Synthetic,0.038460735171261584,0.04594600283583827,0.007485267664576689,PRE
OfficeHome,vit,kNN,jpeg_0.15000000000000002,jpeg,Synthetic,0.038460735171261584,0.2261397256440132,0.1876789904727516,PRE-0
OfficeHome,vit,kNN,jpeg_0.17500000000000002,jpeg,Synthetic,-0.003318713450292221,0.05181618246023034,0.05513489591052256,PRE
OfficeHome,vit,kNN,jpeg_0.17500000000000002,jpeg,Synthetic,-0.003318713450292221,0.24582190962453132,0.24914062307482354,PRE-0
OfficeHome,vit,kNN,jpeg_0.17500000000000002,jpeg,Synthetic,-0.003318713450292221,0.04997392007688051,0.05329263352717273,PRE
OfficeHome,vit,kNN,jpeg_0.17500000000000002,jpeg,Synthetic,-0.003318713450292221,0.2461248915587897,0.24944360500908191,PRE-0
OfficeHome,vit,kNN,jpeg_0.2,jpeg,Synthetic,0.06247076023391818,0.048655778324277255,0.013814981909640922,PRE
OfficeHome,vit,kNN,jpeg_0.2,jpeg,Synthetic,0.06247076023391818,0.23082859010545043,0.16835782987153225,PRE-0
OfficeHome,vit,kNN,jpeg_0.2,jpeg,Synthetic,0.06247076023391818,0.04695403652040775,0.015516723713510427,PRE
OfficeHome,vit,kNN,jpeg_0.2,jpeg,Synthetic,0.06247076023391818,0.23114124857217339,0.1686704883382552,PRE-0
OfficeHome,vit,kNN,jpeg_0.225,jpeg,Synthetic,0.05397451963241451,0.05262892148490028,0.0013455981475142265,PRE
OfficeHome,vit,kNN,jpeg_0.225,jpeg,Synthetic,0.05397451963241451,0.24967763672723903,0.19570311709482452,PRE-0
OfficeHome,vit,kNN,jpeg_0.225,jpeg,Synthetic,0.05397451963241451,0.05075052240706468,0.0032239972253498284,PRE
OfficeHome,vit,kNN,jpeg_0.225,jpeg,Synthetic,0.05397451963241451,0.2499781302153306,0.1960036105829161,PRE-0
OfficeHome,vit,kNN,jpeg_0.25,jpeg,Synthetic,0.053523391812865584,0.05487272623068107,0.0013493344178154842,PRE
OfficeHome,vit,kNN,jpeg_0.25,jpeg,Synthetic,0.053523391812865584,0.2603225036634659,0.2067991118506003,PRE-0
OfficeHome,vit,kNN,jpeg_0.25,jpeg,Synthetic,0.053523391812865584,0.052894561195849454,0.0006288306170161295,PRE
OfficeHome,vit,kNN,jpeg_0.25,jpeg,Synthetic,0.053523391812865584,0.2606161270651595,0.20709273525229394,PRE-0
OfficeHome,vit,kNN,jpeg_0.275,jpeg,Synthetic,0.058636173767752875,0.05146857983516462,0.0071675939325882565,PRE
OfficeHome,vit,kNN,jpeg_0.275,jpeg,Synthetic,0.058636173767752875,0.2441728429232214,0.18553666915546851,PRE-0
OfficeHome,vit,kNN,jpeg_0.275,jpeg,Synthetic,0.058636173767752875,0.04964177285568139,0.008994400912071487,PRE
OfficeHome,vit,kNN,jpeg_0.275,jpeg,Synthetic,0.058636173767752875,0.244476889147976,0.18584071538022312,PRE-0
OfficeHome,vit,kNN,jpeg_0.30000000000000004,jpeg,Synthetic,0.04242063492063497,0.0526682655140448,0.010247630593409829,PRE
OfficeHome,vit,kNN,jpeg_0.30000000000000004,jpeg,Synthetic,0.04242063492063497,0.24986428931176802,0.20744365439113305,PRE-0
OfficeHome,vit,kNN,jpeg_0.30000000000000004,jpeg,Synthetic,0.04242063492063497,0.05078811708848763,0.008367482167852658,PRE
OfficeHome,vit,kNN,jpeg_0.30000000000000004,jpeg,Synthetic,0.04242063492063497,0.2501646623362231,0.20774402741558812,PRE-0
OfficeHome,vit,kNN,jpeg_0.325,jpeg,Synthetic,0.05232038429406871,0.06071260379740295,0.008392219503334242,PRE
OfficeHome,vit,kNN,jpeg_0.325,jpeg,Synthetic,0.05232038429406871,0.2880275523039536,0.2357071680098849,PRE-0
OfficeHome,vit,kNN,jpeg_0.325,jpeg,Synthetic,0.05232038429406871,0.058474781154092215,0.006154396860023503,PRE
OfficeHome,vit,kNN,jpeg_0.325,jpeg,Synthetic,0.05232038429406871,0.2883032951554288,0.23598291086136008,PRE-0
OfficeHome,vit,kNN,jpeg_0.35000000000000003,jpeg,Synthetic,0.07826023391812886,0.05245118857026465,0.025809045347864212,PRE
OfficeHome,vit,kNN,jpeg_0.35000000000000003,jpeg,Synthetic,0.07826023391812886,0.24883445140550342,0.17057421748737456,PRE-0
OfficeHome,vit,kNN,jpeg_0.35000000000000003,jpeg,Synthetic,0.07826023391812886,0.05058069200460258,0.027679541913526284,PRE
OfficeHome,vit,kNN,jpeg_0.35000000000000003,jpeg,Synthetic,0.07826023391812886,0.2491354890766313,0.17087525515850244,PRE-0
OfficeHome,vit,kNN,jpeg_0.375,jpeg,Synthetic,0.04482664995822905,0.047685717526499416,0.002859067568270368,PRE
OfficeHome,vit,kNN,jpeg_0.375,jpeg,Synthetic,0.04482664995822905,0.22622651047627912,0.18139986051805007,PRE-0
OfficeHome,vit,kNN,jpeg_0.375,jpeg,Synthetic,0.04482664995822905,0.04602710739173643,0.0012004574335073848,PRE
OfficeHome,vit,kNN,jpeg_0.375,jpeg,Synthetic,0.04482664995822905,0.22654213907732612,0.18171548911909707,PRE-0
OfficeHome,vit,kNN,jpeg_0.4,jpeg,Synthetic,0.0835484544695072,0.060876558433400896,0.02267189603610631,PRE
OfficeHome,vit,kNN,jpeg_0.4,jpeg,Synthetic,0.0835484544695072,0.2888053718923368,0.2052569174228296,PRE-0
OfficeHome,vit,kNN,jpeg_0.4,jpeg,Synthetic,0.0835484544695072,0.058631445899472556,0.02491700857003465,PRE
OfficeHome,vit,kNN,jpeg_0.4,jpeg,Synthetic,0.0835484544695072,0.2890806127471402,0.205532158277633,PRE-0
OfficeHome,vit,kNN,jpeg_0.42500000000000004,jpeg,Synthetic,0.05144319131161246,0.04806224237268808,0.0033809489389243774,PRE
OfficeHome,vit,kNN,jpeg_0.42500000000000004,jpeg,Synthetic,0.05144319131161246,0.2280127875101427,0.17656959619853024,PRE-0
OfficeHome,vit,kNN,jpeg_0.42500000000000004,jpeg,Synthetic,0.05144319131161246,0.04638689086963832,0.0050563004419741375,PRE
OfficeHome,vit,kNN,jpeg_0.42500000000000004,jpeg,Synthetic,0.05144319131161246,0.228327263266572,0.17688407195495953,PRE-0
OfficeHome,vit,kNN,jpeg_0.45,jpeg,Synthetic,0.021894319131161244,0.04003987193323488,0.01814555280207364,PRE
OfficeHome,vit,kNN,jpeg_0.45,jpeg,Synthetic,0.021894319131161244,0.18995374248776198,0.16805942335660073,PRE-0
OfficeHome,vit,kNN,jpeg_0.45,jpeg,Synthetic,0.021894319131161244,0.0387212178949593,0.01682689876379806,PRE
OfficeHome,vit,kNN,jpeg_0.45,jpeg,Synthetic,0.021894319131161244,0.19029278115597736,0.16839846202481612,PRE-0
OfficeHome,vit,kNN,jpeg_0.47500000000000003,jpeg,Synthetic,0.05111737677527162,0.056622984308111746,0.005505607532840129,PRE
OfficeHome,vit,kNN,jpeg_0.47500000000000003,jpeg,Synthetic,0.05111737677527162,0.2686259286265073,0.2175085518512357,PRE-0
OfficeHome,vit,kNN,jpeg_0.47500000000000003,jpeg,Synthetic,0.05111737677527162,0.05456699780846097,0.003449621033189354,PRE
OfficeHome,vit,kNN,jpeg_0.47500000000000003,jpeg,Synthetic,0.05111737677527162,0.2689141930840978,0.2177968163088262,PRE-0
OfficeHome,vit,kNN,jpeg_0.5,jpeg,Synthetic,0.0864055973266501,0.052315780168917136,0.03408981715773296,PRE
OfficeHome,vit,kNN,jpeg_0.5,jpeg,Synthetic,0.0864055973266501,0.2481920584267457,0.1617864611000956,PRE-0
OfficeHome,vit,kNN,jpeg_0.5,jpeg,Synthetic,0.0864055973266501,0.050451304246883266,0.03595429307976683,PRE
OfficeHome,vit,kNN,jpeg_0.5,jpeg,Synthetic,0.0864055973266501,0.24849351069162018,0.16208791336497008,PRE-0
OfficeHome,vit,kNN,Clipart,Organic,Organic,0.3734231411862992,0.11042742848633935,0.26299571269995986,PRE
OfficeHome,vit,kNN,Clipart,Organic,Organic,0.3734231411862992,0.5238803797688667,0.1504572385825675,PRE-0
OfficeHome,vit,kNN,Clipart,Organic,Organic,0.3734231411862992,0.10597914298020294,0.26744399820609627,PRE
OfficeHome,vit,kNN,Clipart,Organic,Organic,0.3734231411862992,0.5240039056587206,0.15058076447242139,PRE-0
OfficeHome,vit,kNN,Art,Organic,Organic,0.2968817878028406,0.10903428374176183,0.18784750406107875,PRE
OfficeHome,vit,kNN,Art,Organic,Organic,0.2968817878028406,0.5172711413951547,0.22038935359231412,PRE-0
OfficeHome,vit,kNN,Art,Organic,Organic,0.2968817878028406,0.10464794142339084,0.19223384637944974,PRE
OfficeHome,vit,kNN,Art,Organic,Organic,0.2968817878028406,0.517398932818709,0.22051714501586833,PRE-0
OfficeHome,vit,kNN,Product,Organic,Organic,0.10495196324143707,0.06559425341737324,0.039357709824063836,PRE
OfficeHome,vit,kNN,Product,Organic,Organic,0.10495196324143707,0.3111866577170164,0.20623469447557935,PRE-0
OfficeHome,vit,kNN,Product,Organic,Organic,0.10495196324143707,0.06313937871239306,0.04181258452904402,PRE
OfficeHome,vit,kNN,Product,Organic,Organic,0.10495196324143707,0.3114474539227477,0.20649549068131062,PRE-0
OfficeHome,vit,kNN,multnoise_0.025,multnoise,Synthetic,0.056480785296574854,0.05220801312786272,0.004272772168712136,PRE
OfficeHome,vit,kNN,multnoise_0.025,multnoise,Synthetic,0.056480785296574854,0.2819232708904582,0.22544248559388336,PRE-0
OfficeHome,vit,kNN,multnoise_0.025,multnoise,Synthetic,0.056480785296574854,0.04570499190303268,0.010775793393542177,PRE
OfficeHome,vit,kNN,multnoise_0.025,multnoise,Synthetic,0.056480785296574854,0.282202953381664,0.22572216808508916,PRE-0
OfficeHome,vit,kNN,multnoise_0.05,multnoise,Synthetic,0.0707163742690059,0.06293274852062591,0.007783625748379985,PRE
OfficeHome,vit,kNN,multnoise_0.05,multnoise,Synthetic,0.0707163742690059,0.3398368420113794,0.2691204677423735,PRE-0
OfficeHome,vit,kNN,multnoise_0.05,multnoise,Synthetic,0.0707163742690059,0.054999026002087614,0.015717348266918285,PRE
OfficeHome,vit,kNN,multnoise_0.05,multnoise,Synthetic,0.0707163742690059,0.3400791476861722,0.2693627734171663,PRE-0
OfficeHome,vit,kNN,multnoise_0.07500000000000001,multnoise,Synthetic,0.07367376775271528,0.049797616942588,0.023876150810127283,PRE
OfficeHome,vit,kNN,multnoise_0.07500000000000001,multnoise,Synthetic,0.07367376775271528,0.2689071314899745,0.19523336373725925,PRE-0
OfficeHome,vit,kNN,multnoise_0.07500000000000001,multnoise,Synthetic,0.07367376775271528,0.04361614742177011,0.030057620330945167,PRE
OfficeHome,vit,kNN,multnoise_0.07500000000000001,multnoise,Synthetic,0.07367376775271528,0.269195214462162,0.1955214467094467,PRE-0
OfficeHome,vit,kNN,multnoise_0.1,multnoise,Synthetic,0.06124269005847971,0.06553730624297804,0.004294616184498334,PRE
OfficeHome,vit,kNN,multnoise_0.1,multnoise,Synthetic,0.06124269005847971,0.3539014537120812,0.2926587636536015,PRE-0
OfficeHome,vit,kNN,multnoise_0.1,multnoise,Synthetic,0.06124269005847971,0.05725613048047251,0.003986559578007198,PRE
OfficeHome,vit,kNN,multnoise_0.1,multnoise,Synthetic,0.06124269005847971,0.3541346822327754,0.2928919921742957,PRE-0
OfficeHome,vit,kNN,multnoise_0.125,multnoise,Synthetic,0.12214494569757739,0.056490931165822156,0.06565401453175523,PRE
OfficeHome,vit,kNN,multnoise_0.125,multnoise,Synthetic,0.12214494569757739,0.3050510282954391,0.18290608259786173,PRE-0
OfficeHome,vit,kNN,multnoise_0.125,multnoise,Synthetic,0.12214494569757739,0.049416560051848024,0.07272838564572937,PRE
OfficeHome,vit,kNN,multnoise_0.125,multnoise,Synthetic,0.12214494569757739,0.3053157843725793,0.1831708386750019,PRE-0
OfficeHome,vit,kNN,multnoise_0.15000000000000002,multnoise,Synthetic,0.1588366750208856,0.061983515625023466,0.09685315939586214,PRE
OfficeHome,vit,kNN,multnoise_0.15000000000000002,multnoise,Synthetic,0.1588366750208856,0.3347109843751266,0.17587430935424098,PRE-0
OfficeHome,vit,kNN,multnoise_0.15000000000000002,multnoise,Synthetic,0.1588366750208856,0.05417642268586731,0.1046602523350183,PRE
OfficeHome,vit,kNN,multnoise_0.15000000000000002,multnoise,Synthetic,0.1588366750208856,0.3349565982251211,0.17611992320423547,PRE-0
OfficeHome,vit,kNN,multnoise_0.17500000000000002,multnoise,Synthetic,0.16189431913116137,0.06667862781639278,0.09521569131476859,PRE
OfficeHome,vit,kNN,multnoise_0.17500000000000002,multnoise,Synthetic,0.16189431913116137,0.3600645902085206,0.19817027107735924,PRE-0
OfficeHome,vit,kNN,multnoise_0.17500000000000002,multnoise,Synthetic,0.16189431913116137,0.058245197458149156,0.10364912167301221,PRE
OfficeHome,vit,kNN,multnoise_0.17500000000000002,multnoise,Synthetic,0.16189431913116137,0.3602938411050258,0.19839952197386446,PRE-0
OfficeHome,vit,kNN,multnoise_0.2,multnoise,Synthetic,0.17871136173767765,0.08005120164890445,0.09866016008877321,PRE
OfficeHome,vit,kNN,multnoise_0.2,multnoise,Synthetic,0.17871136173767765,0.4322764889040838,0.25356512716640617,PRE-0
OfficeHome,vit,kNN,multnoise_0.2,multnoise,Synthetic,0.17871136173767765,0.06983384301814677,0.10887751871953089,PRE
OfficeHome,vit,kNN,multnoise_0.2,multnoise,Synthetic,0.17871136173767765,0.4324591349922835,0.25374777325460585,PRE-0
OfficeHome,vit,kNN,multnoise_0.225,multnoise,Synthetic,0.17535296574770265,0.07981346337007122,0.09553950237763142,PRE
OfficeHome,vit,kNN,multnoise_0.225,multnoise,Synthetic,0.17535296574770265,0.4309927021983846,0.25563973645068194,PRE-0
OfficeHome,vit,kNN,multnoise_0.225,multnoise,Synthetic,0.17535296574770265,0.06962781950435293,0.10572514624334972,PRE
OfficeHome,vit,kNN,multnoise_0.225,multnoise,Synthetic,0.17535296574770265,0.4311761768291707,0.25582321108146805,PRE-0
OfficeHome,vit,kNN,multnoise_0.25,multnoise,Synthetic,0.19061612364243952,0.07894401833744846,0.11167210530499105,PRE
OfficeHome,vit,kNN,multnoise_0.25,multnoise,Synthetic,0.19061612364243952,0.4262976990222214,0.2356815753797819,PRE-0
OfficeHome,vit,kNN,multnoise_0.25,multnoise,Synthetic,0.19061612364243952,0.06887436018955229,0.12174176345288723,PRE
OfficeHome,vit,kNN,multnoise_0.25,multnoise,Synthetic,0.19061612364243952,0.4264842037592224,0.2358680801167829,PRE-0
OfficeHome,vit,kNN,multnoise_0.275,multnoise,Synthetic,0.2759294068504596,0.08552625110724121,0.19040315574321837,PRE
OfficeHome,vit,kNN,multnoise_0.275,multnoise,Synthetic,0.2759294068504596,0.4618417559791019,0.1859123491286423,PRE-0
OfficeHome,vit,kNN,multnoise_0.275,multnoise,Synthetic,0.2759294068504596,0.07457850985572023,0.20135089699473935,PRE
OfficeHome,vit,kNN,multnoise_0.275,multnoise,Synthetic,0.2759294068504596,0.4620053209514547,0.1860759141009951,PRE-0
OfficeHome,vit,kNN,multnoise_0.30000000000000004,multnoise,Synthetic,0.219763993316625,0.08122658723712584,0.13853740607949916,PRE
OfficeHome,vit,kNN,multnoise_0.30000000000000004,multnoise,Synthetic,0.219763993316625,0.4386235710804791,0.21885957776385412,PRE-0
OfficeHome,vit,kNN,multnoise_0.30000000000000004,multnoise,Synthetic,0.219763993316625,0.0708524298024732,0.1489115635141518,PRE
OfficeHome,vit,kNN,multnoise_0.30000000000000004,multnoise,Synthetic,0.219763993316625,0.4388021208278613,0.2190381275112363,PRE-0
OfficeHome,vit,kNN,multnoise_0.325,multnoise,Synthetic,0.2481349206349207,0.08229575256299193,0.16583916807192878,PRE
OfficeHome,vit,kNN,multnoise_0.325,multnoise,Synthetic,0.2481349206349207,0.4443970638401561,0.19626214320523538,PRE-0
OfficeHome,vit,kNN,multnoise_0.325,multnoise,Synthetic,0.2481349206349207,0.07177896632129788,0.17635595431362283,PRE
OfficeHome,vit,kNN,multnoise_0.325,multnoise,Synthetic,0.2481349206349207,0.4445718874353642,0.19643696680044348,PRE-0
OfficeHome,vit,kNN,multnoise_0.35000000000000003,multnoise,Synthetic,0.2878341687552215,0.08902585714543576,0.19880831160978574,PRE
OfficeHome,vit,kNN,multnoise_0.35000000000000003,multnoise,Synthetic,0.2878341687552215,0.4807396285853524,0.1929054598301309,PRE-0
OfficeHome,vit,kNN,multnoise_0.35000000000000003,multnoise,Synthetic,0.2878341687552215,0.07761126140259622,0.21022290735262528,PRE
OfficeHome,vit,kNN,multnoise_0.35000000000000003,multnoise,Synthetic,0.2878341687552215,0.48089099706729144,0.1930568283120699,PRE-0
OfficeHome,vit,kNN,multnoise_0.375,multnoise,Synthetic,0.2589619883040937,0.09664589263797374,0.16231609566611999,PRE
OfficeHome,vit,kNN,multnoise_0.375,multnoise,Synthetic,0.2589619883040937,0.5218878202450572,0.2629258319409635,PRE-0
OfficeHome,vit,kNN,multnoise_0.375,multnoise,Synthetic,0.2589619883040937,0.08421476881886725,0.17474721948522648,PRE
OfficeHome,vit,kNN,multnoise_0.375,multnoise,Synthetic,0.2589619883040937,0.5220126321121021,0.26305064380800836,PRE-0
OfficeHome,vit,kNN,multnoise_0.4,multnoise,Synthetic,0.2946010860484546,0.09157029533710825,0.20303079071134633,PRE
OfficeHome,vit,kNN,multnoise_0.4,multnoise,Synthetic,0.2946010860484546,0.4944795948203844,0.1998785087719298,PRE-0
OfficeHome,vit,kNN,multnoise_0.4,multnoise,Synthetic,0.2946010860484546,0.0798162664167339,0.2147848196317207,PRE
OfficeHome,vit,kNN,multnoise_0.4,multnoise,Synthetic,0.2946010860484546,0.4946220956710316,0.20002100962257702,PRE-0
OfficeHome,vit,kNN,multnoise_0.42500000000000004,multnoise,Synthetic,0.3355534670008356,0.09849473929164487,0.23705872770919073,PRE
OfficeHome,vit,kNN,multnoise_0.42500000000000004,multnoise,Synthetic,0.3355534670008356,0.5318715921748818,0.1963181251740462,PRE-0
OfficeHome,vit,kNN,multnoise_0.42500000000000004,multnoise,Synthetic,0.3355534670008356,0.0858169756066206,0.249736491394215,PRE
OfficeHome,vit,kNN,multnoise_0.42500000000000004,multnoise,Synthetic,0.3355534670008356,0.5319899606193695,0.1964364936185339,PRE-0
OfficeHome,vit,kNN,multnoise_0.45,multnoise,Synthetic,0.344200083542189,0.09533132986787973,0.24886875367430927,PRE
OfficeHome,vit,kNN,multnoise_0.45,multnoise,Synthetic,0.344200083542189,0.5147891812865499,0.1705890977443609,PRE-0
OfficeHome,vit,kNN,multnoise_0.45,multnoise,Synthetic,0.344200083542189,0.08307557136893806,0.26112451217325094,PRE
OfficeHome,vit,kNN,multnoise_0.45,multnoise,Synthetic,0.344200083542189,0.514918574541342,0.1707184909991531,PRE-0
OfficeHome,vit,kNN,multnoise_0.47500000000000003,multnoise,Synthetic,0.2989118629908105,0.09658573839433993,0.2023261245964706,PRE
OfficeHome,vit,kNN,multnoise_0.47500000000000003,multnoise,Synthetic,0.2989118629908105,0.5215629873294347,0.22265112433862427,PRE-0
OfficeHome,vit,kNN,multnoise_0.47500000000000003,multnoise,Synthetic,0.2989118629908105,0.08416263927244394,0.21474922371836658,PRE
OfficeHome,vit,kNN,multnoise_0.47500000000000003,multnoise,Synthetic,0.2989118629908105,0.5216880088402648,0.2227761458494543,PRE-0
OfficeHome,vit,kNN,multnoise_0.5,multnoise,Synthetic,0.3646010860484547,0.09866155776529817,0.26593952828315653,PRE
OfficeHome,vit,kNN,multnoise_0.5,multnoise,Synthetic,0.3646010860484547,0.5327724119326094,0.1681713258841547,PRE-0
OfficeHome,vit,kNN,multnoise_0.5,multnoise,Synthetic,0.3646010860484547,0.08596154016002977,0.27863954588842493,PRE
OfficeHome,vit,kNN,multnoise_0.5,multnoise,Synthetic,0.3646010860484547,0.5328901989973953,0.1682891129489406,PRE-0
OfficeHome,vit,kNN,Clipart,Organic,Organic,0.3734231411862992,0.09701488514238277,0.27640825604391644,PRE
OfficeHome,vit,kNN,Clipart,Organic,Organic,0.3734231411862992,0.5238803797688667,0.1504572385825675,PRE-0
OfficeHome,vit,kNN,Clipart,Organic,Organic,0.3734231411862992,0.08453453698028868,0.28888860420601054,PRE
OfficeHome,vit,kNN,Clipart,Organic,Organic,0.3734231411862992,0.5240039056587206,0.15058076447242139,PRE-0
OfficeHome,vit,kNN,Art,Organic,Organic,0.2968817878028406,0.09579095211021393,0.20109083569262665,PRE
OfficeHome,vit,kNN,Art,Organic,Organic,0.2968817878028406,0.5172711413951547,0.22038935359231412,PRE-0
OfficeHome,vit,kNN,Art,Organic,Organic,0.2968817878028406,0.08347387907877868,0.2134079087240619,PRE
OfficeHome,vit,kNN,Art,Organic,Organic,0.2968817878028406,0.517398932818709,0.22051714501586833,PRE-0
OfficeHome,vit,kNN,Product,Organic,Organic,0.10495196324143707,0.06326019747059686,0.04169176577084022,PRE
OfficeHome,vit,kNN,Product,Organic,Organic,0.10495196324143707,0.341605066341222,0.23665310309978493,PRE-0
OfficeHome,vit,kNN,Product,Organic,Organic,0.10495196324143707,0.055282792602873165,0.04966917063856391,PRE
OfficeHome,vit,kNN,Product,Organic,Organic,0.10495196324143707,0.3418462308224245,0.23689426758098742,PRE-0
OfficeHome,vit,kNN,noise_0.025,noise,Synthetic,0.08151837928153727,0.04865633445112971,0.032862044830407555,PRE
OfficeHome,vit,kNN,noise_0.025,noise,Synthetic,0.08151837928153727,0.2687720053800605,0.18725362609852325,PRE-0
OfficeHome,vit,kNN,noise_0.025,noise,Synthetic,0.08151837928153727,0.04319171739218752,0.038326661889349745,PRE
OfficeHome,vit,kNN,noise_0.025,noise,Synthetic,0.08151837928153727,0.2690601755612339,0.18754179627969664,PRE-0
OfficeHome,vit,kNN,noise_0.05,noise,Synthetic,0.10387426900584806,0.04721912508124293,0.056655143924605134,PRE
OfficeHome,vit,kNN,noise_0.05,noise,Synthetic,0.10387426900584806,0.2608330258236894,0.15695875681784133,PRE-0
OfficeHome,vit,kNN,noise_0.05,noise,Synthetic,0.10387426900584806,0.04192955741671123,0.061944711589136836,PRE
OfficeHome,vit,kNN,noise_0.05,noise,Synthetic,0.10387426900584806,0.2611263197396909,0.15725205073384285,PRE-0
OfficeHome,vit,kNN,noise_0.07500000000000001,noise,Synthetic,0.07041562238930665,0.05308481491280792,0.017330807476498733,PRE
OfficeHome,vit,kNN,noise_0.07500000000000001,noise,Synthetic,0.07041562238930665,0.2932344230261569,0.22281880063685022,PRE-0
OfficeHome,vit,kNN,noise_0.07500000000000001,noise,Synthetic,0.07041562238930665,0.047080817274238296,0.023334805115068358,PRE
OfficeHome,vit,kNN,noise_0.07500000000000001,noise,Synthetic,0.07041562238930665,0.2935068054174274,0.22309118302812075,PRE-0
OfficeHome,vit,kNN,noise_0.1,noise,Synthetic,0.024651211361737757,0.04340843240402714,0.018757221042289385,PRE
OfficeHome,vit,kNN,noise_0.1,noise,Synthetic,0.024651211361737757,0.2397831969720906,0.21513198561035285,PRE-0
OfficeHome,vit,kNN,noise_0.1,noise,Synthetic,0.024651211361737757,0.0385829999305175,0.013931788568779746,PRE
OfficeHome,vit,kNN,noise_0.1,noise,Synthetic,0.024651211361737757,0.2400900762286831,0.21543886486694536,PRE-0
OfficeHome,vit,kNN,noise_0.125,noise,Synthetic,0.10876148705096089,0.06952176617731054,0.03923972087365035,PRE
OfficeHome,vit,kNN,noise_0.125,noise,Synthetic,0.10876148705096089,0.3840302547206286,0.27526876766966774,PRE-0
OfficeHome,vit,kNN,noise_0.125,noise,Synthetic,0.10876148705096089,0.06151577883209636,0.047245708218864535,PRE
OfficeHome,vit,kNN,noise_0.125,noise,Synthetic,0.10876148705096089,0.3842440384265368,0.2754825513755759,PRE-0
OfficeHome,vit,kNN,noise_0.15000000000000002,noise,Synthetic,0.04973893065998336,0.07300733075565291,0.02326840009566955,PRE
OfficeHome,vit,kNN,noise_0.15000000000000002,noise,Synthetic,0.04973893065998336,0.4032841132812998,0.35354518262131646,PRE-0
OfficeHome,vit,kNN,noise_0.15000000000000002,noise,Synthetic,0.04973893065998336,0.06457680820951273,0.014837877549529366,PRE
OfficeHome,vit,kNN,noise_0.15000000000000002,noise,Synthetic,0.04973893065998336,0.4034854707471621,0.35374654008717876,PRE-0
OfficeHome,vit,kNN,noise_0.17500000000000002,noise,Synthetic,0.11602965747702598,0.0772181141654753,0.03881154331155068,PRE
OfficeHome,vit,kNN,noise_0.17500000000000002,noise,Synthetic,0.11602965747702598,0.4265439974062697,0.3105143399292437,PRE-0
OfficeHome,vit,kNN,noise_0.17500000000000002,noise,Synthetic,0.11602965747702598,0.0682747261306128,0.047754931346413176,PRE
OfficeHome,vit,kNN,noise_0.17500000000000002,noise,Synthetic,0.11602965747702598,0.4267303431848554,0.31070068570782944,PRE-0
OfficeHome,vit,kNN,noise_0.2,noise,Synthetic,0.19708228905597336,0.07205426139403326,0.1250280276619401,PRE
OfficeHome,vit,kNN,noise_0.2,noise,Synthetic,0.19708228905597336,0.3980194675475351,0.20093717849156173,PRE-0
OfficeHome,vit,kNN,noise_0.2,noise,Synthetic,0.19708228905597336,0.06373982090112651,0.13334246815484685,PRE
OfficeHome,vit,kNN,noise_0.2,noise,Synthetic,0.19708228905597336,0.3982242227609936,0.20114193370502026,PRE-0
OfficeHome,vit,kNN,noise_0.225,noise,Synthetic,0.1768316624895574,0.07778709369245418,0.09904456879710322,PRE
OfficeHome,vit,kNN,noise_0.225,noise,Synthetic,0.1768316624895574,0.4296869749899991,0.2528553125004417,PRE-0
OfficeHome,vit,kNN,noise_0.225,noise,Synthetic,0.1768316624895574,0.0687744050228224,0.108057257466735,PRE
OfficeHome,vit,kNN,noise_0.225,noise,Synthetic,0.1768316624895574,0.4298712923235441,0.2530396298339867,PRE-0
OfficeHome,vit,kNN,noise_0.25,noise,Synthetic,0.2113930659983293,0.07787529063215848,0.13351777536617082,PRE
OfficeHome,vit,kNN,noise_0.25,noise,Synthetic,0.2113930659983293,0.4301741647592262,0.2187810987608969,PRE-0
OfficeHome,vit,kNN,noise_0.25,noise,Synthetic,0.2113930659983293,0.06885185974138075,0.14254120625694855,PRE
OfficeHome,vit,kNN,noise_0.25,noise,Synthetic,0.2113930659983293,0.4303581676655616,0.21896510166723232,PRE-0
OfficeHome,vit,kNN,noise_0.275,noise,Synthetic,0.274701336675021,0.081354398264179,0.193346938410842,PRE
OfficeHome,vit,kNN,noise_0.275,noise,Synthetic,0.274701336675021,0.4493923558897244,0.17469101921470342,PRE-0
OfficeHome,vit,kNN,noise_0.275,noise,Synthetic,0.274701336675021,0.07190721861637639,0.2027941180586446,PRE
OfficeHome,vit,kNN,noise_0.275,noise,Synthetic,0.274701336675021,0.4495639555754023,0.1748626189003813,PRE-0
OfficeHome,vit,kNN,noise_0.30000000000000004,noise,Synthetic,0.2604908103592315,0.08292820906103904,0.17756260129819246,PRE
OfficeHome,vit,kNN,noise_0.30000000000000004,noise,Synthetic,0.2604908103592315,0.4580859060457829,0.19759509568655143,PRE-0
OfficeHome,vit,kNN,noise_0.30000000000000004,noise,Synthetic,0.2604908103592315,0.07328934222229588,0.1872014681369356,PRE
OfficeHome,vit,kNN,noise_0.30000000000000004,noise,Synthetic,0.2604908103592315,0.4582518950046161,0.1977610846453846,PRE-0
OfficeHome,vit,kNN,noise_0.325,noise,Synthetic,0.3131975772765248,0.08840777134451361,0.2247898059320112,PRE
OfficeHome,vit,kNN,noise_0.325,noise,Synthetic,0.3131975772765248,0.4883543790030634,0.17515680172653858,PRE-0
OfficeHome,vit,kNN,noise_0.325,noise,Synthetic,0.3131975772765248,0.07810150413985684,0.23509607313666797,PRE
OfficeHome,vit,kNN,noise_0.325,noise,Synthetic,0.3131975772765248,0.4885008330042876,0.17530325572776279,PRE-0
OfficeHome,vit,kNN,noise_0.35000000000000003,noise,Synthetic,0.3150271512113619,0.09356714467173599,0.2214600065396259,PRE
OfficeHome,vit,kNN,noise_0.35000000000000003,noise,Synthetic,0.3150271512113619,0.5168541649262045,0.20182701371484263,PRE-0
OfficeHome,vit,kNN,noise_0.35000000000000003,noise,Synthetic,0.3150271512113619,0.08263247551299291,0.23239467569836897,PRE
OfficeHome,vit,kNN,noise_0.35000000000000003,noise,Synthetic,0.3150271512113619,0.5169822254620347,0.20195507425067283,PRE-0
OfficeHome,vit,kNN,noise_0.375,noise,Synthetic,0.3946512113617378,0.09208971387444964,0.30256149748728817,PRE
OfficeHome,vit,kNN,noise_0.375,noise,Synthetic,0.3946512113617378,0.5086930068226122,0.1140417954608744,PRE-0
OfficeHome,vit,kNN,noise_0.375,noise,Synthetic,0.3946512113617378,0.08133499300422109,0.3133162183575167,PRE
OfficeHome,vit,kNN,noise_0.375,noise,Synthetic,0.3946512113617378,0.5088263344849941,0.11417512312325628,PRE-0
OfficeHome,vit,kNN,noise_0.4,noise,Synthetic,0.3645258980785298,0.09731120257884951,0.2672146954996803,PRE
OfficeHome,vit,kNN,noise_0.4,noise,Synthetic,0.3645258980785298,0.5375359109579506,0.1730100128794208,PRE-0
OfficeHome,vit,kNN,noise_0.4,noise,Synthetic,0.3645258980785298,0.0859205142185826,0.2786053838599472,PRE
OfficeHome,vit,kNN,noise_0.4,noise,Synthetic,0.3645258980785298,0.5376506237100132,0.1731247256314833,PRE-0
OfficeHome,vit,kNN,noise_0.42500000000000004,noise,Synthetic,0.4428717627401839,0.10011823996075586,0.34275352277942805,PRE
OfficeHome,vit,kNN,noise_0.42500000000000004,noise,Synthetic,0.4428717627401839,0.5530416631857423,0.11016990044555838,PRE-0
OfficeHome,vit,kNN,noise_0.42500000000000004,noise,Synthetic,0.4428717627401839,0.08838565973415002,0.3544861030060339,PRE
OfficeHome,vit,kNN,noise_0.42500000000000004,noise,Synthetic,0.4428717627401839,0.5531463686866002,0.11027460594641628,PRE-0
OfficeHome,vit,kNN,noise_0.45,noise,Synthetic,0.4120948203842942,0.10399126678579174,0.30810355359850244,PRE
OfficeHome,vit,kNN,noise_0.45,noise,Synthetic,0.4120948203842942,0.5744358187134505,0.16234099832915633,PRE-0
OfficeHome,vit,kNN,noise_0.45,noise,Synthetic,0.4120948203842942,0.09178695918635948,0.3203078611979347,PRE
OfficeHome,vit,kNN,noise_0.45,noise,Synthetic,0.4120948203842942,0.5745267166488622,0.16243189626456803,PRE-0
OfficeHome,vit,kNN,noise_0.47500000000000003,noise,Synthetic,0.4669068504594822,0.10398594446507214,0.36292090599441007,PRE
OfficeHome,vit,kNN,noise_0.47500000000000003,noise,Synthetic,0.4669068504594822,0.57440641882484,0.10749956836535779,PRE-0
OfficeHome,vit,kNN,noise_0.47500000000000003,noise,Synthetic,0.4669068504594822,0.09178228511427955,0.37512456534520267,PRE
OfficeHome,vit,kNN,noise_0.47500000000000003,noise,Synthetic,0.4669068504594822,0.5744973357346341,0.10759048527515189,PRE-0
OfficeHome,vit,kNN,noise_0.5,noise,Synthetic,0.4826461988304095,0.1051502670288118,0.3774959318015977,PRE
OfficeHome,vit,kNN,noise_0.5,noise,Synthetic,0.4826461988304095,0.5808380029935953,0.09819180416318582,PRE-0
OfficeHome,vit,kNN,noise_0.5,noise,Synthetic,0.4826461988304095,0.09280479538264208,0.3898414034477674,PRE
OfficeHome,vit,kNN,noise_0.5,noise,Synthetic,0.4826461988304095,0.5809247690258649,0.09827857019545541,PRE-0
OfficeHome,vit,kNN,Clipart,Organic,Organic,0.3734231411862992,0.09483911441734494,0.2785840267689543,PRE
OfficeHome,vit,kNN,Clipart,Organic,Organic,0.3734231411862992,0.5238803797688667,0.1504572385825675,PRE-0
OfficeHome,vit,kNN,Clipart,Organic,Organic,0.3734231411862992,0.0837495217392158,0.2896736194470834,PRE
OfficeHome,vit,kNN,Clipart,Organic,Organic,0.3734231411862992,0.5240039056587206,0.15058076447242139,PRE-0
OfficeHome,vit,kNN,Art,Organic,Organic,0.2968817878028406,0.09364263075706247,0.2032391570457781,PRE
OfficeHome,vit,kNN,Art,Organic,Organic,0.2968817878028406,0.5172711413951547,0.22038935359231412,PRE-0
OfficeHome,vit,kNN,Art,Organic,Organic,0.2968817878028406,0.08269876753529715,0.21418302026754343,PRE
OfficeHome,vit,kNN,Art,Organic,Organic,0.2968817878028406,0.517398932818709,0.22051714501586833,PRE-0
OfficeHome,vit,kNN,Product,Organic,Organic,0.10495196324143707,0.06086268914818915,0.04408927409324792,PRE
OfficeHome,vit,kNN,Product,Organic,Organic,0.10495196324143707,0.3361985073415704,0.23124654410013334,PRE-0
OfficeHome,vit,kNN,Product,Organic,Organic,0.10495196324143707,0.05391136107660677,0.05104060216483031,PRE
OfficeHome,vit,kNN,Product,Organic,Organic,0.10495196324143707,0.3364431611597149,0.23149119791827782,PRE-0
OfficeHome,vit,kNN,saltpepper_0.025,saltpepper,Synthetic,0.3596888053467002,0.0805014730885858,0.27918733225811443,PRE
OfficeHome,vit,kNN,saltpepper_0.025,saltpepper,Synthetic,0.3596888053467002,0.5184082358674467,0.15871943052074639,PRE-0
OfficeHome,vit,kNN,saltpepper_0.025,saltpepper,Synthetic,0.3596888053467002,0.0822185497080864,0.2774702556386138,PRE
OfficeHome,vit,kNN,saltpepper_0.025,saltpepper,Synthetic,0.3596888053467002,0.518535293422056,0.15884648807535567,PRE-0
OfficeHome,vit,kNN,saltpepper_0.05,saltpepper,Synthetic,0.3439995822890561,0.07906621555818572,0.26493336673087037,PRE
OfficeHome,vit,kNN,saltpepper_0.05,saltpepper,Synthetic,0.3439995822890561,0.5091655562517405,0.1651659739626845,PRE-0
OfficeHome,vit,kNN,saltpepper_0.05,saltpepper,Synthetic,0.3439995822890561,0.0807609089209268,0.2632386733681293,PRE
OfficeHome,vit,kNN,saltpepper_0.05,saltpepper,Synthetic,0.3439995822890561,0.5092985789356361,0.16529899664658002,PRE-0
OfficeHome,vit,kNN,saltpepper_0.07500000000000001,saltpepper,Synthetic,0.3448015873015875,0.07972427158753381,0.2650773157140537,PRE
OfficeHome,vit,kNN,saltpepper_0.07500000000000001,saltpepper,Synthetic,0.3448015873015875,0.5134032633667505,0.1686016760651629,PRE-0
OfficeHome,vit,kNN,saltpepper_0.07500000000000001,saltpepper,Synthetic,0.3448015873015875,0.08142922752459003,0.26337235977699747,PRE
OfficeHome,vit,kNN,saltpepper_0.07500000000000001,saltpepper,Synthetic,0.3448015873015875,0.5135335510785524,0.1687319637769649,PRE-0
OfficeHome,vit,kNN,saltpepper_0.1,saltpepper,Synthetic,0.3467314118629909,0.08425547409225242,0.26247593777073847,PRE
OfficeHome,vit,kNN,saltpepper_0.1,saltpepper,Synthetic,0.3467314118629909,0.5425830113478141,0.19585159948482322,PRE-0
OfficeHome,vit,kNN,saltpepper_0.1,saltpepper,Synthetic,0.3467314118629909,0.08603109544436083,0.26070031641863006,PRE
OfficeHome,vit,kNN,saltpepper_0.1,saltpepper,Synthetic,0.3467314118629909,0.5426944667537824,0.19596305489079152,PRE-0
OfficeHome,vit,kNN,saltpepper_0.125,saltpepper,Synthetic,0.3620948203842943,0.08021438260968794,0.28188043777460636,PRE
OfficeHome,vit,kNN,saltpepper_0.125,saltpepper,Synthetic,0.3620948203842943,0.5165594489696466,0.1544646285853522,PRE-0
OfficeHome,vit,kNN,saltpepper_0.125,saltpepper,Synthetic,0.3620948203842943,0.08192698197004433,0.28016783841424997,PRE
OfficeHome,vit,kNN,saltpepper_0.125,saltpepper,Synthetic,0.3620948203842943,0.5166876997120895,0.1545928793277952,PRE-0
OfficeHome,vit,kNN,saltpepper_0.15000000000000002,saltpepper,Synthetic,0.3488868003341689,0.0829536706252515,0.2659331297089174,PRE
OfficeHome,vit,kNN,saltpepper_0.15000000000000002,saltpepper,Synthetic,0.3488868003341689,0.5341997406711224,0.1853129403369535,PRE-0
OfficeHome,vit,kNN,saltpepper_0.15000000000000002,saltpepper,Synthetic,0.3488868003341689,0.08470898997536025,0.26417781035880866,PRE
OfficeHome,vit,kNN,saltpepper_0.15000000000000002,saltpepper,Synthetic,0.3488868003341689,0.5343166065527869,0.185429806218618,PRE-0
OfficeHome,vit,kNN,saltpepper_0.17500000000000002,saltpepper,Synthetic,0.3666060985797829,0.08232328529657484,0.28428281328320804,PRE
OfficeHome,vit,kNN,saltpepper_0.17500000000000002,saltpepper,Synthetic,0.3666060985797829,0.5301402255639099,0.16353412698412703,PRE-0
OfficeHome,vit,kNN,saltpepper_0.17500000000000002,saltpepper,Synthetic,0.3666060985797829,0.08406877360495746,0.2825373249748254,PRE
OfficeHome,vit,kNN,saltpepper_0.17500000000000002,saltpepper,Synthetic,0.3666060985797829,0.5302597114143995,0.16365361283461663,PRE-0
OfficeHome,vit,kNN,saltpepper_0.2,saltpepper,Synthetic,0.3675334168755223,0.08164407259468132,0.285889344280841,PRE
OfficeHome,vit,kNN,saltpepper_0.2,saltpepper,Synthetic,0.3675334168755223,0.5257662750626568,0.15823285818713448,PRE-0
OfficeHome,vit,kNN,saltpepper_0.2,saltpepper,Synthetic,0.3675334168755223,0.08337896838431447,0.28415444849120786,PRE
OfficeHome,vit,kNN,saltpepper_0.2,saltpepper,Synthetic,0.3675334168755223,0.5258885838153042,0.15835516693978188,PRE-0
OfficeHome,vit,kNN,saltpepper_0.225,saltpepper,Synthetic,0.3765559732664997,0.08123107207641034,0.29532490119008936,PRE
OfficeHome,vit,kNN,saltpepper_0.225,saltpepper,Synthetic,0.3765559732664997,0.5231066607490951,0.1465506874825954,PRE-0
OfficeHome,vit,kNN,saltpepper_0.225,saltpepper,Synthetic,0.3765559732664997,0.0829595270033785,0.2935964462631212,PRE
OfficeHome,vit,kNN,saltpepper_0.225,saltpepper,Synthetic,0.3765559732664997,0.5232306859891565,0.1466747127226568,PRE-0
OfficeHome,vit,kNN,saltpepper_0.25,saltpepper,Synthetic,0.4318191311612366,0.08476788313376038,0.3470512480274762,PRE
OfficeHome,vit,kNN,saltpepper_0.25,saltpepper,Synthetic,0.4318191311612366,0.5458827903091064,0.1140636591478697,PRE-0
OfficeHome,vit,kNN,saltpepper_0.25,saltpepper,Synthetic,0.4318191311612366,0.08655149565323716,0.34526763550799944,PRE
OfficeHome,vit,kNN,saltpepper_0.25,saltpepper,Synthetic,0.4318191311612366,0.5459921160720557,0.11417298491081909,PRE-0
OfficeHome,vit,kNN,saltpepper_0.275,saltpepper,Synthetic,0.3788868003341689,0.08558567204082757,0.2933011282933413,PRE
OfficeHome,vit,kNN,saltpepper_0.275,saltpepper,Synthetic,0.3788868003341689,0.5511491349902535,0.17226233465608462,PRE-0
OfficeHome,vit,kNN,saltpepper_0.275,saltpepper,Synthetic,0.3788868003341689,0.08738203821509738,0.2915047621190715,PRE
OfficeHome,vit,kNN,saltpepper_0.275,saltpepper,Synthetic,0.3788868003341689,0.5512550619091237,0.17236826157495483,PRE-0
OfficeHome,vit,kNN,saltpepper_0.30000000000000004,saltpepper,Synthetic,0.4346762740183795,0.08446431272045862,0.35021196129792087,PRE
OfficeHome,vit,kNN,saltpepper_0.30000000000000004,saltpepper,Synthetic,0.4346762740183795,0.5439278769841271,0.1092516029657476,PRE-0
OfficeHome,vit,kNN,saltpepper_0.30000000000000004,saltpepper,Synthetic,0.4346762740183795,0.0862431909714424,0.3484330830469371,PRE
OfficeHome,vit,kNN,saltpepper_0.30000000000000004,saltpepper,Synthetic,0.4346762740183795,0.5440384644278025,0.109362190409423,PRE-0
OfficeHome,vit,kNN,saltpepper_0.325,saltpepper,Synthetic,0.4130472013366752,0.08436746526810868,0.32867973606856654,PRE
OfficeHome,vit,kNN,saltpepper_0.325,saltpepper,Synthetic,0.4130472013366752,0.5433042049568367,0.1302570036201615,PRE-0
OfficeHome,vit,kNN,saltpepper_0.325,saltpepper,Synthetic,0.4130472013366752,0.08614483315503119,0.32690236818164403,PRE
OfficeHome,vit,kNN,saltpepper_0.325,saltpepper,Synthetic,0.4130472013366752,0.5434151949119513,0.1303679935752761,PRE-0
OfficeHome,vit,kNN,saltpepper_0.35000000000000003,saltpepper,Synthetic,0.4069068504594822,0.08942772377510155,0.31747912668438066,PRE
OfficeHome,vit,kNN,saltpepper_0.35000000000000003,saltpepper,Synthetic,0.4069068504594822,0.5758909339320525,0.1689840834725703,PRE-0
OfficeHome,vit,kNN,saltpepper_0.35000000000000003,saltpepper,Synthetic,0.4069068504594822,0.09128400785861768,0.31562284260086454,PRE
OfficeHome,vit,kNN,saltpepper_0.35000000000000003,saltpepper,Synthetic,0.4069068504594822,0.5759808927512375,0.1690740422917553,PRE-0
OfficeHome,vit,kNN,saltpepper_0.375,saltpepper,Synthetic,0.4558040935672516,0.08749508957579155,0.36830900399146005,PRE
OfficeHome,vit,kNN,saltpepper_0.375,saltpepper,Synthetic,0.4558040935672516,0.5634452798663326,0.10764118629908101,PRE-0
OfficeHome,vit,kNN,saltpepper_0.375,saltpepper,Synthetic,0.4558040935672516,0.08932123366938305,0.36648285989786855,PRE
OfficeHome,vit,kNN,saltpepper_0.375,saltpepper,Synthetic,0.4558040935672516,0.563543270981198,0.10773917741394651,PRE-0
OfficeHome,vit,kNN,saltpepper_0.4,saltpepper,Synthetic,0.4528717627401839,0.08997660023902365,0.3628951625011603,PRE
OfficeHome,vit,kNN,saltpepper_0.4,saltpepper,Synthetic,0.4528717627401839,0.579425553467001,0.12655379072681708,PRE-0
OfficeHome,vit,kNN,saltpepper_0.4,saltpepper,Synthetic,0.4528717627401839,0.09184144420991958,0.36103031853026435,PRE
OfficeHome,vit,kNN,saltpepper_0.4,saltpepper,Synthetic,0.4528717627401839,0.5795132310795035,0.12664146833931958,PRE-0
OfficeHome,vit,kNN,saltpepper_0.42500000000000004,saltpepper,Synthetic,0.474701336675021,0.08633876607026836,0.38836257060475265,PRE
OfficeHome,vit,kNN,saltpepper_0.42500000000000004,saltpepper,Synthetic,0.474701336675021,0.5559988617376777,0.0812975250626567,PRE-0
OfficeHome,vit,kNN,saltpepper_0.42500000000000004,saltpepper,Synthetic,0.474701336675021,0.0881468769639826,0.3865544597110384,PRE
OfficeHome,vit,kNN,saltpepper_0.42500000000000004,saltpepper,Synthetic,0.474701336675021,0.5561016586933495,0.08140032201832847,PRE-0
OfficeHome,vit,kNN,saltpepper_0.45,saltpepper,Synthetic,0.4283354218880536,0.09205850033068796,0.33627692155736566,PRE
OfficeHome,vit,kNN,saltpepper_0.45,saltpepper,Synthetic,0.4283354218880536,0.5928324404761907,0.16449701858813698,PRE-0
OfficeHome,vit,kNN,saltpepper_0.45,saltpepper,Synthetic,0.4283354218880536,0.0939558121363191,0.33437960975173453,PRE
OfficeHome,vit,kNN,saltpepper_0.45,saltpepper,Synthetic,0.4283354218880536,0.5929114654232692,0.16457604353521557,PRE-0
OfficeHome,vit,kNN,saltpepper_0.47500000000000003,saltpepper,Synthetic,0.4856286549707604,0.09102012527460646,0.39460852969615395,PRE
OfficeHome,vit,kNN,saltpepper_0.47500000000000003,saltpepper,Synthetic,0.4856286549707604,0.5861455792258425,0.1005169242550821,PRE-0
OfficeHome,vit,kNN,saltpepper_0.47500000000000003,saltpepper,Synthetic,0.4856286549707604,0.0929012433205807,0.3927274116501797,PRE
OfficeHome,vit,kNN,saltpepper_0.47500000000000003,saltpepper,Synthetic,0.4856286549707604,0.5862289198036187,0.1006002648328583,PRE-0
OfficeHome,vit,kNN,saltpepper_0.5,saltpepper,Synthetic,0.5206411862990812,0.09098109678130528,0.4296600895177759,PRE
OfficeHome,vit,kNN,saltpepper_0.5,saltpepper,Synthetic,0.5206411862990812,0.5858942460317462,0.06525305973266499,PRE-0
OfficeHome,vit,kNN,saltpepper_0.5,saltpepper,Synthetic,0.5206411862990812,0.09286160616662598,0.4277795801324552,PRE
OfficeHome,vit,kNN,saltpepper_0.5,saltpepper,Synthetic,0.5206411862990812,0.5859777488173517,0.06533656251827039,PRE-0
OfficeHome,vit,kNN,Clipart,Organic,Organic,0.3734231411862992,0.08135121970628745,0.29207192148001176,PRE
OfficeHome,vit,kNN,Clipart,Organic,Organic,0.3734231411862992,0.5238803797688667,0.1504572385825675,PRE-0
OfficeHome,vit,kNN,Clipart,Organic,Organic,0.3734231411862992,0.08308154837033177,0.29034159281596744,PRE
OfficeHome,vit,kNN,Clipart,Organic,Organic,0.3734231411862992,0.5240039056587206,0.15058076447242139,PRE-0
OfficeHome,vit,kNN,Art,Organic,Organic,0.2968817878028406,0.08032489838601142,0.21655688941682916,PRE
OfficeHome,vit,kNN,Art,Organic,Organic,0.2968817878028406,0.5172711413951547,0.22038935359231412,PRE-0
OfficeHome,vit,kNN,Art,Organic,Organic,0.2968817878028406,0.082039221271899,0.21484256653094158,PRE
OfficeHome,vit,kNN,Art,Organic,Organic,0.2968817878028406,0.517398932818709,0.22051714501586833,PRE-0
OfficeHome,vit,kNN,Product,Organic,Organic,0.10495196324143707,0.05783794392001007,0.047114019321427,PRE
OfficeHome,vit,kNN,Product,Organic,Organic,0.10495196324143707,0.3724610907526869,0.26750912751124983,PRE-0
OfficeHome,vit,kNN,Product,Organic,Organic,0.10495196324143707,0.05920157623999467,0.045750387001442405,PRE
OfficeHome,vit,kNN,Product,Organic,Organic,0.10495196324143707,0.3726823410766833,0.2677303778352462,PRE-0
OfficeHome,vit,kNN,smear_0.025,smear,Synthetic,0.02149331662489573,0.05388941728378893,0.0323961006588932,PRE
OfficeHome,vit,kNN,smear_0.025,smear,Synthetic,0.02149331662489573,0.2608868821763714,0.23939356555147567,PRE-0
OfficeHome,vit,kNN,smear_0.025,smear,Synthetic,0.02149331662489573,0.056161262002854206,0.034667945377958476,PRE
OfficeHome,vit,kNN,smear_0.025,smear,Synthetic,0.02149331662489573,0.2611801413340432,0.23968682470914748,PRE-0
OfficeHome,vit,kNN,smear_0.05,smear,Synthetic,0.04552840434419392,0.04357846021788436,0.0019499441263095552,PRE
OfficeHome,vit,kNN,smear_0.05,smear,Synthetic,0.04552840434419392,0.21096996756190478,0.16544156321771086,PRE-0
OfficeHome,vit,kNN,smear_0.05,smear,Synthetic,0.04552840434419392,0.0455039471930998,2.445715109411495e-05,PRE
OfficeHome,vit,kNN,smear_0.05,smear,Synthetic,0.04552840434419392,0.21129544257705768,0.16576703823286376,PRE-0
OfficeHome,vit,kNN,smear_0.07500000000000001,smear,Synthetic,0.022746449456975903,0.049050289104710654,0.02630383964773475,PRE
OfficeHome,vit,kNN,smear_0.07500000000000001,smear,Synthetic,0.022746449456975903,0.23745992514614012,0.2147134756891642,PRE-0
OfficeHome,vit,kNN,smear_0.07500000000000001,smear,Synthetic,0.022746449456975903,0.051159581549763744,0.02841313209278784,PRE
OfficeHome,vit,kNN,smear_0.07500000000000001,smear,Synthetic,0.022746449456975903,0.23776830381820357,0.21502185436122767,PRE-0
OfficeHome,vit,kNN,smear_0.1,smear,Synthetic,0.08435045948203856,0.05822402230922252,0.02612643717281604,PRE
OfficeHome,vit,kNN,smear_0.1,smear,Synthetic,0.08435045948203856,0.2818713657271264,0.19752090624508784,PRE-0
OfficeHome,vit,kNN,smear_0.1,smear,Synthetic,0.08435045948203856,0.06064147174834378,0.023708987733694786,PRE
OfficeHome,vit,kNN,smear_0.1,smear,Synthetic,0.08435045948203856,0.2821510817173848,0.19780062223534622,PRE-0
OfficeHome,vit,kNN,smear_0.125,smear,Synthetic,0.04397451963241439,0.06322337687374124,0.019248857241326855,PRE
OfficeHome,vit,kNN,smear_0.125,smear,Synthetic,0.04397451963241439,0.3060740031088413,0.2620994834764269,PRE-0
OfficeHome,vit,kNN,smear_0.125,smear,Synthetic,0.04397451963241439,0.0658087607884501,0.021834241156035716,PRE
OfficeHome,vit,kNN,smear_0.125,smear,Synthetic,0.04397451963241439,0.3063380989686774,0.26236357933626303,PRE-0
OfficeHome,vit,kNN,smear_0.15000000000000002,smear,Synthetic,0.05414995822890567,0.044644916563893466,0.009505041665012204,PRE
OfficeHome,vit,kNN,smear_0.15000000000000002,smear,Synthetic,0.05414995822890567,0.216132845267974,0.16198288703906832,PRE-0
OfficeHome,vit,kNN,smear_0.15000000000000002,smear,Synthetic,0.05414995822890567,0.046606227120912,0.0075437311079936675,PRE
OfficeHome,vit,kNN,smear_0.15000000000000002,smear,Synthetic,0.05414995822890567,0.2164549882155571,0.16230502998665142,PRE-0
OfficeHome,vit,kNN,smear_0.17500000000000002,smear,Synthetic,0.06883667502088564,0.05981236987141081,0.009024305149474832,PRE
OfficeHome,vit,kNN,smear_0.17500000000000002,smear,Synthetic,0.06883667502088564,0.28956079835041,0.22072412332952435,PRE-0
OfficeHome,vit,kNN,smear_0.17500000000000002,smear,Synthetic,0.06883667502088564,0.062283173860897434,0.0065535011599882065,PRE
OfficeHome,vit,kNN,smear_0.17500000000000002,smear,Synthetic,0.06883667502088564,0.2898355516608349,0.22099887663994927,PRE-0
OfficeHome,vit,kNN,smear_0.2,smear,Synthetic,0.08938805346700096,0.06574911286508867,0.023638940601912295,PRE
OfficeHome,vit,kNN,smear_0.2,smear,Synthetic,0.08938805346700096,0.3183014759819155,0.22891342251491453,PRE-0
OfficeHome,vit,kNN,smear_0.2,smear,Synthetic,0.08938805346700096,0.06841933936171618,0.02096871410528478,PRE
OfficeHome,vit,kNN,smear_0.2,smear,Synthetic,0.08938805346700096,0.3185576803579434,0.22916962689094245,PRE-0
OfficeHome,vit,kNN,smear_0.225,smear,Synthetic,0.09848579782790323,0.06350733823746979,0.03497845959043344,PRE
OfficeHome,vit,kNN,smear_0.225,smear,Synthetic,0.09848579782790323,0.3074487033482523,0.20896290552034907,PRE-0
OfficeHome,vit,kNN,smear_0.225,smear,Synthetic,0.09848579782790323,0.06610226076403158,0.03238353706387165,PRE
OfficeHome,vit,kNN,smear_0.225,smear,Synthetic,0.09848579782790323,0.3077119119908528,0.20922611416294956,PRE-0
OfficeHome,vit,kNN,smear_0.25,smear,Synthetic,0.0322953216374271,0.0528811028855225,0.020585781248095403,PRE
OfficeHome,vit,kNN,smear_0.25,smear,Synthetic,0.0322953216374271,0.2560054785005447,0.22371015686311763,PRE-0
OfficeHome,vit,kNN,smear_0.25,smear,Synthetic,0.0322953216374271,0.05511907708240038,0.02282375544497328,PRE
OfficeHome,vit,kNN,smear_0.25,smear,Synthetic,0.0322953216374271,0.2563018880653749,0.2240065664279478,PRE-0
OfficeHome,vit,kNN,smear_0.275,smear,Synthetic,0.03946324143692581,0.09864669593522268,0.05918345449829687,PRE
OfficeHome,vit,kNN,smear_0.275,smear,Synthetic,0.03946324143692581,0.4775636894348574,0.4381004479979316,PRE-0
OfficeHome,vit,kNN,smear_0.275,smear,Synthetic,0.03946324143692581,0.10242199275436759,0.06295875131744177,PRE
OfficeHome,vit,kNN,smear_0.275,smear,Synthetic,0.03946324143692581,0.4777171076348896,0.4382538661979638,PRE-0
OfficeHome,vit,kNN,smear_0.30000000000000004,smear,Synthetic,0.08628028404344201,0.059234627788625205,0.027045656254816808,PRE
OfficeHome,vit,kNN,smear_0.30000000000000004,smear,Synthetic,0.08628028404344201,0.2867638608759099,0.20048357683246787,PRE-0
OfficeHome,vit,kNN,smear_0.30000000000000004,smear,Synthetic,0.08628028404344201,0.06168602471017026,0.02459425933327175,PRE
OfficeHome,vit,kNN,smear_0.30000000000000004,smear,Synthetic,0.08628028404344201,0.2870404193006885,0.2007601352572465,PRE-0
OfficeHome,vit,kNN,smear_0.325,smear,Synthetic,0.08029030910609869,0.0595956472962198,0.02069466180987889,PRE
OfficeHome,vit,kNN,smear_0.325,smear,Synthetic,0.08029030910609869,0.2885116113339494,0.20822130222785074,PRE-0
OfficeHome,vit,kNN,smear_0.325,smear,Synthetic,0.08029030910609869,0.062059171307552674,0.018231137798546015,PRE
OfficeHome,vit,kNN,smear_0.325,smear,Synthetic,0.08029030910609869,0.2887870417787617,0.208496732672663,PRE-0
OfficeHome,vit,kNN,smear_0.35000000000000003,smear,Synthetic,0.11394945697577286,0.08273259200711003,0.031216864968662827,PRE
OfficeHome,vit,kNN,smear_0.35000000000000003,smear,Synthetic,0.11394945697577286,0.4005210869035996,0.28657162992782675,PRE-0
OfficeHome,vit,kNN,smear_0.35000000000000003,smear,Synthetic,0.11394945697577286,0.08597331448008128,0.02797614249569158,PRE
OfficeHome,vit,kNN,smear_0.35000000000000003,smear,Synthetic,0.11394945697577286,0.4007242275979464,0.28677477062217355,PRE-0
OfficeHome,vit,kNN,smear_0.375,smear,Synthetic,0.08500208855472025,0.06376787248434868,0.02123421607037157,PRE
OfficeHome,vit,kNN,smear_0.375,smear,Synthetic,0.08500208855472025,0.3087099893445444,0.22370790078982417,PRE-0
OfficeHome,vit,kNN,smear_0.375,smear,Synthetic,0.08500208855472025,0.06637154667706213,0.018630541877658113,PRE
OfficeHome,vit,kNN,smear_0.375,smear,Synthetic,0.08500208855472025,0.3089723839662821,0.22397029541156188,PRE-0
OfficeHome,vit,kNN,smear_0.4,smear,Synthetic,0.09399958228905603,0.09839833037064327,0.004398748081587245,PRE
OfficeHome,vit,kNN,smear_0.4,smear,Synthetic,0.09399958228905603,0.4763613138841648,0.3823617315951088,PRE-0
OfficeHome,vit,kNN,smear_0.4,smear,Synthetic,0.09399958228905603,0.10216528428465843,0.008165701995602404,PRE
OfficeHome,vit,kNN,smear_0.4,smear,Synthetic,0.09399958228905603,0.47651550808487086,0.38251592579581484,PRE-0
OfficeHome,vit,kNN,smear_0.42500000000000004,smear,Synthetic,0.07577903091061,0.07400152182611519,0.0017775090844948105,PRE
OfficeHome,vit,kNN,smear_0.42500000000000004,smear,Synthetic,0.07577903091061,0.3582526454842478,0.2824736145736378,PRE-0
OfficeHome,vit,kNN,smear_0.42500000000000004,smear,Synthetic,0.07577903091061,0.07694895690103454,0.0011699259904245363,PRE
OfficeHome,vit,kNN,smear_0.42500000000000004,smear,Synthetic,0.07577903091061,0.3584830657910312,0.2827040348804212,PRE-0
OfficeHome,vit,kNN,smear_0.45,smear,Synthetic,0.12071637426900594,0.08841914964529751,0.03229722462370843,PRE
OfficeHome,vit,kNN,smear_0.45,smear,Synthetic,0.12071637426900594,0.4280505790992639,0.307334204830258,PRE-0
OfficeHome,vit,kNN,smear_0.45,smear,Synthetic,0.12071637426900594,0.0918508905912625,0.028865483677743442,PRE
OfficeHome,vit,kNN,smear_0.45,smear,Synthetic,0.12071637426900594,0.4282359525456958,0.30751957827668985,PRE-0
OfficeHome,vit,kNN,smear_0.47500000000000003,smear,Synthetic,0.1589369256474521,0.09286133652884465,0.06607558911860745,PRE
OfficeHome,vit,kNN,smear_0.47500000000000003,smear,Synthetic,0.1589369256474521,0.44955588282133613,0.29061895717388403,PRE-0
OfficeHome,vit,kNN,smear_0.47500000000000003,smear,Synthetic,0.1589369256474521,0.09644229600194631,0.062494629645505784,PRE
OfficeHome,vit,kNN,smear_0.47500000000000003,smear,Synthetic,0.1589369256474521,0.4497273769684333,0.2907904513209812,PRE-0
OfficeHome,vit,kNN,smear_0.5,smear,Synthetic,0.14638053467000844,0.09110629196997144,0.055274242700037,PRE
OfficeHome,vit,kNN,smear_0.5,smear,Synthetic,0.14638053467000844,0.4410594446313698,0.29467890996136137,PRE-0
OfficeHome,vit,kNN,smear_0.5,smear,Synthetic,0.14638053467000844,0.09462829733533318,0.051752237334675266,PRE
OfficeHome,vit,kNN,smear_0.5,smear,Synthetic,0.14638053467000844,0.441236422291299,0.29485588762129056,PRE-0
OfficeHome,vit,kNN,Clipart,Organic,Organic,0.3734231411862992,0.10821398207775113,0.2652091591085481,PRE
OfficeHome,vit,kNN,Clipart,Organic,Organic,0.3734231411862992,0.5238803797688667,0.1504572385825675,PRE-0
OfficeHome,vit,kNN,Clipart,Organic,Organic,0.3734231411862992,0.11231065581873856,0.26111248536756065,PRE
OfficeHome,vit,kNN,Clipart,Organic,Organic,0.3734231411862992,0.5240039056587206,0.15058076447242139,PRE-0
OfficeHome,vit,kNN,Art,Organic,Organic,0.2968817878028406,0.10684876201885896,0.19003302578398162,PRE
OfficeHome,vit,kNN,Art,Organic,Organic,0.2968817878028406,0.5172711413951547,0.22038935359231412,PRE-0
OfficeHome,vit,kNN,Art,Organic,Organic,0.2968817878028406,0.11089957633705638,0.1859822114657842,PRE
OfficeHome,vit,kNN,Art,Organic,Organic,0.2968817878028406,0.517398932818709,0.22051714501586833,PRE-0
OfficeHome,vit,kNN,Product,Organic,Organic,0.10495196324143707,0.06611138379697745,0.03884057944445962,PRE
OfficeHome,vit,kNN,Product,Organic,Organic,0.10495196324143707,0.3200552847756875,0.21510332153425044,PRE-0
OfficeHome,vit,kNN,Product,Organic,Organic,0.10495196324143707,0.06879377942027565,0.03615818382116143,PRE
OfficeHome,vit,kNN,Product,Organic,Organic,0.10495196324143707,0.3203103572617622,0.21535839402032514,PRE-0
