ds,fold_idx,acc,nuclear,DR_msp,DR_energy,DR_entropy,DR_gradnorm,DR_mahalanobis,DR_knn,DR_vim,DR_react,DR_atc,DR_atc_ne
CCT,0,0.9375,3.036605415956842,0.0833333358168602,0.1041666716337204,0.0833333358168602,0.0625,0.0625,0.020833333954215,0.1041666716337204,0.1041666716337204,0.0833333358168602,0.0833333358168602
CCT,1,0.75,2.9015681029060345,0.375,0.2708333432674408,0.375,0.0,0.6666666865348816,0.5625,0.5,0.2291666716337204,0.375,0.375
CCT,2,0.4791666865348816,2.381170397115755,0.4791666865348816,0.1041666716337204,0.4791666865348816,0.0,0.7916666865348816,0.6041666865348816,0.7083333730697632,0.1041666716337204,0.4791666865348816,0.4791666865348816
CCT,3,0.1666666716337204,1.8698425177464748,0.375,0.0625,0.375,0.0,1.0,0.9583333730697632,0.9583333730697632,0.0833333358168602,0.375,0.375
CCT,4,0.125,1.7070309432531974,0.6041666865348816,0.0833333358168602,0.6041666865348816,0.020833333954215,1.0,0.9791666865348816,1.0,0.125,0.625,0.625
CCT,5,0.1666666716337204,1.8043093396896777,0.7291666865348816,0.0625,0.75,0.020833333954215,1.0,1.0,1.0,0.1041666716337204,0.75,0.75
CCT,6,0.020833333954215,1.8518380382167448,0.875,0.0625,0.875,0.020833333954215,1.0,1.0,1.0,0.0833333358168602,0.9166666865348816,0.9166666865348816
CCT,7,0.0625,1.9918935572472756,0.375,0.1041666716337204,0.375,0.4791666865348816,1.0,1.0,1.0,0.5625,0.375,0.375
CCT,8,0.0833333358168602,1.894007706811768,0.5,0.0625,0.5,0.6875,1.0,1.0,1.0,0.7083333730697632,0.5416666865348816,0.5416666865348816
CCT,9,0.0416666679084301,1.650974763366578,0.1666666716337204,0.0416666679084301,0.1666666716337204,0.8333333730697632,1.0,1.0,1.0,0.8541666865348816,0.1875,0.1875
CCT,10,0.020833333954215,1.529658642719347,0.1458333432674408,0.1041666716337204,0.1458333432674408,0.9583333730697632,1.0,1.0,1.0,0.9375,0.1666666716337204,0.1666666716337204
CCT,11,0.0,1.357146662432865,0.0416666679084301,0.1041666716337204,0.0416666679084301,1.0,1.0,1.0,1.0,1.0,0.0416666679084301,0.0416666679084301
CCT,12,0.0416666679084301,1.3033699836166923,0.0416666679084301,0.1041666716337204,0.0416666679084301,1.0,1.0,1.0,1.0,1.0,0.0416666679084301,0.0416666679084301
CCT,13,0.0416666679084301,1.241363975573732,0.0625,0.0625,0.0625,1.0,1.0,1.0,1.0,1.0,0.0625,0.0625
CCT,14,0.0,1.1327838100769545,0.020833333954215,0.020833333954215,0.020833333954215,1.0,1.0,1.0,1.0,1.0,0.020833333954215,0.020833333954215
CCT,15,0.0,1.0577664759963774,0.020833333954215,0.020833333954215,0.020833333954215,1.0,1.0,1.0,1.0,1.0,0.020833333954215,0.020833333954215
CCT,16,0.0,1.1830139789094598,0.0,0.020833333954215,0.0,1.0,1.0,1.0,1.0,1.0,0.0,0.0
CCT,17,0.0,1.2321164416719386,0.0625,0.1458333432674408,0.0625,1.0,1.0,1.0,1.0,1.0,0.0833333358168602,0.0833333358168602
CCT,18,0.0,1.1830925776480603,0.3541666865348816,0.5416666865348816,0.3541666865348816,1.0,1.0,1.0,1.0,1.0,0.375,0.375
CCT,19,0.0416666679084301,1.361991703415811,0.4791666865348816,0.5833333730697632,0.4791666865348816,1.0,1.0,1.0,1.0,1.0,0.5,0.5
CCT,20,0.0625,1.3501622491288503,0.2916666865348816,0.7916666865348816,0.2916666865348816,1.0,1.0,1.0,1.0,1.0,0.2916666865348816,0.2916666865348816
CCT,21,0.9583333730697632,3.4063572830091084,0.020833333954215,0.0416666679084301,0.020833333954215,0.1458333432674408,0.0416666679084301,0.020833333954215,0.020833333954215,0.0625,0.020833333954215,0.020833333954215
CCT,22,0.9375,3.307033529905613,0.1041666716337204,0.020833333954215,0.1041666716337204,0.1041666716337204,0.0625,0.020833333954215,0.020833333954215,0.020833333954215,0.1041666716337204,0.1041666716337204
CCT,23,0.9583333730697632,3.0262683741460754,0.0416666679084301,0.020833333954215,0.0416666679084301,0.020833333954215,0.0416666679084301,0.0625,0.0416666679084301,0.020833333954215,0.0625,0.0625
CCT,24,0.9791666865348816,3.210698180681308,0.0833333358168602,0.0833333358168602,0.0833333358168602,0.020833333954215,0.1041666716337204,0.0833333358168602,0.0833333358168602,0.0833333358168602,0.1041666716337204,0.1041666716337204
CCT,25,1.0,2.980202630774607,0.0625,0.0416666679084301,0.0625,0.0625,0.0416666679084301,0.020833333954215,0.0625,0.0625,0.0833333358168602,0.0833333358168602
CCT,26,0.9791666865348816,3.2275692416232324,0.0833333358168602,0.0625,0.0833333358168602,0.0,0.0833333358168602,0.0416666679084301,0.0833333358168602,0.0625,0.0833333358168602,0.0833333358168602
CCT,27,0.9583333730697632,2.8887596744878525,0.020833333954215,0.0416666679084301,0.020833333954215,0.0625,0.0625,0.020833333954215,0.0416666679084301,0.0833333358168602,0.020833333954215,0.020833333954215
CCT,28,1.0,3.2706953095804217,0.0,0.0625,0.0,0.0625,0.125,0.0416666679084301,0.0416666679084301,0.0416666679084301,0.020833333954215,0.020833333954215
CCT,29,1.0,3.150769601995545,0.0416666679084301,0.0,0.0416666679084301,0.0416666679084301,0.0416666679084301,0.0416666679084301,0.0,0.0,0.0416666679084301,0.0416666679084301
CCT,30,0.9375,3.1176851767369738,0.0833333358168602,0.0625,0.0833333358168602,0.0833333358168602,0.0625,0.020833333954215,0.0833333358168602,0.0416666679084301,0.0833333358168602,0.0833333358168602
CCT,31,0.9791666865348816,3.1443638736251147,0.020833333954215,0.1041666716337204,0.020833333954215,0.0416666679084301,0.125,0.020833333954215,0.0833333358168602,0.0625,0.020833333954215,0.020833333954215
CCT,32,0.9791666865348816,3.30225924155251,0.020833333954215,0.0,0.020833333954215,0.0416666679084301,0.020833333954215,0.020833333954215,0.0,0.0,0.0416666679084301,0.0416666679084301
CCT,33,1.0,2.7015694141804736,0.020833333954215,0.0416666679084301,0.020833333954215,0.1041666716337204,0.0,0.0416666679084301,0.020833333954215,0.0625,0.020833333954215,0.020833333954215
CCT,34,0.9791666865348816,3.188507182700094,0.0833333358168602,0.0416666679084301,0.0833333358168602,0.125,0.0625,0.0625,0.0625,0.0625,0.0833333358168602,0.0833333358168602
CCT,35,0.9583333730697632,2.9351433917405245,0.1041666716337204,0.1041666716337204,0.1041666716337204,0.020833333954215,0.020833333954215,0.0,0.0416666679084301,0.0625,0.1041666716337204,0.1041666716337204
CCT,36,0.9791666865348816,3.1416251687158385,0.0625,0.0625,0.0625,0.020833333954215,0.0625,0.0,0.0625,0.0416666679084301,0.0625,0.0625
CCT,37,0.9583333730697632,2.794362451777551,0.1041666716337204,0.1041666716337204,0.1041666716337204,0.020833333954215,0.020833333954215,0.0,0.0833333358168602,0.1041666716337204,0.1041666716337204,0.1041666716337204
CCT,38,1.0,3.277544274270105,0.0416666679084301,0.0625,0.0416666679084301,0.0625,0.0625,0.020833333954215,0.0625,0.0833333358168602,0.0416666679084301,0.0416666679084301
CCT,39,0.9166666865348816,3.245452312943776,0.0625,0.0416666679084301,0.0625,0.0,0.0416666679084301,0.0,0.0625,0.0416666679084301,0.0625,0.0625
CCT,40,1.0,3.1422872701741027,0.0416666679084301,0.0416666679084301,0.0416666679084301,0.0625,0.020833333954215,0.020833333954215,0.0416666679084301,0.0416666679084301,0.0416666679084301,0.0416666679084301
CCT,41,1.0,3.102217605705332,0.0625,0.020833333954215,0.0625,0.020833333954215,0.0416666679084301,0.0625,0.0625,0.020833333954215,0.0625,0.0625
CCT,42,0.9583333730697632,3.23512876093403,0.0416666679084301,0.0416666679084301,0.0416666679084301,0.020833333954215,0.0625,0.0416666679084301,0.0625,0.020833333954215,0.0625,0.0625
CCT,43,0.9791666865348816,3.225790515002924,0.1041666716337204,0.0833333358168602,0.1041666716337204,0.020833333954215,0.0625,0.0625,0.1041666716337204,0.0833333358168602,0.1041666716337204,0.1041666716337204
CCT,44,0.9375,2.9819984261227384,0.1458333432674408,0.1666666716337204,0.1458333432674408,0.0625,0.1458333432674408,0.0416666679084301,0.1875,0.1666666716337204,0.1458333432674408,0.1458333432674408
CCT,45,0.9166666865348816,2.7412520039505672,0.2291666716337204,0.1458333432674408,0.2291666716337204,0.1041666716337204,0.2083333432674408,0.1041666716337204,0.1875,0.1458333432674408,0.2291666716337204,0.2291666716337204
CCT,46,0.875,2.999665935929011,0.1666666716337204,0.1458333432674408,0.1666666716337204,0.0833333358168602,0.3125,0.1458333432674408,0.25,0.1458333432674408,0.1875,0.1875
CCT,47,0.875,3.11912941135238,0.2083333432674408,0.1666666716337204,0.2083333432674408,0.0416666679084301,0.25,0.1458333432674408,0.2291666716337204,0.125,0.25,0.25
CCT,48,0.8125,3.2119541086865477,0.2083333432674408,0.1458333432674408,0.2083333432674408,0.0625,0.2708333432674408,0.2083333432674408,0.2291666716337204,0.1458333432674408,0.2083333432674408,0.2083333432674408
CCT,49,0.8125,3.0019622304252187,0.2708333432674408,0.2291666716337204,0.2708333432674408,0.020833333954215,0.3958333432674408,0.2708333432674408,0.3333333432674408,0.25,0.2708333432674408,0.2708333432674408
CCT,50,0.8333333730697632,3.0258141257443563,0.2083333432674408,0.1875,0.2083333432674408,0.0833333358168602,0.3333333432674408,0.2291666716337204,0.2916666865348816,0.1458333432674408,0.2083333432674408,0.2083333432674408
CCT,51,0.6875,2.922401861723323,0.375,0.3333333432674408,0.3958333432674408,0.0833333358168602,0.4791666865348816,0.4375,0.4375,0.375,0.3958333432674408,0.3958333432674408
CCT,52,0.75,3.090941508562284,0.2291666716337204,0.2291666716337204,0.2291666716337204,0.1041666716337204,0.3958333432674408,0.375,0.375,0.2291666716337204,0.25,0.25
CCT,53,0.7291666865348816,3.02067010672246,0.2708333432674408,0.1666666716337204,0.2708333432674408,0.1458333432674408,0.5,0.3333333432674408,0.3958333432674408,0.1458333432674408,0.2916666865348816,0.2916666865348816
CCT,54,0.8541666865348816,2.848411129030632,0.25,0.1458333432674408,0.25,0.0416666679084301,0.2083333432674408,0.1666666716337204,0.2708333432674408,0.1666666716337204,0.25,0.25
CCT,55,0.7083333730697632,3.123729984104583,0.375,0.2291666716337204,0.375,0.0833333358168602,0.5,0.3958333432674408,0.4791666865348816,0.2291666716337204,0.375,0.375
CCT,56,0.8541666865348816,2.943443473597156,0.3125,0.2291666716337204,0.3125,0.0625,0.3333333432674408,0.2916666865348816,0.375,0.2708333432674408,0.3541666865348816,0.3541666865348816
CCT,57,0.8541666865348816,3.0194144540192824,0.2083333432674408,0.2083333432674408,0.2083333432674408,0.0833333358168602,0.1875,0.1875,0.2708333432674408,0.2083333432674408,0.2291666716337204,0.2291666716337204
CCT,58,0.8125,3.07021374103873,0.3125,0.1458333432674408,0.3125,0.0833333358168602,0.3333333432674408,0.3125,0.2916666865348816,0.1458333432674408,0.3333333432674408,0.3333333432674408
CCT,59,0.75,3.1746795860496904,0.25,0.1041666716337204,0.25,0.1041666716337204,0.4791666865348816,0.2916666865348816,0.375,0.125,0.2916666865348816,0.2916666865348816
CCT,60,0.8958333730697632,3.163507002481822,0.2708333432674408,0.1875,0.2708333432674408,0.1041666716337204,0.2916666865348816,0.2708333432674408,0.3125,0.1666666716337204,0.2708333432674408,0.2708333432674408
CCT,61,0.9583333730697632,3.216013162283488,0.0625,0.0625,0.0625,0.0416666679084301,0.020833333954215,0.0416666679084301,0.0833333358168602,0.0625,0.0625,0.0625
CCT,62,0.9583333730697632,3.07057631385392,0.0625,0.0416666679084301,0.0833333358168602,0.0625,0.0416666679084301,0.0625,0.0,0.0625,0.0833333358168602,0.0833333358168602
CCT,63,0.9375,3.226170431847998,0.1458333432674408,0.0,0.1458333432674408,0.125,0.020833333954215,0.020833333954215,0.0,0.0,0.1458333432674408,0.1458333432674408
CCT,64,0.9791666865348816,3.0653246517259194,0.0833333358168602,0.0416666679084301,0.0833333358168602,0.0416666679084301,0.1458333432674408,0.125,0.1041666716337204,0.020833333954215,0.0833333358168602,0.0833333358168602
CCT,65,1.0,3.2525162885436063,0.0833333358168602,0.125,0.0833333358168602,0.125,0.125,0.1041666716337204,0.1666666716337204,0.125,0.0833333358168602,0.0833333358168602
CCT,66,0.9791666865348816,3.090532134396613,0.0,0.0416666679084301,0.0,0.0833333358168602,0.125,0.0416666679084301,0.0625,0.0416666679084301,0.0,0.0
CCT,67,0.9791666865348816,3.043046107689101,0.125,0.125,0.125,0.0625,0.1458333432674408,0.020833333954215,0.2083333432674408,0.125,0.125,0.125
CCT,68,0.9583333730697632,3.284479133203023,0.1666666716337204,0.125,0.1666666716337204,0.0625,0.25,0.1041666716337204,0.1875,0.1041666716337204,0.1666666716337204,0.1666666716337204
CCT,69,0.9583333730697632,2.8559260494074428,0.1458333432674408,0.125,0.1458333432674408,0.0625,0.3958333432674408,0.1666666716337204,0.3125,0.125,0.1666666716337204,0.1666666716337204
CCT,70,0.9791666865348816,3.235680466265573,0.1458333432674408,0.0833333358168602,0.1458333432674408,0.0625,0.3958333432674408,0.0625,0.25,0.0833333358168602,0.1458333432674408,0.1458333432674408
CCT,71,0.9375,3.1610463526548105,0.125,0.1875,0.125,0.0416666679084301,0.3958333432674408,0.1875,0.3333333432674408,0.2291666716337204,0.125,0.125
CCT,72,0.9375,3.2079856294678883,0.1458333432674408,0.2291666716337204,0.1458333432674408,0.0625,0.4166666865348816,0.2291666716337204,0.4583333432674408,0.25,0.1666666716337204,0.1666666716337204
CCT,73,0.875,2.755995255258013,0.2083333432674408,0.2916666865348816,0.2083333432674408,0.0416666679084301,0.6041666865348816,0.4791666865348816,0.5625,0.3125,0.25,0.25
CCT,74,0.875,3.0265224779489768,0.2708333432674408,0.2916666865348816,0.2708333432674408,0.0,0.5416666865348816,0.375,0.6041666865348816,0.2916666865348816,0.2916666865348816,0.2916666865348816
CCT,75,0.9166666865348816,3.08242724170169,0.1666666716337204,0.2291666716337204,0.1666666716337204,0.020833333954215,0.625,0.4166666865348816,0.4583333432674408,0.25,0.2083333432674408,0.2083333432674408
CCT,76,0.8958333730697632,3.229600420234073,0.1875,0.1458333432674408,0.1875,0.0625,0.5833333730697632,0.4166666865348816,0.3541666865348816,0.1666666716337204,0.2083333432674408,0.2083333432674408
CCT,77,0.9583333730697632,3.0302189587307278,0.2083333432674408,0.1875,0.2083333432674408,0.0833333358168602,0.5,0.2916666865348816,0.3958333432674408,0.1875,0.2083333432674408,0.2083333432674408
CCT,78,0.9791666865348816,3.273343164809354,0.1458333432674408,0.2083333432674408,0.1458333432674408,0.020833333954215,0.625,0.3125,0.3333333432674408,0.25,0.1666666716337204,0.1666666716337204
CCT,79,0.9166666865348816,3.1307543162075366,0.2083333432674408,0.2083333432674408,0.2083333432674408,0.1041666716337204,0.4166666865348816,0.1875,0.3333333432674408,0.1875,0.2083333432674408,0.2083333432674408
CCT,80,0.9583333730697632,3.1162337842679646,0.1666666716337204,0.1458333432674408,0.1666666716337204,0.1041666716337204,0.4375,0.2291666716337204,0.2916666865348816,0.1666666716337204,0.1875,0.1875
CCT,81,0.9791666865348816,2.90968180526693,0.0625,0.0833333358168602,0.0625,0.0625,0.0416666679084301,0.0625,0.0416666679084301,0.0625,0.0625,0.0625
CCT,82,1.0,3.3080447143780467,0.020833333954215,0.020833333954215,0.020833333954215,0.020833333954215,0.0625,0.0416666679084301,0.0416666679084301,0.020833333954215,0.0416666679084301,0.0416666679084301
CCT,83,0.9791666865348816,3.248995725779249,0.0625,0.020833333954215,0.0625,0.1041666716337204,0.0625,0.0625,0.0,0.020833333954215,0.0625,0.0625
CCT,84,1.0,3.346485416548045,0.0625,0.0,0.0625,0.0416666679084301,0.0625,0.0,0.020833333954215,0.0,0.0625,0.0625
CCT,85,0.9583333730697632,3.0582056157137587,0.0833333358168602,0.0833333358168602,0.0833333358168602,0.0625,0.0625,0.0625,0.0833333358168602,0.1458333432674408,0.0833333358168602,0.0833333358168602
CCT,86,0.9791666865348816,3.046127288363068,0.0833333358168602,0.0625,0.0833333358168602,0.1041666716337204,0.0833333358168602,0.020833333954215,0.0625,0.020833333954215,0.1041666716337204,0.1041666716337204
CCT,87,0.9791666865348816,3.029874005247482,0.0833333358168602,0.0416666679084301,0.0833333358168602,0.0,0.0416666679084301,0.0625,0.0625,0.0,0.0833333358168602,0.0833333358168602
CCT,88,0.9583333730697632,3.146336963500948,0.0416666679084301,0.0625,0.0416666679084301,0.0625,0.1041666716337204,0.0625,0.0833333358168602,0.0625,0.0416666679084301,0.0416666679084301
CCT,89,0.9583333730697632,3.168091883016511,0.0625,0.0833333358168602,0.0625,0.020833333954215,0.1041666716337204,0.0416666679084301,0.1041666716337204,0.0833333358168602,0.0833333358168602,0.0833333358168602
CCT,90,0.9583333730697632,3.2530671679689647,0.0416666679084301,0.020833333954215,0.0416666679084301,0.0,0.020833333954215,0.0416666679084301,0.0416666679084301,0.020833333954215,0.0416666679084301,0.0416666679084301
CCT,91,1.0,2.7089411774852272,0.0416666679084301,0.0416666679084301,0.0416666679084301,0.020833333954215,0.1041666716337204,0.0833333358168602,0.0625,0.0416666679084301,0.0416666679084301,0.0416666679084301
CCT,92,0.9583333730697632,3.105343935917409,0.0625,0.1041666716337204,0.0625,0.0833333358168602,0.0416666679084301,0.0416666679084301,0.1458333432674408,0.1458333432674408,0.0625,0.0625
CCT,93,0.9375,3.28782598036648,0.1458333432674408,0.1041666716337204,0.1458333432674408,0.0,0.1041666716337204,0.0416666679084301,0.2083333432674408,0.1041666716337204,0.1458333432674408,0.1458333432674408
CCT,94,0.9791666865348816,3.093576149292257,0.0833333358168602,0.0416666679084301,0.0833333358168602,0.0625,0.0833333358168602,0.0625,0.125,0.0416666679084301,0.0833333358168602,0.0833333358168602
CCT,95,0.9583333730697632,3.116591126343984,0.0625,0.0833333358168602,0.0625,0.0416666679084301,0.125,0.0416666679084301,0.125,0.0416666679084301,0.0625,0.0625
CCT,96,0.9791666865348816,3.284050212590975,0.1458333432674408,0.0625,0.1458333432674408,0.0,0.1458333432674408,0.0625,0.1041666716337204,0.0625,0.1458333432674408,0.1458333432674408
CCT,97,0.9791666865348816,3.3029017965643965,0.125,0.0833333358168602,0.125,0.0,0.125,0.020833333954215,0.125,0.0625,0.125,0.125
CCT,98,0.9583333730697632,3.303543250368037,0.1041666716337204,0.0833333358168602,0.1041666716337204,0.020833333954215,0.1041666716337204,0.0625,0.1666666716337204,0.0625,0.1041666716337204,0.1041666716337204
CCT,99,0.9166666865348816,2.8998535216660897,0.1458333432674408,0.1041666716337204,0.1458333432674408,0.0,0.1041666716337204,0.0833333358168602,0.2291666716337204,0.0833333358168602,0.1458333432674408,0.1458333432674408
CCT,100,0.9583333730697632,3.246140568097896,0.1458333432674408,0.1458333432674408,0.1458333432674408,0.0416666679084301,0.1458333432674408,0.0416666679084301,0.25,0.125,0.1875,0.1875
CCT,101,0.9791666865348816,3.326975860647284,0.0416666679084301,0.0833333358168602,0.0416666679084301,0.0625,0.1041666716337204,0.0416666679084301,0.0416666679084301,0.0833333358168602,0.0416666679084301,0.0416666679084301
CCT,102,0.9791666865348816,3.0589015793256054,0.0833333358168602,0.125,0.0833333358168602,0.020833333954215,0.0,0.020833333954215,0.125,0.125,0.0833333358168602,0.0833333358168602
CCT,103,0.9583333730697632,3.0345513872748846,0.0625,0.0416666679084301,0.0625,0.0625,0.0416666679084301,0.020833333954215,0.0416666679084301,0.0625,0.0625,0.0625
CCT,104,0.9791666865348816,3.121552620099008,0.0416666679084301,0.125,0.0416666679084301,0.0416666679084301,0.0833333358168602,0.0416666679084301,0.0833333358168602,0.125,0.0416666679084301,0.0416666679084301
CCT,105,0.9791666865348816,3.088147467938616,0.0416666679084301,0.0416666679084301,0.0416666679084301,0.0416666679084301,0.125,0.0625,0.0416666679084301,0.0625,0.0416666679084301,0.0416666679084301
CCT,106,0.9791666865348816,3.187118283799079,0.0416666679084301,0.0625,0.0416666679084301,0.020833333954215,0.0833333358168602,0.0,0.0833333358168602,0.0833333358168602,0.0416666679084301,0.0416666679084301
CCT,107,0.9791666865348816,3.2842872476660543,0.0416666679084301,0.125,0.0416666679084301,0.125,0.1041666716337204,0.020833333954215,0.0833333358168602,0.0833333358168602,0.0625,0.0625
CCT,108,1.0,2.8768889248916443,0.0416666679084301,0.0833333358168602,0.0416666679084301,0.0833333358168602,0.020833333954215,0.020833333954215,0.0833333358168602,0.1041666716337204,0.0416666679084301,0.0416666679084301
CCT,109,0.9583333730697632,3.040297491905606,0.0625,0.0625,0.0625,0.0,0.1041666716337204,0.020833333954215,0.0833333358168602,0.0416666679084301,0.0625,0.0625
CCT,110,0.9791666865348816,3.134766843756059,0.0625,0.0833333358168602,0.0625,0.0416666679084301,0.0625,0.020833333954215,0.125,0.0625,0.0625,0.0625
CCT,111,0.8125,2.799491053883995,0.3125,0.2916666865348816,0.3125,0.0,0.7291666865348816,0.4583333432674408,0.7083333730697632,0.2916666865348816,0.3541666865348816,0.3541666865348816
CCT,112,0.7708333730697632,2.908645017702763,0.3958333432674408,0.3958333432674408,0.3958333432674408,0.020833333954215,0.7916666865348816,0.3958333432674408,0.75,0.375,0.4166666865348816,0.4166666865348816
CCT,113,0.7708333730697632,3.020400035399983,0.4583333432674408,0.4583333432674408,0.4583333432674408,0.0,0.875,0.5833333730697632,0.7291666865348816,0.4583333432674408,0.4791666865348816,0.5
CCT,114,0.7291666865348816,2.9008671838570783,0.4583333432674408,0.5833333730697632,0.4583333432674408,0.020833333954215,0.8541666865348816,0.5208333730697632,0.8333333730697632,0.5208333730697632,0.4583333432674408,0.4583333432674408
CCT,115,0.7708333730697632,2.92189860955463,0.4375,0.3958333432674408,0.4375,0.0,0.8541666865348816,0.4166666865348816,0.7916666865348816,0.3333333432674408,0.4375,0.4375
CCT,116,0.75,3.2643019698027658,0.4583333432674408,0.3541666865348816,0.4583333432674408,0.0,0.7708333730697632,0.5625,0.7291666865348816,0.3541666865348816,0.4583333432674408,0.4583333432674408
CCT,117,0.4375,2.481384201784559,0.5625,0.4375,0.5625,0.020833333954215,1.0,0.9166666865348816,0.9166666865348816,0.4791666865348816,0.5625,0.5625
CCT,118,0.3541666865348816,2.702707788205389,0.625,0.5,0.6458333730697632,0.020833333954215,0.9791666865348816,0.8541666865348816,0.8958333730697632,0.4791666865348816,0.6666666865348816,0.6666666865348816
CCT,119,0.3541666865348816,2.726349628051489,0.6458333730697632,0.5208333730697632,0.6458333730697632,0.020833333954215,1.0,0.9166666865348816,0.9166666865348816,0.5208333730697632,0.6666666865348816,0.6666666865348816
CCT,120,0.2916666865348816,2.4696054030769417,0.5625,0.4375,0.5625,0.020833333954215,1.0,0.9166666865348816,0.8958333730697632,0.5,0.5833333730697632,0.5833333730697632
CCT,121,0.020833333954215,1.4113018815838037,0.1666666716337204,0.1875,0.1666666716337204,1.0,1.0,1.0,1.0,1.0,0.1666666716337204,0.1666666716337204
CCT,122,0.0625,1.367403866645753,0.25,0.375,0.25,1.0,1.0,1.0,1.0,1.0,0.25,0.25
CCT,123,0.0416666679084301,1.37856447457394,0.2916666865348816,0.2708333432674408,0.2916666865348816,0.9791666865348816,1.0,1.0,1.0,0.9791666865348816,0.3125,0.3125
CCT,124,0.0416666679084301,1.3696986469806216,0.1875,0.2916666865348816,0.1875,1.0,1.0,1.0,1.0,1.0,0.1875,0.1875
CCT,125,0.0416666679084301,1.343607169389976,0.3541666865348816,0.4375,0.3541666865348816,1.0,1.0,1.0,1.0,1.0,0.3541666865348816,0.3541666865348816
CCT,126,0.0625,1.368538661743867,0.1666666716337204,0.2291666716337204,0.1666666716337204,1.0,1.0,1.0,1.0,1.0,0.1666666716337204,0.1666666716337204
CCT,127,0.0,1.3622164875491471,0.1875,0.2708333432674408,0.1875,1.0,1.0,1.0,1.0,1.0,0.1875,0.1875
CCT,128,0.0,1.3237889998781078,0.25,0.3333333432674408,0.25,1.0,1.0,1.0,1.0,1.0,0.25,0.25
CCT,129,0.0416666679084301,1.3413110125447991,0.1875,0.25,0.1875,1.0,1.0,1.0,1.0,1.0,0.1875,0.1875
CCT,130,0.0833333358168602,1.3638407697128714,0.3333333432674408,0.4166666865348816,0.3333333432674408,1.0,1.0,1.0,1.0,1.0,0.3541666865348816,0.3541666865348816
CCT,131,0.0416666679084301,1.3263387099220625,0.1666666716337204,0.2708333432674408,0.1666666716337204,1.0,1.0,1.0,1.0,1.0,0.1666666716337204,0.1666666716337204
CCT,132,0.020833333954215,1.3026069839528345,0.3541666865348816,0.4375,0.3541666865348816,1.0,1.0,1.0,1.0,1.0,0.375,0.375
CCT,133,0.020833333954215,1.2996209201411673,0.3958333432674408,0.4375,0.3958333432674408,1.0,1.0,1.0,1.0,1.0,0.3958333432674408,0.3958333432674408
CCT,134,0.0,1.252599740964749,0.2291666716337204,0.2916666865348816,0.2291666716337204,1.0,1.0,1.0,1.0,1.0,0.2291666716337204,0.2291666716337204
CCT,135,0.0,1.1824380469964917,0.2708333432674408,0.2916666865348816,0.2708333432674408,1.0,1.0,1.0,1.0,1.0,0.2708333432674408,0.2708333432674408
CCT,136,0.0,1.2389966531456194,0.25,0.3958333432674408,0.25,1.0,1.0,1.0,1.0,1.0,0.2708333432674408,0.2708333432674408
CCT,137,0.020833333954215,1.2503525878865454,0.2291666716337204,0.2916666865348816,0.2291666716337204,1.0,1.0,1.0,1.0,1.0,0.2291666716337204,0.2291666716337204
CCT,138,0.0,1.2247885890460175,0.25,0.3125,0.25,1.0,1.0,1.0,1.0,1.0,0.2708333432674408,0.2708333432674408
CCT,139,0.0,1.2321914614837377,0.375,0.4583333432674408,0.375,1.0,1.0,1.0,1.0,1.0,0.375,0.375
CCT,140,0.020833333954215,1.1349997851966762,0.2291666716337204,0.3541666865348816,0.2291666716337204,1.0,1.0,1.0,1.0,1.0,0.2291666716337204,0.2291666716337204
OfficeHome,0,0.4583333432674408,4.473394487105973,0.0416666679084301,0.0625,0.0416666679084301,0.125,0.0416666679084301,0.0625,0.0416666679084301,0.0416666679084301,0.5,0.4791666865348816
OfficeHome,1,0.2708333432674408,3.641610878447275,0.020833333954215,0.0416666679084301,0.020833333954215,0.125,0.1041666716337204,0.1041666716337204,0.0416666679084301,0.0416666679084301,0.6041666865348816,0.6041666865348816
OfficeHome,2,0.0625,3.748844059781924,0.0416666679084301,0.020833333954215,0.0416666679084301,0.25,0.3125,0.375,0.1458333432674408,0.1041666716337204,0.5416666865348816,0.5208333730697632
OfficeHome,3,0.1458333432674408,2.9851151207626576,0.020833333954215,0.020833333954215,0.020833333954215,0.0833333358168602,0.5,0.4583333432674408,0.2083333432674408,0.0416666679084301,0.6666666865348816,0.6458333730697632
OfficeHome,4,0.0833333358168602,2.914812334487806,0.020833333954215,0.0833333358168602,0.020833333954215,0.2291666716337204,0.7708333730697632,0.6666666865348816,0.375,0.0416666679084301,0.6458333730697632,0.6041666865348816
OfficeHome,5,0.020833333954215,2.6671640896301145,0.020833333954215,0.125,0.020833333954215,0.2708333432674408,0.9791666865348816,0.875,0.2916666865348816,0.020833333954215,0.5,0.4583333432674408
OfficeHome,6,0.0625,2.763475762877117,0.0,0.0416666679084301,0.0,0.3333333432674408,0.9375,0.9583333730697632,0.3541666865348816,0.0416666679084301,0.4583333432674408,0.4375
OfficeHome,7,0.020833333954215,2.4000971385520065,0.020833333954215,0.125,0.020833333954215,0.6458333730697632,1.0,1.0,0.4375,0.0,0.4791666865348816,0.3958333432674408
OfficeHome,8,0.0,2.250926643562366,0.1041666716337204,0.1666666716337204,0.1041666716337204,0.8541666865348816,1.0,1.0,0.4583333432674408,0.020833333954215,0.4791666865348816,0.3333333432674408
OfficeHome,9,0.020833333954215,2.076267857799151,0.1458333432674408,0.2916666865348816,0.1458333432674408,0.9166666865348816,1.0,1.0,0.4791666865348816,0.020833333954215,0.375,0.2708333432674408
OfficeHome,10,0.0,1.8712722990036448,0.3125,0.375,0.3333333432674408,0.9791666865348816,1.0,1.0,0.5208333730697632,0.0,0.1666666716337204,0.1458333432674408
OfficeHome,11,0.020833333954215,1.7392953813211496,0.3958333432674408,0.4166666865348816,0.3958333432674408,1.0,1.0,1.0,0.5208333730697632,0.0,0.1875,0.1666666716337204
OfficeHome,12,0.0,1.4153546032333266,0.6041666865348816,0.6458333730697632,0.6041666865348816,1.0,1.0,1.0,0.3541666865348816,0.0,0.1875,0.125
OfficeHome,13,0.0416666679084301,1.391275033109206,0.6875,0.6666666865348816,0.6875,1.0,1.0,1.0,0.25,0.0,0.0833333358168602,0.0625
OfficeHome,14,0.0,1.1593037265010402,0.75,0.6875,0.7708333730697632,1.0,1.0,1.0,0.3541666865348816,0.0,0.0833333358168602,0.0
OfficeHome,15,0.0416666679084301,1.2337952336438691,0.8541666865348816,0.875,0.8541666865348816,1.0,1.0,1.0,0.25,0.0,0.020833333954215,0.0
OfficeHome,16,0.0416666679084301,1.0057748557479318,0.9791666865348816,0.9583333730697632,0.9791666865348816,1.0,1.0,1.0,0.1458333432674408,0.0,0.0,0.0
OfficeHome,17,0.020833333954215,1.0420780438857784,0.9583333730697632,0.9583333730697632,0.9583333730697632,1.0,1.0,1.0,0.2708333432674408,0.0,0.020833333954215,0.020833333954215
OfficeHome,18,0.020833333954215,0.999998399064914,1.0,1.0,1.0,1.0,1.0,1.0,0.2291666716337204,0.0,0.0,0.0
OfficeHome,19,0.0,1.000010925308719,1.0,1.0,1.0,1.0,1.0,1.0,0.4166666865348816,0.0,0.0,0.0
OfficeHome,20,0.0416666679084301,0.9999983302393988,1.0,1.0,1.0,1.0,1.0,1.0,0.5,0.0,0.0,0.0
OfficeHome,21,0.4166666865348816,4.292439543192865,0.125,0.1041666716337204,0.125,0.0833333358168602,0.0416666679084301,0.1041666716337204,0.020833333954215,0.020833333954215,0.5833333730697632,0.6041666865348816
OfficeHome,22,0.375,4.428671391889163,0.0416666679084301,0.020833333954215,0.0416666679084301,0.1041666716337204,0.0625,0.1041666716337204,0.1041666716337204,0.1458333432674408,0.6666666865348816,0.7083333730697632
OfficeHome,23,0.375,4.219103478802773,0.0416666679084301,0.0625,0.0416666679084301,0.0416666679084301,0.020833333954215,0.0416666679084301,0.0625,0.020833333954215,0.625,0.625
OfficeHome,24,0.3333333432674408,4.365372565364703,0.020833333954215,0.0,0.020833333954215,0.0833333358168602,0.020833333954215,0.020833333954215,0.0416666679084301,0.0625,0.6875,0.7083333730697632
OfficeHome,25,0.4375,4.033769855599149,0.020833333954215,0.020833333954215,0.020833333954215,0.020833333954215,0.0416666679084301,0.020833333954215,0.1041666716337204,0.1041666716337204,0.6666666865348816,0.6875
OfficeHome,26,0.3125,3.902579888859876,0.020833333954215,0.020833333954215,0.020833333954215,0.0416666679084301,0.020833333954215,0.0416666679084301,0.0416666679084301,0.0625,0.75,0.7083333730697632
OfficeHome,27,0.2916666865348816,4.455463513226704,0.0416666679084301,0.0625,0.0416666679084301,0.0833333358168602,0.0625,0.0833333358168602,0.020833333954215,0.0625,0.625,0.625
OfficeHome,28,0.375,4.35119588570013,0.0625,0.0625,0.0625,0.1041666716337204,0.0833333358168602,0.0625,0.020833333954215,0.0416666679084301,0.6458333730697632,0.5833333730697632
OfficeHome,29,0.25,3.950461799932037,0.0,0.0,0.0,0.0,0.0416666679084301,0.0833333358168602,0.1041666716337204,0.0833333358168602,0.7291666865348816,0.7083333730697632
OfficeHome,30,0.2916666865348816,4.027037343681543,0.020833333954215,0.020833333954215,0.020833333954215,0.0625,0.0416666679084301,0.1041666716337204,0.0416666679084301,0.020833333954215,0.7291666865348816,0.7708333730697632
OfficeHome,31,0.2708333432674408,3.952906482239473,0.020833333954215,0.0,0.020833333954215,0.0416666679084301,0.0416666679084301,0.0416666679084301,0.0625,0.0416666679084301,0.7916666865348816,0.75
OfficeHome,32,0.3541666865348816,4.232037444961066,0.0416666679084301,0.0416666679084301,0.0416666679084301,0.0416666679084301,0.0416666679084301,0.0833333358168602,0.0625,0.0625,0.7291666865348816,0.75
OfficeHome,33,0.3125,4.199827103748229,0.0625,0.020833333954215,0.0625,0.0625,0.0416666679084301,0.0625,0.020833333954215,0.0416666679084301,0.5208333730697632,0.5416666865348816
OfficeHome,34,0.375,4.081144384971694,0.0833333358168602,0.0625,0.0833333358168602,0.0416666679084301,0.0416666679084301,0.0833333358168602,0.020833333954215,0.020833333954215,0.5833333730697632,0.6458333730697632
OfficeHome,35,0.4583333432674408,4.476391700651138,0.0416666679084301,0.0416666679084301,0.0416666679084301,0.0625,0.0625,0.0625,0.1041666716337204,0.0416666679084301,0.5833333730697632,0.6041666865348816
OfficeHome,36,0.4375,4.332708526354269,0.020833333954215,0.0416666679084301,0.0416666679084301,0.0416666679084301,0.0625,0.0416666679084301,0.0625,0.020833333954215,0.625,0.6041666865348816
OfficeHome,37,0.3333333432674408,4.557287009049965,0.020833333954215,0.020833333954215,0.020833333954215,0.0625,0.0,0.0416666679084301,0.020833333954215,0.020833333954215,0.4791666865348816,0.5416666865348816
OfficeHome,38,0.375,4.138739778684988,0.0416666679084301,0.020833333954215,0.0416666679084301,0.0625,0.020833333954215,0.0625,0.0416666679084301,0.0416666679084301,0.6666666865348816,0.6666666865348816
OfficeHome,39,0.3541666865348816,4.226189478567536,0.1041666716337204,0.1041666716337204,0.1041666716337204,0.1041666716337204,0.020833333954215,0.0625,0.0416666679084301,0.0625,0.625,0.625
OfficeHome,40,0.4583333432674408,4.248069385219087,0.0625,0.1041666716337204,0.0625,0.0625,0.0833333358168602,0.1041666716337204,0.0625,0.0625,0.6458333730697632,0.6458333730697632
OfficeHome,41,0.2708333432674408,4.203410985986764,0.020833333954215,0.0,0.020833333954215,0.0416666679084301,0.0416666679084301,0.0833333358168602,0.0416666679084301,0.0625,0.625,0.6666666865348816
OfficeHome,42,0.2708333432674408,3.793538523584322,0.020833333954215,0.0416666679084301,0.020833333954215,0.0416666679084301,0.0625,0.0416666679084301,0.0833333358168602,0.0833333358168602,0.625,0.6666666865348816
OfficeHome,43,0.2708333432674408,4.470539604726682,0.0,0.0416666679084301,0.0,0.0625,0.0625,0.1041666716337204,0.0833333358168602,0.0416666679084301,0.6041666865348816,0.5625
OfficeHome,44,0.2708333432674408,4.4967624014007335,0.0,0.0,0.0,0.0625,0.1041666716337204,0.1041666716337204,0.0625,0.020833333954215,0.5625,0.625
OfficeHome,45,0.3958333432674408,4.139451159212287,0.0416666679084301,0.0625,0.0416666679084301,0.0416666679084301,0.020833333954215,0.020833333954215,0.1041666716337204,0.0416666679084301,0.625,0.625
OfficeHome,46,0.375,3.8872439122137017,0.0833333358168602,0.0833333358168602,0.0833333358168602,0.0625,0.0416666679084301,0.0833333358168602,0.0625,0.0833333358168602,0.6875,0.6875
OfficeHome,47,0.2916666865348816,3.923369874649362,0.0833333358168602,0.0416666679084301,0.0833333358168602,0.020833333954215,0.0416666679084301,0.1041666716337204,0.1666666716337204,0.0625,0.6666666865348816,0.6875
OfficeHome,48,0.3125,4.189798950850632,0.0625,0.0416666679084301,0.0625,0.0833333358168602,0.0416666679084301,0.0416666679084301,0.0833333358168602,0.0625,0.5833333730697632,0.5833333730697632
OfficeHome,49,0.2916666865348816,3.870621173731384,0.0416666679084301,0.0416666679084301,0.0416666679084301,0.0833333358168602,0.0833333358168602,0.1458333432674408,0.0833333358168602,0.0416666679084301,0.6666666865348816,0.6875
OfficeHome,50,0.3958333432674408,3.984589895306317,0.020833333954215,0.0416666679084301,0.020833333954215,0.0833333358168602,0.1041666716337204,0.1666666716337204,0.0625,0.0,0.6041666865348816,0.6041666865348816
OfficeHome,51,0.25,3.9204318510474527,0.0,0.0,0.0,0.0625,0.0833333358168602,0.125,0.1666666716337204,0.125,0.6458333730697632,0.6041666865348816
OfficeHome,52,0.2916666865348816,3.623026337473653,0.0,0.0,0.0,0.1041666716337204,0.125,0.2083333432674408,0.1041666716337204,0.0625,0.7083333730697632,0.7083333730697632
OfficeHome,53,0.25,3.6534037175600367,0.0625,0.0625,0.0625,0.0833333358168602,0.0833333358168602,0.1041666716337204,0.0625,0.0416666679084301,0.6458333730697632,0.6666666865348816
OfficeHome,54,0.2916666865348816,4.035402947428847,0.020833333954215,0.020833333954215,0.020833333954215,0.0833333358168602,0.1041666716337204,0.1458333432674408,0.125,0.0833333358168602,0.6666666865348816,0.6666666865348816
OfficeHome,55,0.1875,4.196880821084469,0.020833333954215,0.020833333954215,0.020833333954215,0.0,0.0625,0.0833333358168602,0.1666666716337204,0.125,0.5833333730697632,0.6041666865348816
OfficeHome,56,0.25,3.9123577921834345,0.0416666679084301,0.020833333954215,0.0416666679084301,0.125,0.1458333432674408,0.1458333432674408,0.125,0.0833333358168602,0.6041666865348816,0.6041666865348816
OfficeHome,57,0.0833333358168602,3.5094523990551227,0.020833333954215,0.020833333954215,0.020833333954215,0.1458333432674408,0.1458333432674408,0.2083333432674408,0.2708333432674408,0.1875,0.7708333730697632,0.8125
OfficeHome,58,0.1875,3.9734737486610863,0.0416666679084301,0.0416666679084301,0.0416666679084301,0.0833333358168602,0.2083333432674408,0.2708333432674408,0.0833333358168602,0.0833333358168602,0.5416666865348816,0.5208333730697632
OfficeHome,59,0.125,3.706735783546648,0.0,0.020833333954215,0.0,0.0833333358168602,0.1666666716337204,0.1666666716337204,0.2083333432674408,0.125,0.75,0.7708333730697632
OfficeHome,60,0.1875,3.582656593757685,0.0,0.0,0.0,0.1458333432674408,0.2083333432674408,0.25,0.2916666865348816,0.2083333432674408,0.7291666865348816,0.75
OfficeHome,61,0.3333333432674408,4.230844010523821,0.0833333358168602,0.0625,0.0833333358168602,0.0625,0.0416666679084301,0.0416666679084301,0.0625,0.0416666679084301,0.5416666865348816,0.5625
OfficeHome,62,0.3958333432674408,4.089139432144019,0.1041666716337204,0.0833333358168602,0.1041666716337204,0.1041666716337204,0.0625,0.0625,0.020833333954215,0.020833333954215,0.75,0.7291666865348816
OfficeHome,63,0.2708333432674408,3.833132190788503,0.020833333954215,0.0,0.020833333954215,0.0,0.0625,0.020833333954215,0.020833333954215,0.0,0.7708333730697632,0.8125
OfficeHome,64,0.25,4.1282147055661165,0.0416666679084301,0.0625,0.0416666679084301,0.0416666679084301,0.0625,0.0416666679084301,0.0416666679084301,0.020833333954215,0.6041666865348816,0.625
OfficeHome,65,0.3125,4.213329018059702,0.0833333358168602,0.0625,0.0833333358168602,0.0416666679084301,0.0416666679084301,0.020833333954215,0.020833333954215,0.020833333954215,0.6458333730697632,0.6458333730697632
OfficeHome,66,0.2083333432674408,3.9193185295101474,0.0625,0.020833333954215,0.0625,0.0625,0.0833333358168602,0.0833333358168602,0.0625,0.020833333954215,0.7083333730697632,0.7083333730697632
OfficeHome,67,0.3333333432674408,3.796883443633348,0.020833333954215,0.0,0.020833333954215,0.020833333954215,0.020833333954215,0.020833333954215,0.0,0.0,0.7083333730697632,0.7083333730697632
OfficeHome,68,0.2916666865348816,4.136290691544565,0.0416666679084301,0.0625,0.0416666679084301,0.0625,0.0416666679084301,0.0625,0.0,0.020833333954215,0.5416666865348816,0.5416666865348816
OfficeHome,69,0.25,3.893963209632349,0.0625,0.0416666679084301,0.0625,0.020833333954215,0.0625,0.0625,0.0416666679084301,0.0416666679084301,0.6875,0.6458333730697632
OfficeHome,70,0.1875,3.569001611499935,0.0,0.020833333954215,0.0,0.0,0.0,0.0625,0.0,0.0,0.7916666865348816,0.75
OfficeHome,71,0.2291666716337204,3.753593295647416,0.020833333954215,0.0416666679084301,0.020833333954215,0.0,0.020833333954215,0.0416666679084301,0.020833333954215,0.020833333954215,0.7083333730697632,0.75
OfficeHome,72,0.2083333432674408,3.892368109487159,0.0416666679084301,0.0625,0.0416666679084301,0.0416666679084301,0.0416666679084301,0.0625,0.0625,0.0416666679084301,0.6875,0.6666666865348816
OfficeHome,73,0.1666666716337204,3.4799268035474777,0.0,0.0,0.0,0.020833333954215,0.020833333954215,0.020833333954215,0.020833333954215,0.020833333954215,0.7291666865348816,0.7083333730697632
OfficeHome,74,0.1458333432674408,3.623420845327994,0.0,0.020833333954215,0.0,0.0416666679084301,0.0416666679084301,0.0833333358168602,0.0,0.020833333954215,0.75,0.6875
OfficeHome,75,0.1666666716337204,3.7489536300024593,0.020833333954215,0.020833333954215,0.020833333954215,0.020833333954215,0.0416666679084301,0.020833333954215,0.0,0.020833333954215,0.7083333730697632,0.75
OfficeHome,76,0.2083333432674408,3.996350248775804,0.0416666679084301,0.0625,0.0416666679084301,0.020833333954215,0.0,0.0625,0.0,0.0,0.7291666865348816,0.7083333730697632
OfficeHome,77,0.2291666716337204,4.154400061159784,0.0416666679084301,0.0416666679084301,0.0416666679084301,0.0,0.0416666679084301,0.020833333954215,0.020833333954215,0.020833333954215,0.6458333730697632,0.6458333730697632
OfficeHome,78,0.25,4.308039534516159,0.020833333954215,0.020833333954215,0.020833333954215,0.020833333954215,0.020833333954215,0.0416666679084301,0.0,0.0,0.6041666865348816,0.625
OfficeHome,79,0.1666666716337204,3.672345050005556,0.0,0.020833333954215,0.0,0.020833333954215,0.020833333954215,0.0833333358168602,0.020833333954215,0.0416666679084301,0.7291666865348816,0.75
OfficeHome,80,0.1666666716337204,3.571485386700125,0.0416666679084301,0.020833333954215,0.0416666679084301,0.0416666679084301,0.0625,0.1041666716337204,0.0416666679084301,0.0416666679084301,0.7291666865348816,0.7916666865348816
OfficeHome,81,0.3125,4.239424349879211,0.0625,0.020833333954215,0.0625,0.0416666679084301,0.0625,0.0833333358168602,0.0833333358168602,0.0625,0.625,0.6458333730697632
OfficeHome,82,0.4166666865348816,4.514504793367775,0.0625,0.0416666679084301,0.0625,0.0833333358168602,0.0625,0.125,0.0833333358168602,0.0625,0.5833333730697632,0.625
OfficeHome,83,0.4375,4.209399356431736,0.0833333358168602,0.0625,0.0625,0.1041666716337204,0.0625,0.0833333358168602,0.1041666716337204,0.0833333358168602,0.6041666865348816,0.625
OfficeHome,84,0.375,4.260758057240452,0.125,0.125,0.125,0.1041666716337204,0.0416666679084301,0.0833333358168602,0.0625,0.0416666679084301,0.5625,0.5625
OfficeHome,85,0.3125,4.319564229420876,0.020833333954215,0.020833333954215,0.020833333954215,0.020833333954215,0.0625,0.0625,0.0416666679084301,0.0416666679084301,0.625,0.6041666865348816
OfficeHome,86,0.3958333432674408,4.244907265738997,0.0625,0.0625,0.0625,0.0625,0.0625,0.0625,0.020833333954215,0.020833333954215,0.5833333730697632,0.6041666865348816
OfficeHome,87,0.375,4.001750023412972,0.0625,0.0416666679084301,0.0625,0.0416666679084301,0.0416666679084301,0.0416666679084301,0.0625,0.0416666679084301,0.625,0.6041666865348816
OfficeHome,88,0.2916666865348816,4.117645033513257,0.0833333358168602,0.0625,0.0833333358168602,0.0625,0.0416666679084301,0.020833333954215,0.0625,0.0,0.7083333730697632,0.6875
OfficeHome,89,0.3333333432674408,4.295882746077899,0.020833333954215,0.0416666679084301,0.020833333954215,0.0625,0.0625,0.125,0.0416666679084301,0.0416666679084301,0.6875,0.625
OfficeHome,90,0.2708333432674408,4.132804816839976,0.020833333954215,0.020833333954215,0.020833333954215,0.0625,0.0625,0.1041666716337204,0.0625,0.0625,0.6458333730697632,0.6666666865348816
OfficeHome,91,0.375,3.993146833986466,0.020833333954215,0.020833333954215,0.020833333954215,0.0833333358168602,0.125,0.1041666716337204,0.0625,0.0625,0.7083333730697632,0.6458333730697632
OfficeHome,92,0.3333333432674408,4.004019063005076,0.0416666679084301,0.020833333954215,0.0416666679084301,0.0416666679084301,0.0416666679084301,0.0416666679084301,0.0625,0.0416666679084301,0.6666666865348816,0.7083333730697632
OfficeHome,93,0.375,4.252078333840808,0.0416666679084301,0.0625,0.0416666679084301,0.0833333358168602,0.1041666716337204,0.1458333432674408,0.0833333358168602,0.0833333358168602,0.6458333730697632,0.6458333730697632
OfficeHome,94,0.2916666865348816,4.339619434007823,0.0833333358168602,0.020833333954215,0.0833333358168602,0.0833333358168602,0.020833333954215,0.0625,0.0,0.020833333954215,0.5416666865348816,0.5625
OfficeHome,95,0.2916666865348816,3.927267601238177,0.0416666679084301,0.0625,0.0416666679084301,0.0416666679084301,0.020833333954215,0.0416666679084301,0.020833333954215,0.0,0.6041666865348816,0.6458333730697632
OfficeHome,96,0.3958333432674408,4.440426239317418,0.0833333358168602,0.0416666679084301,0.0625,0.1458333432674408,0.0833333358168602,0.1458333432674408,0.020833333954215,0.020833333954215,0.5208333730697632,0.5208333730697632
OfficeHome,97,0.375,4.325633813974034,0.0833333358168602,0.0416666679084301,0.0833333358168602,0.0833333358168602,0.0416666679084301,0.0833333358168602,0.0416666679084301,0.020833333954215,0.5833333730697632,0.625
OfficeHome,98,0.25,4.097904223880712,0.0625,0.0625,0.0625,0.1041666716337204,0.0625,0.0833333358168602,0.0625,0.0,0.5625,0.5833333730697632
OfficeHome,99,0.4375,4.174002944459443,0.0833333358168602,0.0625,0.0833333358168602,0.0625,0.020833333954215,0.0625,0.0416666679084301,0.0416666679084301,0.5416666865348816,0.5833333730697632
OfficeHome,100,0.25,4.224358995159637,0.0833333358168602,0.0625,0.0833333358168602,0.0833333358168602,0.0,0.0833333358168602,0.0416666679084301,0.020833333954215,0.625,0.6458333730697632
OfficeHome,101,0.3541666865348816,4.114531917800139,0.0416666679084301,0.0625,0.0416666679084301,0.125,0.0625,0.1041666716337204,0.0625,0.0416666679084301,0.6041666865348816,0.5833333730697632
OfficeHome,102,0.3125,4.117865275162576,0.0416666679084301,0.020833333954215,0.0416666679084301,0.020833333954215,0.0625,0.0416666679084301,0.020833333954215,0.0625,0.6666666865348816,0.6875
OfficeHome,103,0.2916666865348816,3.8908231143171896,0.020833333954215,0.020833333954215,0.020833333954215,0.0416666679084301,0.0,0.0625,0.020833333954215,0.020833333954215,0.625,0.6458333730697632
OfficeHome,104,0.3541666865348816,4.31235572023868,0.0416666679084301,0.020833333954215,0.0416666679084301,0.0625,0.0625,0.0833333358168602,0.020833333954215,0.020833333954215,0.6041666865348816,0.6041666865348816
OfficeHome,105,0.4375,4.37503649363474,0.0833333358168602,0.0833333358168602,0.0833333358168602,0.0416666679084301,0.0416666679084301,0.0416666679084301,0.020833333954215,0.0625,0.6041666865348816,0.625
OfficeHome,106,0.2291666716337204,3.770903188075608,0.020833333954215,0.0,0.020833333954215,0.020833333954215,0.020833333954215,0.020833333954215,0.0625,0.0833333358168602,0.8333333730697632,0.8333333730697632
OfficeHome,107,0.375,3.9748238299714087,0.0416666679084301,0.020833333954215,0.0416666679084301,0.0625,0.0416666679084301,0.0833333358168602,0.125,0.0833333358168602,0.6666666865348816,0.6875
OfficeHome,108,0.375,4.086775963944769,0.0416666679084301,0.0416666679084301,0.0416666679084301,0.0625,0.0625,0.0625,0.020833333954215,0.020833333954215,0.6041666865348816,0.5208333730697632
OfficeHome,109,0.25,4.573281783529663,0.0416666679084301,0.0416666679084301,0.0416666679084301,0.0625,0.0416666679084301,0.0625,0.0,0.0,0.5833333730697632,0.6041666865348816
OfficeHome,110,0.375,3.950224214252835,0.0625,0.0625,0.0625,0.020833333954215,0.0,0.020833333954215,0.0416666679084301,0.0625,0.6666666865348816,0.7083333730697632
OfficeHome,111,0.3333333432674408,4.007361780637608,0.0625,0.0625,0.0625,0.0416666679084301,0.0833333358168602,0.0833333358168602,0.0416666679084301,0.0833333358168602,0.6875,0.6875
OfficeHome,112,0.2291666716337204,3.947400716308571,0.0416666679084301,0.020833333954215,0.0416666679084301,0.0416666679084301,0.0416666679084301,0.0416666679084301,0.125,0.125,0.7291666865348816,0.7083333730697632
OfficeHome,113,0.3333333432674408,3.887694031084497,0.0416666679084301,0.0416666679084301,0.0416666679084301,0.0625,0.0833333358168602,0.0625,0.0625,0.0416666679084301,0.8333333730697632,0.8125
OfficeHome,114,0.1875,3.913583436961892,0.0,0.0,0.0,0.0416666679084301,0.0,0.020833333954215,0.0416666679084301,0.0416666679084301,0.75,0.7708333730697632
OfficeHome,115,0.3333333432674408,4.450663346479805,0.0625,0.1041666716337204,0.0625,0.0416666679084301,0.020833333954215,0.0416666679084301,0.0416666679084301,0.0416666679084301,0.625,0.6041666865348816
OfficeHome,116,0.2916666865348816,3.900970748309542,0.020833333954215,0.020833333954215,0.020833333954215,0.0416666679084301,0.020833333954215,0.0833333358168602,0.0625,0.0416666679084301,0.6666666865348816,0.6458333730697632
OfficeHome,117,0.25,3.673667876411775,0.0833333358168602,0.0416666679084301,0.0833333358168602,0.0833333358168602,0.0625,0.1666666716337204,0.0416666679084301,0.0416666679084301,0.625,0.5833333730697632
OfficeHome,118,0.2083333432674408,3.581582915717257,0.0625,0.0416666679084301,0.0625,0.0625,0.0,0.1041666716337204,0.0625,0.0416666679084301,0.625,0.625
OfficeHome,119,0.2291666716337204,3.746032675128372,0.0625,0.0625,0.0625,0.1041666716337204,0.125,0.125,0.1041666716337204,0.0625,0.6666666865348816,0.5625
OfficeHome,120,0.1875,3.793371965837025,0.020833333954215,0.0416666679084301,0.020833333954215,0.1041666716337204,0.0625,0.125,0.0,0.020833333954215,0.6666666865348816,0.6666666865348816
OfficeHome,121,0.020833333954215,1.9633216080811795,0.5625,0.4166666865348816,0.5625,0.9166666865348816,1.0,0.9791666865348816,0.5833333730697632,0.25,0.2083333432674408,0.1458333432674408
OfficeHome,122,0.0416666679084301,1.9615384766278845,0.5,0.3958333432674408,0.5,0.9166666865348816,1.0,0.9791666865348816,0.6041666865348816,0.2291666716337204,0.1666666716337204,0.125
OfficeHome,123,0.0625,1.8037979661101664,0.5833333730697632,0.3333333432674408,0.5625,0.9375,1.0,0.9166666865348816,0.5208333730697632,0.2083333432674408,0.1875,0.125
OfficeHome,124,0.1041666716337204,1.5420546686491805,0.5833333730697632,0.5208333730697632,0.5833333730697632,0.9375,1.0,0.8958333730697632,0.4791666865348816,0.125,0.125,0.0833333358168602
OfficeHome,125,0.0416666679084301,1.6490626528974004,0.5,0.4583333432674408,0.5,1.0,1.0,1.0,0.6041666865348816,0.0833333358168602,0.2083333432674408,0.1666666716337204
OfficeHome,126,0.020833333954215,1.5766312310818846,0.5416666865348816,0.5208333730697632,0.5416666865348816,1.0,1.0,1.0,0.5,0.1041666716337204,0.1458333432674408,0.125
OfficeHome,127,0.0625,1.3973626499474017,0.7291666865348816,0.6875,0.7291666865348816,1.0,1.0,1.0,0.4375,0.020833333954215,0.1041666716337204,0.0833333358168602
OfficeHome,128,0.0416666679084301,1.358591860605487,0.7291666865348816,0.7291666865348816,0.7291666865348816,1.0,1.0,1.0,0.5416666865348816,0.0416666679084301,0.125,0.0833333358168602
OfficeHome,129,0.020833333954215,1.4219293670696087,0.625,0.625,0.625,1.0,1.0,1.0,0.5416666865348816,0.0416666679084301,0.1458333432674408,0.0833333358168602
OfficeHome,130,0.020833333954215,1.2636163659146935,0.75,0.8125,0.75,1.0,1.0,1.0,0.4583333432674408,0.0,0.0625,0.0416666679084301
OfficeHome,131,0.0,1.040931961403137,0.8541666865348816,0.9166666865348816,0.8541666865348816,1.0,1.0,1.0,0.2291666716337204,0.0,0.020833333954215,0.0
OfficeHome,132,0.0416666679084301,1.0155184151393,0.9375,0.9583333730697632,0.9375,1.0,1.0,1.0,0.25,0.0,0.0,0.0
OfficeHome,133,0.0,1.0278317127996075,0.9166666865348816,0.9375,0.9166666865348816,1.0,1.0,1.0,0.3333333432674408,0.0,0.0,0.0
OfficeHome,134,0.020833333954215,1.000162754395718,0.9791666865348816,1.0,1.0,1.0,1.0,1.0,0.1875,0.0,0.0,0.0
OfficeHome,135,0.0,0.9999994314476452,1.0,1.0,1.0,1.0,1.0,1.0,0.3958333432674408,0.0,0.0,0.0
OfficeHome,136,0.0,0.999999569098676,1.0,1.0,1.0,1.0,1.0,1.0,0.3333333432674408,0.0,0.0,0.0
OfficeHome,137,0.0416666679084301,1.0001970983279087,0.9791666865348816,0.9791666865348816,0.9791666865348816,1.0,1.0,1.0,0.3541666865348816,0.0,0.0,0.0
OfficeHome,138,0.020833333954215,0.9999924800705886,1.0,1.0,1.0,1.0,1.0,1.0,0.4583333432674408,0.0,0.0,0.0
OfficeHome,139,0.020833333954215,0.9999980549373372,1.0,1.0,1.0,1.0,1.0,1.0,0.5416666865348816,0.0,0.0,0.0
OfficeHome,140,0.0416666679084301,1.0033892945582348,0.9791666865348816,0.9791666865348816,0.9791666865348816,1.0,1.0,1.0,0.5416666865348816,0.0,0.0,0.0
Office31,0,0.8333333730697632,4.240855920599781,0.0,0.0416666679084301,0.02083333395421505,0.02083333395421505,0.1041666716337204,0.02083333395421505,0.0833333358168602,0.02083333395421505,0.2291666716337204,0.2291666716337204
Office31,1,0.75,4.18835554214141,0.0,0.02083333395421505,0.02083333395421505,0.0,0.1666666716337204,0.1041666716337204,0.125,0.02083333395421505,0.2291666716337204,0.2083333432674408
Office31,2,0.3958333432674408,3.3463004135626173,0.0,0.0416666679084301,0.02083333395421505,0.02083333395421505,0.8333333730697632,0.1875,0.7708333730697632,0.0,0.4583333432674408,0.4583333432674408
Office31,3,0.3333333432674408,2.682709295843141,0.0,0.02083333395421505,0.0,0.0,1.0,0.4166666865348816,0.9375,0.0,0.5,0.4583333432674408
Office31,4,0.1458333432674408,2.0549246525167826,0.0,0.0,0.0,0.0,1.0,0.5208333730697632,1.0,0.0,0.5625,0.5
Office31,5,0.1041666716337204,1.9067565323336033,0.0,0.02083333395421505,0.0,0.0,1.0,0.7708333730697632,1.0,0.0,0.5208333730697632,0.5208333730697632
Office31,6,0.02083333395421505,1.643324532026467,0.0,0.0,0.0,0.0,1.0,0.9583333730697632,1.0,0.0,0.5,0.5
Office31,7,0.02083333395421505,1.6688943122102893,0.0,0.02083333395421505,0.0,0.0,1.0,1.0,1.0,0.0,0.6458333730697632,0.5833333730697632
Office31,8,0.0833333358168602,1.5857718101327278,0.0,0.02083333395421505,0.0,0.0,1.0,0.9791666865348816,1.0,0.0,0.6458333730697632,0.6041666865348816
Office31,9,0.0,1.5469200819846887,0.0,0.02083333395421505,0.0,0.02083333395421505,1.0,1.0,1.0,0.0,0.8125,0.75
Office31,10,0.125,1.4145416362452796,0.0,0.1041666716337204,0.0,0.02083333395421505,1.0,1.0,1.0,0.0,0.5,0.4791666865348816
Office31,11,0.0416666679084301,1.2321988946394022,0.0,0.0833333358168602,0.0,0.0,1.0,1.0,1.0,0.0,0.5625,0.5625
Office31,12,0.02083333395421505,1.2965437313470947,0.0,0.125,0.0,0.0625,1.0,1.0,1.0,0.0,0.3541666865348816,0.3333333432674408
Office31,13,0.0416666679084301,1.2499637237244674,0.0,0.4375,0.0,0.1041666716337204,1.0,1.0,1.0,0.0,0.2291666716337204,0.2083333432674408
Office31,14,0.0,1.1895295528024874,0.0,0.5208333730697632,0.0,0.2291666716337204,1.0,1.0,1.0,0.0,0.1875,0.1875
Office31,15,0.0416666679084301,1.31733688311029,0.0,0.6875,0.0,0.375,1.0,1.0,1.0,0.0,0.1041666716337204,0.1041666716337204
Office31,16,0.0416666679084301,1.2483749555266956,0.0,0.7291666865348816,0.0,0.625,1.0,1.0,1.0,0.0,0.0625,0.0625
Office31,17,0.02083333395421505,1.0721469480120862,0.0,0.8541666865348816,0.0,0.8125,1.0,1.0,1.0,0.0,0.0625,0.0625
Office31,18,0.0416666679084301,1.129215551230417,0.0,0.8958333730697632,0.0,0.875,1.0,1.0,1.0,0.0,0.0,0.0
Office31,19,0.0416666679084301,1.111364759076602,0.0,0.8541666865348816,0.0,0.8958333730697632,1.0,1.0,1.0,0.0,0.0625,0.0416666679084301
Office31,20,0.02083333395421505,1.016579222808346,0.0,0.9166666865348816,0.0,0.9166666865348816,1.0,1.0,1.0,0.0,0.0416666679084301,0.0416666679084301
Office31,21,0.8541666865348816,4.701994031714103,0.0,0.02083333395421505,0.02083333395421505,0.0,0.0625,0.0,0.02083333395421505,0.0625,0.1458333432674408,0.1458333432674408
Office31,22,0.7708333730697632,4.474549379254587,0.0,0.0625,0.0416666679084301,0.02083333395421505,0.125,0.0416666679084301,0.1041666716337204,0.0833333358168602,0.2083333432674408,0.2083333432674408
Office31,23,0.8125,4.475251950115914,0.0,0.1041666716337204,0.125,0.0416666679084301,0.1458333432674408,0.0416666679084301,0.1041666716337204,0.1041666716337204,0.1875,0.1875
Office31,24,0.7916666865348816,4.609670108830074,0.0,0.0625,0.0625,0.0,0.1458333432674408,0.0625,0.0833333358168602,0.0625,0.2916666865348816,0.2916666865348816
Office31,25,0.8958333730697632,4.3360501427785545,0.0,0.0416666679084301,0.0416666679084301,0.0,0.125,0.1041666716337204,0.0625,0.0416666679084301,0.1458333432674408,0.1458333432674408
Office31,26,0.7708333730697632,4.548610589275061,0.0,0.02083333395421505,0.02083333395421505,0.0,0.1458333432674408,0.0416666679084301,0.125,0.0416666679084301,0.2916666865348816,0.2916666865348816
Office31,27,0.75,4.520357439896353,0.0,0.0416666679084301,0.02083333395421505,0.02083333395421505,0.2291666716337204,0.02083333395421505,0.125,0.02083333395421505,0.25,0.2708333432674408
Office31,28,0.7083333730697632,4.367232230791137,0.0,0.0,0.0416666679084301,0.0416666679084301,0.1875,0.0833333358168602,0.1666666716337204,0.0416666679084301,0.3125,0.2916666865348816
Office31,29,0.7083333730697632,4.272778571158197,0.0,0.0416666679084301,0.0625,0.0416666679084301,0.25,0.125,0.1875,0.0,0.3125,0.3125
Office31,30,0.8125,4.464442489967359,0.0,0.02083333395421505,0.02083333395421505,0.0,0.25,0.1041666716337204,0.1458333432674408,0.02083333395421505,0.2083333432674408,0.2083333432674408
Office31,31,0.7916666865348816,4.687020903185181,0.0,0.0416666679084301,0.0416666679084301,0.0416666679084301,0.25,0.0625,0.1666666716337204,0.02083333395421505,0.2291666716337204,0.2083333432674408
Office31,32,0.8541666865348816,4.409239471169787,0.0,0.02083333395421505,0.0,0.02083333395421505,0.25,0.1041666716337204,0.1458333432674408,0.02083333395421505,0.3125,0.3125
Office31,33,0.7083333730697632,4.719265381853664,0.0,0.02083333395421505,0.0416666679084301,0.02083333395421505,0.2291666716337204,0.0625,0.2083333432674408,0.02083333395421505,0.2291666716337204,0.2291666716337204
Office31,34,0.7083333730697632,4.534063077733447,0.0,0.02083333395421505,0.02083333395421505,0.02083333395421505,0.2083333432674408,0.0625,0.125,0.02083333395421505,0.3125,0.2916666865348816
Office31,35,0.75,4.346080773394706,0.0,0.0625,0.0416666679084301,0.02083333395421505,0.2291666716337204,0.0833333358168602,0.1041666716337204,0.0416666679084301,0.25,0.25
Office31,36,0.9375,4.594896849597909,0.0,0.0416666679084301,0.0416666679084301,0.0416666679084301,0.1041666716337204,0.0416666679084301,0.0625,0.0416666679084301,0.1666666716337204,0.1666666716337204
Office31,37,0.8125,4.6704312009502615,0.0,0.0625,0.0416666679084301,0.0625,0.1458333432674408,0.0416666679084301,0.0416666679084301,0.02083333395421505,0.125,0.125
Office31,38,0.8958333730697632,4.72677452088718,0.0,0.0416666679084301,0.0625,0.02083333395421505,0.0625,0.0,0.02083333395421505,0.0625,0.125,0.1041666716337204
Office31,39,0.75,4.71445750664904,0.0,0.0416666679084301,0.0,0.0,0.1458333432674408,0.0625,0.1041666716337204,0.02083333395421505,0.1666666716337204,0.1666666716337204
Office31,40,0.7708333730697632,4.548440452600962,0.0,0.02083333395421505,0.0,0.0,0.125,0.0416666679084301,0.0833333358168602,0.0416666679084301,0.2916666865348816,0.2708333432674408
Office31,41,0.7708333730697632,4.476280478618231,0.0,0.02083333395421505,0.0416666679084301,0.0,0.125,0.0625,0.0625,0.0625,0.2708333432674408,0.2708333432674408
Office31,42,0.75,4.454712764504589,0.0,0.0,0.0,0.0,0.0625,0.0833333358168602,0.0625,0.0,0.2916666865348816,0.2916666865348816
Office31,43,0.8541666865348816,4.355894741288341,0.0,0.02083333395421505,0.0416666679084301,0.0416666679084301,0.0625,0.0416666679084301,0.02083333395421505,0.02083333395421505,0.2291666716337204,0.2291666716337204
Office31,44,0.9166666865348816,4.658223206328534,0.0,0.02083333395421505,0.0416666679084301,0.02083333395421505,0.1041666716337204,0.0,0.02083333395421505,0.02083333395421505,0.1458333432674408,0.125
Office31,45,0.9166666865348816,4.885291245567715,0.0,0.02083333395421505,0.0416666679084301,0.02083333395421505,0.125,0.0416666679084301,0.0625,0.0625,0.125,0.1041666716337204
Office31,46,0.7916666865348816,4.546324205653073,0.0,0.0,0.0,0.0,0.0833333358168602,0.02083333395421505,0.0625,0.0416666679084301,0.2083333432674408,0.1875
Office31,47,0.7916666865348816,4.679436881990897,0.0,0.0416666679084301,0.02083333395421505,0.02083333395421505,0.1458333432674408,0.0833333358168602,0.1041666716337204,0.02083333395421505,0.2083333432674408,0.2083333432674408
Office31,48,0.7916666865348816,4.531060082844989,0.0,0.0833333358168602,0.0833333358168602,0.02083333395421505,0.1458333432674408,0.0625,0.0625,0.1041666716337204,0.1666666716337204,0.1458333432674408
Office31,49,0.6875,4.713496151849765,0.0,0.0416666679084301,0.0625,0.02083333395421505,0.1875,0.1458333432674408,0.1041666716337204,0.0416666679084301,0.2291666716337204,0.2083333432674408
Office31,50,0.8333333730697632,4.763027397573261,0.0,0.1041666716337204,0.1041666716337204,0.1041666716337204,0.1666666716337204,0.125,0.0625,0.0625,0.1666666716337204,0.1458333432674408
Office31,51,0.8125,4.470930533654222,0.0,0.0625,0.02083333395421505,0.02083333395421505,0.1041666716337204,0.1041666716337204,0.0625,0.0625,0.2083333432674408,0.2083333432674408
Office31,52,0.8125,4.164697184171611,0.0,0.0833333358168602,0.0416666679084301,0.02083333395421505,0.0833333358168602,0.125,0.0625,0.0833333358168602,0.2708333432674408,0.2708333432674408
Office31,53,0.7916666865348816,4.589697494861621,0.0,0.0416666679084301,0.02083333395421505,0.0416666679084301,0.1666666716337204,0.125,0.1041666716337204,0.0416666679084301,0.2291666716337204,0.2291666716337204
Office31,54,0.8125,4.511708275025552,0.0,0.0,0.02083333395421505,0.02083333395421505,0.0625,0.0625,0.0625,0.0625,0.2708333432674408,0.2083333432674408
Office31,55,0.7708333730697632,4.416586181986931,0.0,0.02083333395421505,0.0416666679084301,0.02083333395421505,0.1666666716337204,0.125,0.1458333432674408,0.02083333395421505,0.3333333432674408,0.2916666865348816
Office31,56,0.7291666865348816,4.415297768338418,0.0,0.02083333395421505,0.02083333395421505,0.02083333395421505,0.0833333358168602,0.0833333358168602,0.0625,0.0416666679084301,0.3333333432674408,0.2708333432674408
Office31,57,0.7916666865348816,4.885641429790131,0.0,0.02083333395421505,0.0416666679084301,0.02083333395421505,0.1875,0.0625,0.1041666716337204,0.02083333395421505,0.1875,0.2083333432674408
Office31,58,0.75,4.587569960529204,0.0,0.0416666679084301,0.0625,0.0416666679084301,0.1666666716337204,0.0833333358168602,0.1041666716337204,0.0625,0.2291666716337204,0.2291666716337204
Office31,59,0.8125,4.576046642134796,0.0,0.02083333395421505,0.02083333395421505,0.0,0.0625,0.0,0.0625,0.0625,0.2916666865348816,0.2916666865348816
Office31,60,0.6875,4.557929013457729,0.0,0.0,0.0,0.0,0.0416666679084301,0.0416666679084301,0.0416666679084301,0.02083333395421505,0.2916666865348816,0.2916666865348816
Office31,61,0.75,4.389204363633341,0.0,0.0,0.0416666679084301,0.0416666679084301,0.1458333432674408,0.1041666716337204,0.1041666716337204,0.0625,0.2916666865348816,0.2916666865348816
Office31,62,0.6875,4.215786914866097,0.0,0.02083333395421505,0.0,0.02083333395421505,0.0625,0.0625,0.0416666679084301,0.0416666679084301,0.3125,0.3125
Office31,63,0.8958333730697632,4.568984593649397,0.0,0.0625,0.0625,0.0,0.1041666716337204,0.0416666679084301,0.0625,0.0625,0.125,0.1041666716337204
Office31,64,0.7291666865348816,4.561665688340479,0.0,0.02083333395421505,0.0,0.0,0.0416666679084301,0.02083333395421505,0.0625,0.02083333395421505,0.2916666865348816,0.2916666865348816
Office31,65,0.8541666865348816,4.505966850529879,0.0,0.0416666679084301,0.0416666679084301,0.02083333395421505,0.1458333432674408,0.0833333358168602,0.0416666679084301,0.0625,0.125,0.125
Office31,66,0.7291666865348816,4.293594160039417,0.0,0.0,0.0,0.0,0.02083333395421505,0.02083333395421505,0.02083333395421505,0.02083333395421505,0.2083333432674408,0.2083333432674408
Office31,67,0.8541666865348816,4.770402189200692,0.0,0.0,0.02083333395421505,0.0,0.0416666679084301,0.02083333395421505,0.02083333395421505,0.0,0.2083333432674408,0.2083333432674408
Office31,68,0.8125,4.581063196302149,0.0,0.02083333395421505,0.02083333395421505,0.02083333395421505,0.1041666716337204,0.0416666679084301,0.02083333395421505,0.0,0.1875,0.1875
Office31,69,0.7708333730697632,4.456196917918934,0.0,0.0,0.0,0.0,0.125,0.0416666679084301,0.0625,0.0,0.2916666865348816,0.2916666865348816
Office31,70,0.7916666865348816,4.412413703940591,0.0,0.0,0.0,0.0,0.1041666716337204,0.0416666679084301,0.0416666679084301,0.0,0.25,0.25
Office31,71,0.7708333730697632,4.355258793525934,0.0,0.02083333395421505,0.0,0.02083333395421505,0.1458333432674408,0.0416666679084301,0.0833333358168602,0.0,0.2916666865348816,0.2708333432674408
Office31,72,0.625,4.430786262326745,0.0,0.02083333395421505,0.02083333395421505,0.02083333395421505,0.1458333432674408,0.0833333358168602,0.125,0.0,0.375,0.3541666865348816
Office31,73,0.7083333730697632,3.9382180160422955,0.0,0.0,0.0,0.0,0.125,0.1041666716337204,0.1041666716337204,0.0,0.4375,0.3958333432674408
Office31,74,0.7291666865348816,4.018723772023891,0.0,0.02083333395421505,0.02083333395421505,0.02083333395421505,0.1041666716337204,0.0416666679084301,0.0625,0.0,0.3958333432674408,0.375
Office31,75,0.4791666865348816,3.9985009084814,0.0,0.02083333395421505,0.02083333395421505,0.02083333395421505,0.2083333432674408,0.1458333432674408,0.1875,0.0,0.5,0.4791666865348816
Office31,76,0.7291666865348816,4.149278616906942,0.0,0.0,0.0,0.0,0.1458333432674408,0.0833333358168602,0.0833333358168602,0.0,0.3958333432674408,0.3333333432674408
Office31,77,0.6666666865348816,4.226592245483727,0.0,0.02083333395421505,0.0,0.02083333395421505,0.1875,0.0833333358168602,0.1458333432674408,0.0,0.4166666865348816,0.4166666865348816
Office31,78,0.7083333730697632,4.317502492281192,0.0,0.02083333395421505,0.02083333395421505,0.02083333395421505,0.1458333432674408,0.0625,0.0833333358168602,0.0,0.3333333432674408,0.3333333432674408
Office31,79,0.625,4.419169616533438,0.0,0.0,0.0,0.0,0.1041666716337204,0.0625,0.0833333358168602,0.0,0.4166666865348816,0.4166666865348816
Office31,80,0.8541666865348816,4.383323636294473,0.0,0.0,0.0,0.0,0.1875,0.0625,0.0833333358168602,0.0,0.2291666716337204,0.2291666716337204
Office31,81,0.875,4.499848262209748,0.0,0.02083333395421505,0.0416666679084301,0.0,0.0625,0.0416666679084301,0.0416666679084301,0.0,0.1041666716337204,0.125
Office31,82,0.8333333730697632,4.424660791455072,0.0,0.1041666716337204,0.1458333432674408,0.0416666679084301,0.0833333358168602,0.0833333358168602,0.0416666679084301,0.1041666716337204,0.1666666716337204,0.1875
Office31,83,0.7916666865348816,4.635148488729429,0.0,0.0416666679084301,0.02083333395421505,0.0,0.0833333358168602,0.0,0.0416666679084301,0.0625,0.2083333432674408,0.2083333432674408
Office31,84,0.8333333730697632,4.910440639503401,0.0,0.02083333395421505,0.02083333395421505,0.02083333395421505,0.0416666679084301,0.02083333395421505,0.0416666679084301,0.0625,0.1666666716337204,0.1875
Office31,85,0.8125,4.627430670733184,0.0,0.02083333395421505,0.02083333395421505,0.0,0.0625,0.0625,0.02083333395421505,0.02083333395421505,0.25,0.25
Office31,86,0.8333333730697632,4.587102497628526,0.0,0.0416666679084301,0.02083333395421505,0.0,0.125,0.0833333358168602,0.0416666679084301,0.0416666679084301,0.1666666716337204,0.1666666716337204
Office31,87,0.8541666865348816,4.244626457636115,0.0,0.0625,0.1041666716337204,0.0416666679084301,0.1041666716337204,0.1041666716337204,0.02083333395421505,0.1458333432674408,0.2291666716337204,0.25
Office31,88,0.875,4.367740713699001,0.0,0.0625,0.1041666716337204,0.0,0.1041666716337204,0.0416666679084301,0.0416666679084301,0.1041666716337204,0.1458333432674408,0.1458333432674408
Office31,89,0.9166666865348816,4.669228681544982,0.0,0.02083333395421505,0.02083333395421505,0.0416666679084301,0.0833333358168602,0.0416666679084301,0.02083333395421505,0.0416666679084301,0.2083333432674408,0.1875
Office31,90,0.8333333730697632,4.723367933176346,0.0,0.0625,0.0833333358168602,0.02083333395421505,0.0833333358168602,0.0416666679084301,0.02083333395421505,0.1041666716337204,0.25,0.25
Office31,91,0.8125,4.5289419087826674,0.0,0.02083333395421505,0.02083333395421505,0.0,0.1041666716337204,0.0833333358168602,0.0833333358168602,0.02083333395421505,0.1666666716337204,0.1666666716337204
Office31,92,0.8541666865348816,4.463313200910478,0.0,0.0625,0.0833333358168602,0.0416666679084301,0.0833333358168602,0.0625,0.0416666679084301,0.0416666679084301,0.2083333432674408,0.2083333432674408
Office31,93,0.7916666865348816,4.535123816576977,0.0,0.02083333395421505,0.0416666679084301,0.0625,0.125,0.0625,0.0416666679084301,0.0416666679084301,0.2083333432674408,0.2083333432674408
Office31,94,0.7291666865348816,4.6388705726029125,0.0,0.0,0.02083333395421505,0.0,0.0625,0.0416666679084301,0.02083333395421505,0.02083333395421505,0.25,0.25
Office31,95,0.8125,4.627915752965808,0.0,0.0625,0.0416666679084301,0.02083333395421505,0.0833333358168602,0.0,0.02083333395421505,0.1041666716337204,0.2083333432674408,0.2083333432674408
Office31,96,0.7916666865348816,4.44447730915457,0.0,0.0625,0.0625,0.1458333432674408,0.2291666716337204,0.125,0.0833333358168602,0.02083333395421505,0.2083333432674408,0.2083333432674408
Office31,97,0.8541666865348816,4.787284812829205,0.0,0.0416666679084301,0.0416666679084301,0.0,0.0416666679084301,0.02083333395421505,0.0416666679084301,0.0416666679084301,0.1666666716337204,0.1666666716337204
Office31,98,0.8333333730697632,4.394935051348609,0.0,0.0,0.02083333395421505,0.0,0.0625,0.02083333395421505,0.0416666679084301,0.0625,0.1041666716337204,0.1041666716337204
Office31,99,0.8125,4.53941715222838,0.0,0.0833333358168602,0.0833333358168602,0.02083333395421505,0.1041666716337204,0.02083333395421505,0.0416666679084301,0.0833333358168602,0.2083333432674408,0.2083333432674408
Office31,100,0.8541666865348816,4.488203810908215,0.0,0.02083333395421505,0.0416666679084301,0.0,0.0625,0.0625,0.02083333395421505,0.0625,0.1875,0.1875
Office31,101,0.875,4.513374678404708,0.0,0.0,0.02083333395421505,0.0,0.02083333395421505,0.0,0.0,0.02083333395421505,0.1458333432674408,0.125
Office31,102,0.7916666865348816,4.355407456639224,0.0,0.0416666679084301,0.02083333395421505,0.02083333395421505,0.02083333395421505,0.0,0.02083333395421505,0.0416666679084301,0.2916666865348816,0.2708333432674408
Office31,103,0.8125,4.3596215052968725,0.0,0.0416666679084301,0.0416666679084301,0.02083333395421505,0.1041666716337204,0.0833333358168602,0.0416666679084301,0.0625,0.25,0.25
Office31,104,0.8333333730697632,4.698997644075124,0.0,0.0625,0.0625,0.0416666679084301,0.125,0.0625,0.0416666679084301,0.0416666679084301,0.1666666716337204,0.1666666716337204
Office31,105,0.875,4.469983769864214,0.0,0.1041666716337204,0.0625,0.0416666679084301,0.0833333358168602,0.02083333395421505,0.0625,0.0625,0.2083333432674408,0.2083333432674408
Office31,106,0.8958333730697632,4.467999392603854,0.0,0.02083333395421505,0.02083333395421505,0.0,0.125,0.02083333395421505,0.0625,0.0416666679084301,0.125,0.125
Office31,107,0.8333333730697632,4.368771995221935,0.0,0.0625,0.0833333358168602,0.0416666679084301,0.0833333358168602,0.0833333358168602,0.0625,0.0625,0.2708333432674408,0.2708333432674408
Office31,108,0.9166666865348816,4.7420653479952435,0.0,0.0416666679084301,0.0416666679084301,0.0,0.0416666679084301,0.02083333395421505,0.0,0.0625,0.0625,0.0625
Office31,109,0.8541666865348816,4.772966903207006,0.0,0.0625,0.1041666716337204,0.02083333395421505,0.0833333358168602,0.0625,0.0416666679084301,0.0625,0.1666666716337204,0.1666666716337204
Office31,110,0.7916666865348816,4.538132042204607,0.0,0.0416666679084301,0.0625,0.0625,0.1041666716337204,0.0416666679084301,0.0833333358168602,0.0416666679084301,0.2083333432674408,0.2083333432674408
Office31,111,0.875,4.627397083881663,0.0,0.0416666679084301,0.0416666679084301,0.0416666679084301,0.125,0.0833333358168602,0.0833333358168602,0.0,0.2083333432674408,0.2083333432674408
Office31,112,0.7916666865348816,4.645759180789474,0.0,0.02083333395421505,0.02083333395421505,0.0625,0.125,0.0833333358168602,0.0833333358168602,0.0416666679084301,0.2291666716337204,0.2291666716337204
Office31,113,0.7916666865348816,4.34732403750511,0.0,0.02083333395421505,0.02083333395421505,0.0416666679084301,0.0833333358168602,0.1041666716337204,0.0625,0.02083333395421505,0.2291666716337204,0.2291666716337204
Office31,114,0.8541666865348816,4.5999296465869,0.0,0.0416666679084301,0.0625,0.0,0.1458333432674408,0.0625,0.0625,0.02083333395421505,0.1875,0.1875
Office31,115,0.8541666865348816,4.380477012977031,0.0,0.02083333395421505,0.02083333395421505,0.0,0.1041666716337204,0.0625,0.0833333358168602,0.0,0.1666666716337204,0.1666666716337204
Office31,116,0.75,4.443325720630696,0.0,0.02083333395421505,0.02083333395421505,0.02083333395421505,0.1458333432674408,0.0833333358168602,0.0833333358168602,0.02083333395421505,0.25,0.2291666716337204
Office31,117,0.75,4.567695629396759,0.0,0.02083333395421505,0.02083333395421505,0.02083333395421505,0.1041666716337204,0.0625,0.0625,0.02083333395421505,0.2708333432674408,0.2708333432674408
Office31,118,0.7708333730697632,4.7455771010936285,0.0,0.0,0.0,0.02083333395421505,0.1041666716337204,0.1041666716337204,0.0625,0.0,0.2291666716337204,0.2291666716337204
Office31,119,0.8125,4.2092776729204875,0.0,0.0416666679084301,0.02083333395421505,0.0416666679084301,0.125,0.0833333358168602,0.0625,0.02083333395421505,0.2291666716337204,0.2083333432674408
Office31,120,0.7291666865348816,4.655525246124382,0.0,0.0625,0.02083333395421505,0.0625,0.1666666716337204,0.0833333358168602,0.0833333358168602,0.02083333395421505,0.2291666716337204,0.2083333432674408
Office31,121,0.0,1.447619729556433,0.0,0.02083333395421505,0.0,0.0,1.0,0.9375,1.0,0.0,0.6041666865348816,0.5833333730697632
Office31,122,0.1041666716337204,1.559833951092482,0.0,0.0625,0.0,0.0416666679084301,1.0,1.0,1.0,0.0,0.5625,0.5416666865348816
Office31,123,0.02083333395421505,1.4517857380043242,0.0,0.0416666679084301,0.0,0.02083333395421505,1.0,1.0,1.0,0.0,0.625,0.6041666865348816
Office31,124,0.0625,1.3710524448687766,0.0,0.0833333358168602,0.0,0.0416666679084301,1.0,1.0,1.0,0.0,0.5833333730697632,0.5833333730697632
Office31,125,0.0416666679084301,1.239608787279694,0.0,0.1666666716337204,0.0,0.0625,1.0,1.0,1.0,0.0,0.5208333730697632,0.4791666865348816
Office31,126,0.02083333395421505,1.2375290178549727,0.0,0.5,0.0,0.3333333432674408,1.0,1.0,1.0,0.0,0.3958333432674408,0.3958333432674408
Office31,127,0.0,1.195889581030684,0.0,0.4375,0.0,0.3125,1.0,1.0,1.0,0.0,0.4583333432674408,0.4375
Office31,128,0.0833333358168602,1.3440224625499724,0.0,0.6458333730697632,0.0,0.5,1.0,1.0,1.0,0.0,0.375,0.375
Office31,129,0.02083333395421505,1.239190878750112,0.0,0.7083333730697632,0.0,0.5625,1.0,1.0,1.0,0.0,0.25,0.25
Office31,130,0.0625,1.2404858996481052,0.0,0.7083333730697632,0.0,0.625,1.0,1.0,1.0,0.0,0.25,0.1875
Office31,131,0.0416666679084301,1.0948151821171674,0.0,0.9166666865348816,0.0,0.8125,1.0,1.0,1.0,0.0,0.1458333432674408,0.125
Office31,132,0.0,1.1855887414410244,0.0,0.8541666865348816,0.0,0.8125,1.0,1.0,1.0,0.0,0.1458333432674408,0.1458333432674408
Office31,133,0.02083333395421505,1.314196512493069,0.0,0.8958333730697632,0.0,0.875,1.0,1.0,1.0,0.0,0.0833333358168602,0.0833333358168602
Office31,134,0.0625,1.004922176437492,0.0,0.9583333730697632,0.0,0.9166666865348816,1.0,1.0,1.0,0.0,0.02083333395421505,0.02083333395421505
Office31,135,0.0416666679084301,1.2745882542796205,0.0,0.9166666865348816,0.0,0.9166666865348816,1.0,1.0,1.0,0.0,0.0625,0.0416666679084301
Office31,136,0.0,1.1850011091904364,0.0,0.8958333730697632,0.0,0.8541666865348816,1.0,1.0,1.0,0.0,0.1041666716337204,0.1041666716337204
Office31,137,0.0416666679084301,1.1388650261422169,0.0,0.8541666865348816,0.0,0.875,1.0,1.0,1.0,0.0,0.0833333358168602,0.0833333358168602
Office31,138,0.0,1.167531266264427,0.0,0.875,0.0,0.9166666865348816,1.0,1.0,1.0,0.0,0.0833333358168602,0.0833333358168602
Office31,139,0.02083333395421505,1.2947666565391556,0.0,0.8958333730697632,0.0,0.8958333730697632,1.0,1.0,1.0,0.0,0.0833333358168602,0.0833333358168602
Office31,140,0.0625,1.1393000722251365,0.0,0.9166666865348816,0.0,0.9583333730697632,1.0,1.0,1.0,0.0,0.02083333395421505,0.02083333395421505
NICO,0,0.9375,5.123596564359252,0.0,0.0625,0.0833333358168602,0.0416666679084301,0.0833333358168602,0.0625,0.0625,0.0,0.0625,0.0625
NICO,1,0.7291666865348816,4.928916711464733,0.0,0.1666666716337204,0.0416666679084301,0.0416666679084301,0.1041666716337204,0.1458333432674408,0.02083333395421505,0.0625,0.4166666865348816,0.3958333432674408
NICO,2,0.375,4.357171041646142,0.0,0.3958333432674408,0.02083333395421505,0.1875,0.4791666865348816,0.5208333730697632,0.0625,0.2083333432674408,0.4791666865348816,0.4791666865348816
NICO,3,0.1458333432674408,3.365029763420667,0.0,0.4375,0.02083333395421505,0.25,0.6666666865348816,0.6458333730697632,0.2291666716337204,0.125,0.5416666865348816,0.5416666865348816
NICO,4,0.0625,3.0406719027094473,0.0,0.625,0.0,0.5,0.9166666865348816,0.9583333730697632,0.375,0.0833333358168602,0.4583333432674408,0.4583333432674408
NICO,5,0.1041666716337204,2.885324180060545,0.0,0.5,0.02083333395421505,0.6041666865348816,0.9791666865348816,0.9791666865348816,0.7291666865348816,0.0833333358168602,0.5208333730697632,0.5
NICO,6,0.0625,2.248612592083182,0.0,0.5416666865348816,0.0416666679084301,0.8125,1.0,1.0,0.9166666865348816,0.0625,0.3958333432674408,0.3958333432674408
NICO,7,0.02083333395421505,1.9735529339002729,0.0,0.6041666865348816,0.0416666679084301,0.9583333730697632,1.0,1.0,0.9791666865348816,0.02083333395421505,0.3958333432674408,0.375
NICO,8,0.0416666679084301,2.0070873403786083,0.0,0.75,0.0,0.9583333730697632,1.0,1.0,1.0,0.02083333395421505,0.3958333432674408,0.3958333432674408
NICO,9,0.0625,2.1475856827752997,0.0,0.7291666865348816,0.0416666679084301,0.9791666865348816,1.0,1.0,1.0,0.0625,0.4375,0.4375
NICO,10,0.0,1.9714333833276434,0.0,0.875,0.02083333395421505,1.0,1.0,1.0,1.0,0.0416666679084301,0.5625,0.5416666865348816
NICO,11,0.02083333395421505,2.098952059423808,0.0,0.875,0.0416666679084301,1.0,1.0,1.0,1.0,0.02083333395421505,0.4375,0.4375
NICO,12,0.0416666679084301,1.8306264273198443,0.0,0.9583333730697632,0.0,1.0,1.0,1.0,1.0,0.0,0.5416666865348816,0.5416666865348816
NICO,13,0.02083333395421505,1.983144182426034,0.0,0.9791666865348816,0.0,1.0,1.0,1.0,1.0,0.02083333395421505,0.4375,0.4375
NICO,14,0.0,1.8998365397120143,0.0,0.9791666865348816,0.0,1.0,1.0,1.0,1.0,0.02083333395421505,0.3125,0.2916666865348816
NICO,15,0.02083333395421505,1.734194447071901,0.0,1.0,0.0,1.0,1.0,1.0,1.0,0.0416666679084301,0.3541666865348816,0.3333333432674408
NICO,16,0.0833333358168602,1.442163105043535,0.0,1.0,0.02083333395421505,1.0,1.0,1.0,1.0,0.0416666679084301,0.1458333432674408,0.1458333432674408
NICO,17,0.0416666679084301,1.2648382941153191,0.0,1.0,0.0625,1.0,1.0,1.0,1.0,0.0416666679084301,0.0416666679084301,0.02083333395421505
NICO,18,0.0,1.1335058585591424,0.0,1.0,0.0416666679084301,1.0,1.0,1.0,1.0,0.125,0.02083333395421505,0.02083333395421505
NICO,19,0.02083333395421505,1.0030380091275717,0.0,1.0,0.1041666716337204,1.0,1.0,1.0,1.0,0.1875,0.02083333395421505,0.0
NICO,20,0.02083333395421505,1.066153966257582,0.0,1.0,0.125,1.0,1.0,1.0,1.0,0.2916666865348816,0.02083333395421505,0.02083333395421505
NICO,21,0.9166666865348816,5.441788484795737,0.0,0.0833333358168602,0.0625,0.0833333358168602,0.02083333395421505,0.0416666679084301,0.0625,0.02083333395421505,0.1041666716337204,0.1041666716337204
NICO,22,0.9791666865348816,5.307628284113341,0.0,0.0625,0.02083333395421505,0.0625,0.02083333395421505,0.0416666679084301,0.0,0.0416666679084301,0.0416666679084301,0.0416666679084301
NICO,23,0.8958333730697632,5.1642663873224155,0.0,0.02083333395421505,0.0625,0.0416666679084301,0.0416666679084301,0.1041666716337204,0.0416666679084301,0.02083333395421505,0.1666666716337204,0.1458333432674408
NICO,24,0.8958333730697632,4.79631527105539,0.0,0.0416666679084301,0.0416666679084301,0.0,0.02083333395421505,0.02083333395421505,0.0416666679084301,0.02083333395421505,0.1458333432674408,0.1458333432674408
NICO,25,0.7708333730697632,5.379934718792868,0.0,0.1666666716337204,0.0625,0.0416666679084301,0.02083333395421505,0.0625,0.0625,0.0416666679084301,0.25,0.25
NICO,26,0.875,5.259001130360297,0.0,0.0416666679084301,0.0,0.0,0.0416666679084301,0.0416666679084301,0.0625,0.0,0.1458333432674408,0.1458333432674408
NICO,27,0.9791666865348816,5.73000771917646,0.0,0.02083333395421505,0.0833333358168602,0.0416666679084301,0.0625,0.0625,0.0625,0.02083333395421505,0.0625,0.0625
NICO,28,0.9583333730697632,5.555505304984262,0.0,0.1041666716337204,0.02083333395421505,0.0416666679084301,0.0,0.0,0.0625,0.0416666679084301,0.0833333358168602,0.0833333358168602
NICO,29,0.9583333730697632,5.237646500042371,0.0,0.0625,0.0,0.0416666679084301,0.0416666679084301,0.0625,0.0833333358168602,0.0416666679084301,0.125,0.125
NICO,30,0.9583333730697632,5.9177488589091976,0.0,0.1041666716337204,0.0416666679084301,0.0833333358168602,0.1041666716337204,0.1458333432674408,0.0416666679084301,0.0416666679084301,0.1041666716337204,0.1041666716337204
NICO,31,0.9375,5.279736331039516,0.0,0.0416666679084301,0.0,0.02083333395421505,0.0416666679084301,0.1041666716337204,0.0416666679084301,0.0,0.125,0.125
NICO,32,0.9166666865348816,5.5064288582666086,0.0,0.02083333395421505,0.0,0.02083333395421505,0.0416666679084301,0.0416666679084301,0.0416666679084301,0.0,0.1041666716337204,0.125
NICO,33,0.9583333730697632,5.608318701886727,0.0,0.0625,0.0416666679084301,0.0416666679084301,0.0833333358168602,0.0833333358168602,0.0833333358168602,0.0,0.1666666716337204,0.1458333432674408
NICO,34,0.9166666865348816,5.395141854074191,0.0,0.125,0.02083333395421505,0.0416666679084301,0.0416666679084301,0.0833333358168602,0.0,0.0625,0.1458333432674408,0.1458333432674408
NICO,35,0.875,4.933918399320758,0.0,0.0833333358168602,0.0625,0.0833333358168602,0.0416666679084301,0.0833333358168602,0.0416666679084301,0.0625,0.1666666716337204,0.1666666716337204
NICO,36,0.9583333730697632,5.490513095478604,0.0,0.0625,0.0625,0.0625,0.0625,0.0625,0.0625,0.0416666679084301,0.1041666716337204,0.1041666716337204
NICO,37,0.9375,5.339421818004844,0.0,0.0625,0.0625,0.0416666679084301,0.0625,0.1041666716337204,0.0416666679084301,0.0416666679084301,0.0416666679084301,0.0416666679084301
NICO,38,0.9583333730697632,5.8180553751369075,0.0,0.0416666679084301,0.0625,0.1041666716337204,0.125,0.125,0.0416666679084301,0.02083333395421505,0.0625,0.0625
NICO,39,0.8958333730697632,5.177455007887733,0.0,0.1041666716337204,0.0416666679084301,0.02083333395421505,0.0416666679084301,0.02083333395421505,0.0833333358168602,0.0625,0.1041666716337204,0.0833333358168602
NICO,40,0.9166666865348816,5.377492238901925,0.0,0.125,0.02083333395421505,0.02083333395421505,0.02083333395421505,0.0416666679084301,0.02083333395421505,0.0416666679084301,0.1666666716337204,0.1666666716337204
NICO,41,0.9375,5.480627549048941,0.0,0.0416666679084301,0.1041666716337204,0.0416666679084301,0.1458333432674408,0.125,0.1041666716337204,0.0,0.0625,0.0625
NICO,42,0.9166666865348816,5.446397591911851,0.0,0.0625,0.02083333395421505,0.0625,0.1041666716337204,0.1041666716337204,0.1041666716337204,0.0416666679084301,0.1041666716337204,0.1041666716337204
NICO,43,0.8958333730697632,5.008211413677139,0.0,0.125,0.0416666679084301,0.0833333358168602,0.1041666716337204,0.1666666716337204,0.0625,0.1041666716337204,0.1041666716337204,0.1041666716337204
NICO,44,0.8333333730697632,5.220312931636878,0.0,0.125,0.0,0.02083333395421505,0.0625,0.0833333358168602,0.0833333358168602,0.02083333395421505,0.2083333432674408,0.2083333432674408
NICO,45,0.7708333730697632,4.904404917103825,0.0,0.2708333432674408,0.0,0.02083333395421505,0.125,0.0625,0.02083333395421505,0.0416666679084301,0.2916666865348816,0.2916666865348816
NICO,46,0.4375,4.807028375482368,0.0,0.3125,0.0625,0.0416666679084301,0.1666666716337204,0.1875,0.0,0.0416666679084301,0.5416666865348816,0.5625
NICO,47,0.7708333730697632,5.333527050260833,0.0,0.2083333432674408,0.02083333395421505,0.02083333395421505,0.1041666716337204,0.1875,0.0625,0.0,0.375,0.3958333432674408
NICO,48,0.625,4.695537097160207,0.0,0.4166666865348816,0.02083333395421505,0.1666666716337204,0.2291666716337204,0.2291666716337204,0.0416666679084301,0.125,0.3958333432674408,0.3958333432674408
NICO,49,0.5208333730697632,4.78717689442104,0.0,0.4166666865348816,0.0,0.1666666716337204,0.3125,0.3125,0.0416666679084301,0.1041666716337204,0.4375,0.4375
NICO,50,0.375,4.570078093438263,0.0,0.375,0.02083333395421505,0.2083333432674408,0.3125,0.3125,0.0833333358168602,0.1041666716337204,0.5,0.5
NICO,51,0.4166666865348816,4.674156588448485,0.0,0.4166666865348816,0.0416666679084301,0.1875,0.3541666865348816,0.3958333432674408,0.02083333395421505,0.0833333358168602,0.4166666865348816,0.4166666865348816
NICO,52,0.375,4.087192495964042,0.0,0.4791666865348816,0.02083333395421505,0.1666666716337204,0.3541666865348816,0.3333333432674408,0.0416666679084301,0.1458333432674408,0.5208333730697632,0.5416666865348816
NICO,53,0.3958333432674408,3.917581373501147,0.0,0.4166666865348816,0.02083333395421505,0.0833333358168602,0.3333333432674408,0.2708333432674408,0.125,0.0416666679084301,0.4791666865348816,0.5
NICO,54,0.4583333432674408,4.162381618531088,0.0,0.3333333432674408,0.0416666679084301,0.0833333358168602,0.2291666716337204,0.25,0.1041666716337204,0.1041666716337204,0.5,0.5
NICO,55,0.2708333432674408,3.7012704870188076,0.0,0.4375,0.0625,0.2083333432674408,0.3541666865348816,0.4375,0.125,0.1458333432674408,0.4166666865348816,0.4375
NICO,56,0.3541666865348816,4.2331254387087,0.0,0.5,0.02083333395421505,0.1875,0.3125,0.3958333432674408,0.0416666679084301,0.1458333432674408,0.4583333432674408,0.4791666865348816
NICO,57,0.3958333432674408,3.916412440947389,0.0,0.5,0.0625,0.2916666865348816,0.4375,0.5208333730697632,0.1666666716337204,0.25,0.4583333432674408,0.4583333432674408
NICO,58,0.2708333432674408,4.4703314763680755,0.0,0.4166666865348816,0.0625,0.1875,0.3541666865348816,0.375,0.125,0.125,0.4791666865348816,0.4791666865348816
NICO,59,0.2083333432674408,3.5189949191159724,0.0,0.2708333432674408,0.0416666679084301,0.1666666716337204,0.3333333432674408,0.3333333432674408,0.125,0.0625,0.4375,0.4791666865348816
NICO,60,0.1458333432674408,3.559228388311424,0.0,0.3541666865348816,0.0416666679084301,0.2083333432674408,0.3958333432674408,0.4166666865348816,0.1458333432674408,0.1041666716337204,0.4583333432674408,0.4583333432674408
NICO,61,0.8958333730697632,5.1595295400496965,0.0,0.0833333358168602,0.0625,0.0625,0.0625,0.0833333358168602,0.0625,0.0416666679084301,0.0833333358168602,0.0833333358168602
NICO,62,0.9583333730697632,5.330228931562288,0.0,0.0625,0.0416666679084301,0.02083333395421505,0.02083333395421505,0.02083333395421505,0.0625,0.02083333395421505,0.0833333358168602,0.0833333358168602
NICO,63,0.9375,5.146050200507278,0.0,0.1041666716337204,0.0625,0.0416666679084301,0.0625,0.1041666716337204,0.0625,0.02083333395421505,0.0833333358168602,0.0833333358168602
NICO,64,0.9375,5.517842881742543,0.0,0.02083333395421505,0.0416666679084301,0.0,0.02083333395421505,0.02083333395421505,0.0416666679084301,0.0,0.0833333358168602,0.0833333358168602
NICO,65,0.8541666865348816,5.1942313649204515,0.0,0.0625,0.02083333395421505,0.0,0.0416666679084301,0.0416666679084301,0.0,0.0,0.1875,0.1875
NICO,66,0.875,5.560352823685763,0.0,0.125,0.02083333395421505,0.0,0.0416666679084301,0.0416666679084301,0.02083333395421505,0.0625,0.3541666865348816,0.3541666865348816
NICO,67,0.7708333730697632,4.911410253364525,0.0,0.125,0.0,0.0,0.0,0.0,0.0,0.02083333395421505,0.3333333432674408,0.3125
NICO,68,0.6875,4.866150594429563,0.0,0.1875,0.0,0.02083333395421505,0.0416666679084301,0.0416666679084301,0.0,0.0625,0.4791666865348816,0.4791666865348816
NICO,69,0.75,4.721730436513662,0.0,0.125,0.0,0.0,0.0416666679084301,0.0416666679084301,0.0,0.0,0.5625,0.5833333730697632
NICO,70,0.6458333730697632,4.961060429578653,0.0,0.1458333432674408,0.02083333395421505,0.02083333395421505,0.0833333358168602,0.0833333358168602,0.0625,0.0416666679084301,0.5833333730697632,0.5625
NICO,71,0.375,4.610240810003871,0.0,0.1458333432674408,0.0,0.0416666679084301,0.0416666679084301,0.0416666679084301,0.0416666679084301,0.02083333395421505,0.75,0.7708333730697632
NICO,72,0.4583333432674408,4.796065296783413,0.0,0.1875,0.0,0.0,0.0416666679084301,0.0833333358168602,0.0416666679084301,0.02083333395421505,0.6041666865348816,0.6041666865348816
NICO,73,0.3125,4.191353581592758,0.0,0.1458333432674408,0.0,0.0,0.02083333395421505,0.0416666679084301,0.0,0.02083333395421505,0.7083333730697632,0.7291666865348816
NICO,74,0.3125,4.326529371580575,0.0,0.1875,0.0,0.0,0.0625,0.0833333358168602,0.02083333395421505,0.0,0.8125,0.8125
NICO,75,0.375,4.554910051049695,0.0,0.125,0.0,0.0,0.02083333395421505,0.02083333395421505,0.02083333395421505,0.0,0.7291666865348816,0.7291666865348816
NICO,76,0.5625,4.4024645627346874,0.0,0.0833333358168602,0.0,0.0,0.0,0.0,0.02083333395421505,0.0,0.5833333730697632,0.5833333730697632
NICO,77,0.3125,4.121034277194208,0.0,0.1458333432674408,0.0,0.02083333395421505,0.0416666679084301,0.02083333395421505,0.02083333395421505,0.0,0.7083333730697632,0.7083333730697632
NICO,78,0.5,4.434622045951689,0.0,0.0625,0.0,0.0,0.0625,0.0625,0.0833333358168602,0.02083333395421505,0.6458333730697632,0.6458333730697632
NICO,79,0.5,4.7631694534370705,0.0,0.1875,0.0,0.0,0.02083333395421505,0.0416666679084301,0.02083333395421505,0.0,0.7083333730697632,0.7083333730697632
NICO,80,0.6041666865348816,4.998814803708963,0.0,0.1458333432674408,0.0,0.0,0.02083333395421505,0.0,0.0416666679084301,0.02083333395421505,0.6458333730697632,0.6458333730697632
NICO,81,0.9583333730697632,5.738719928219379,0.0,0.0625,0.0416666679084301,0.0416666679084301,0.0625,0.1041666716337204,0.0416666679084301,0.0833333358168602,0.0625,0.0625
NICO,82,0.9375,5.262275573081541,0.0,0.02083333395421505,0.02083333395421505,0.02083333395421505,0.02083333395421505,0.0416666679084301,0.0625,0.02083333395421505,0.0625,0.0625
NICO,83,0.8541666865348816,5.216455399149063,0.0,0.1041666716337204,0.02083333395421505,0.0625,0.0416666679084301,0.0625,0.02083333395421505,0.0416666679084301,0.1458333432674408,0.1458333432674408
NICO,84,0.8958333730697632,5.356094110858258,0.0,0.0833333358168602,0.02083333395421505,0.0416666679084301,0.0625,0.1041666716337204,0.0625,0.0416666679084301,0.125,0.125
NICO,85,0.9166666865348816,5.564637624973256,0.0,0.0416666679084301,0.0833333358168602,0.1041666716337204,0.0833333358168602,0.1041666716337204,0.0416666679084301,0.0416666679084301,0.0625,0.0625
NICO,86,0.9375,5.291078775979422,0.0,0.0625,0.0625,0.02083333395421505,0.0625,0.0833333358168602,0.1041666716337204,0.0416666679084301,0.0833333358168602,0.0833333358168602
NICO,87,0.9166666865348816,5.660223601985754,0.0,0.0625,0.0833333358168602,0.0416666679084301,0.0625,0.0833333358168602,0.0625,0.0416666679084301,0.0625,0.0625
NICO,88,0.9791666865348816,5.61801208747736,0.0,0.0833333358168602,0.0625,0.0625,0.0625,0.0833333358168602,0.0625,0.0625,0.02083333395421505,0.02083333395421505
NICO,89,0.9166666865348816,5.418477007423615,0.0,0.0833333358168602,0.02083333395421505,0.02083333395421505,0.0416666679084301,0.0416666679084301,0.0416666679084301,0.0416666679084301,0.0833333358168602,0.0833333358168602
NICO,90,0.9375,5.542099195790241,0.0,0.0,0.0833333358168602,0.0833333358168602,0.0416666679084301,0.1458333432674408,0.0833333358168602,0.0,0.0833333358168602,0.0833333358168602
NICO,91,0.8958333730697632,5.210023241780714,0.0,0.0833333358168602,0.0,0.02083333395421505,0.02083333395421505,0.0625,0.0,0.0416666679084301,0.1041666716337204,0.1041666716337204
NICO,92,0.8541666865348816,5.744228171868836,0.0,0.1458333432674408,0.0833333358168602,0.1666666716337204,0.1041666716337204,0.1041666716337204,0.0833333358168602,0.0625,0.0833333358168602,0.0833333358168602
NICO,93,0.9375,5.336319163770068,0.0,0.0416666679084301,0.02083333395421505,0.02083333395421505,0.0833333358168602,0.0833333358168602,0.0416666679084301,0.02083333395421505,0.0833333358168602,0.0833333358168602
NICO,94,0.9375,5.5032287471020105,0.0,0.0833333358168602,0.0,0.02083333395421505,0.02083333395421505,0.0,0.0416666679084301,0.0416666679084301,0.0625,0.0625
NICO,95,0.9375,5.526984011397509,0.0,0.1458333432674408,0.02083333395421505,0.0625,0.0625,0.0833333358168602,0.0625,0.0625,0.02083333395421505,0.02083333395421505
NICO,96,0.9166666865348816,5.592858288708689,0.0,0.0833333358168602,0.02083333395421505,0.0625,0.0625,0.0625,0.02083333395421505,0.0416666679084301,0.125,0.125
NICO,97,0.9166666865348816,5.476484803625258,0.0,0.125,0.125,0.125,0.0625,0.1041666716337204,0.0833333358168602,0.0625,0.1041666716337204,0.1041666716337204
NICO,98,0.9166666865348816,5.27590192392488,0.0,0.02083333395421505,0.0416666679084301,0.02083333395421505,0.02083333395421505,0.0416666679084301,0.0416666679084301,0.0,0.0625,0.0416666679084301
NICO,99,0.8541666865348816,5.220211069874067,0.0,0.1041666716337204,0.0416666679084301,0.0416666679084301,0.0833333358168602,0.1041666716337204,0.0416666679084301,0.1041666716337204,0.2083333432674408,0.2083333432674408
NICO,100,0.9166666865348816,4.997106279114374,0.0,0.0833333358168602,0.0416666679084301,0.0625,0.1041666716337204,0.1458333432674408,0.02083333395421505,0.0416666679084301,0.0416666679084301,0.0416666679084301
NICO,101,0.9583333730697632,5.398311131407885,0.0,0.0625,0.0625,0.0625,0.0416666679084301,0.0833333358168602,0.02083333395421505,0.0833333358168602,0.1041666716337204,0.0833333358168602
NICO,102,0.875,5.3227902698565535,0.0,0.0416666679084301,0.0833333358168602,0.0416666679084301,0.125,0.125,0.0625,0.02083333395421505,0.0833333358168602,0.0833333358168602
NICO,103,0.9166666865348816,5.593260229718695,0.0,0.02083333395421505,0.125,0.0625,0.02083333395421505,0.0416666679084301,0.0416666679084301,0.0416666679084301,0.0625,0.0625
NICO,104,0.9166666865348816,5.274196152350908,0.0,0.0416666679084301,0.02083333395421505,0.0833333358168602,0.0625,0.0833333358168602,0.0625,0.0,0.1041666716337204,0.1041666716337204
NICO,105,0.9583333730697632,5.014933188814341,0.0,0.0625,0.0625,0.02083333395421505,0.1041666716337204,0.1041666716337204,0.0625,0.0,0.0416666679084301,0.0416666679084301
NICO,106,0.8958333730697632,5.962273461339559,0.0,0.02083333395421505,0.0625,0.0416666679084301,0.0625,0.1041666716337204,0.0416666679084301,0.0,0.1041666716337204,0.1041666716337204
NICO,107,0.8958333730697632,5.38492594517055,0.0,0.1041666716337204,0.0416666679084301,0.0625,0.0416666679084301,0.1458333432674408,0.0625,0.0625,0.0416666679084301,0.0416666679084301
NICO,108,0.8958333730697632,5.387111292935913,0.0,0.0416666679084301,0.0416666679084301,0.0416666679084301,0.0833333358168602,0.0833333358168602,0.0625,0.02083333395421505,0.1041666716337204,0.125
NICO,109,0.9791666865348816,5.1648081817797395,0.0,0.0416666679084301,0.0416666679084301,0.02083333395421505,0.0416666679084301,0.0625,0.02083333395421505,0.02083333395421505,0.0416666679084301,0.02083333395421505
NICO,110,0.9375,5.22866669739553,0.0,0.0416666679084301,0.0416666679084301,0.0416666679084301,0.0416666679084301,0.0625,0.1041666716337204,0.02083333395421505,0.0625,0.0625
NICO,111,0.8958333730697632,5.147962448627486,0.0,0.02083333395421505,0.0,0.0,0.02083333395421505,0.0,0.0416666679084301,0.0,0.2291666716337204,0.2291666716337204
NICO,112,0.8333333730697632,5.167611857975564,0.0,0.02083333395421505,0.0,0.0,0.0416666679084301,0.0416666679084301,0.0416666679084301,0.02083333395421505,0.3125,0.3125
NICO,113,0.8541666865348816,5.279148285835835,0.0,0.0,0.0,0.0,0.02083333395421505,0.0416666679084301,0.0416666679084301,0.0,0.1875,0.1875
NICO,114,0.8541666865348816,5.650182234589198,0.0,0.0416666679084301,0.0,0.0,0.02083333395421505,0.0416666679084301,0.02083333395421505,0.02083333395421505,0.2291666716337204,0.25
NICO,115,0.8958333730697632,5.466031033740353,0.0,0.0833333358168602,0.0,0.0,0.0625,0.0833333358168602,0.0833333358168602,0.0416666679084301,0.25,0.25
NICO,116,0.8541666865348816,5.123082850712216,0.0,0.0833333358168602,0.02083333395421505,0.0416666679084301,0.02083333395421505,0.0416666679084301,0.02083333395421505,0.0416666679084301,0.2083333432674408,0.2083333432674408
NICO,117,0.4166666865348816,3.9970418075546643,0.0,0.1666666716337204,0.0,0.02083333395421505,0.0833333358168602,0.1041666716337204,0.0416666679084301,0.0,0.875,0.875
NICO,118,0.3541666865348816,4.290825447205421,0.0,0.0833333358168602,0.0,0.0,0.0625,0.1041666716337204,0.02083333395421505,0.0,0.6875,0.6875
NICO,119,0.4375,4.628046796747153,0.0,0.1041666716337204,0.0,0.02083333395421505,0.125,0.1458333432674408,0.0625,0.02083333395421505,0.6875,0.6875
NICO,120,0.3333333432674408,4.263009477500611,0.0,0.02083333395421505,0.0,0.0,0.02083333395421505,0.02083333395421505,0.02083333395421505,0.0,0.8333333730697632,0.8541666865348816
NICO,121,0.0416666679084301,2.1029868864393237,0.0,1.0,0.0,1.0,1.0,1.0,0.9791666865348816,0.2916666865348816,0.4166666865348816,0.375
NICO,122,0.02083333395421505,2.2104262690181464,0.0,1.0,0.0,1.0,1.0,1.0,1.0,0.4375,0.4375,0.4166666865348816
NICO,123,0.02083333395421505,1.884062557485758,0.0,1.0,0.0,1.0,1.0,1.0,1.0,0.4166666865348816,0.3958333432674408,0.3958333432674408
NICO,124,0.0416666679084301,1.7897716013712528,0.0,1.0,0.0,1.0,1.0,1.0,1.0,0.4791666865348816,0.2708333432674408,0.2708333432674408
NICO,125,0.0625,1.9243147472214015,0.0,1.0,0.02083333395421505,1.0,1.0,1.0,1.0,0.3958333432674408,0.4583333432674408,0.4583333432674408
NICO,126,0.0,1.6662438416117713,0.0,1.0,0.0,1.0,1.0,1.0,1.0,0.3541666865348816,0.4375,0.4375
NICO,127,0.02083333395421505,1.717122002671881,0.0,1.0,0.02083333395421505,1.0,1.0,1.0,1.0,0.4166666865348816,0.4166666865348816,0.4166666865348816
NICO,128,0.02083333395421505,1.653556133147622,0.0,1.0,0.02083333395421505,1.0,1.0,1.0,1.0,0.375,0.4375,0.4166666865348816
NICO,129,0.0416666679084301,1.3556681527107832,0.0,1.0,0.0,1.0,1.0,1.0,1.0,0.2916666865348816,0.2916666865348816,0.2708333432674408
NICO,130,0.0416666679084301,1.325895473602809,0.0,1.0,0.02083333395421505,1.0,1.0,1.0,1.0,0.4166666865348816,0.1875,0.1666666716337204
NICO,131,0.0,1.2184366822286399,0.0,1.0,0.0,1.0,1.0,1.0,1.0,0.3333333432674408,0.2291666716337204,0.2291666716337204
NICO,132,0.02083333395421505,1.4200969565472785,0.0,1.0,0.02083333395421505,1.0,1.0,1.0,1.0,0.3125,0.125,0.125
NICO,133,0.0625,1.2441328260587587,0.0,1.0,0.0,1.0,1.0,1.0,1.0,0.5416666865348816,0.0833333358168602,0.0833333358168602
NICO,134,0.0625,1.412813565204314,0.0,1.0,0.02083333395421505,1.0,1.0,1.0,1.0,0.3958333432674408,0.2083333432674408,0.2083333432674408
NICO,135,0.1041666716337204,1.2153530238361185,0.0,1.0,0.02083333395421505,1.0,1.0,1.0,1.0,0.6041666865348816,0.125,0.125
NICO,136,0.0416666679084301,1.3104660319067052,0.0,1.0,0.0625,1.0,1.0,1.0,1.0,0.5416666865348816,0.0833333358168602,0.0833333358168602
NICO,137,0.1041666716337204,1.2342333768749822,0.0,1.0,0.0416666679084301,1.0,1.0,1.0,1.0,0.5208333730697632,0.1041666716337204,0.1041666716337204
NICO,138,0.02083333395421505,1.1913715988969755,0.0,1.0,0.0,1.0,1.0,1.0,1.0,0.6458333730697632,0.1875,0.1875
NICO,139,0.0,1.2679492074119436,0.0,1.0,0.0,1.0,1.0,1.0,1.0,0.5,0.1666666716337204,0.1666666716337204
NICO,140,0.02083333395421505,1.2498792059915413,0.0,1.0,0.0625,1.0,1.0,1.0,1.0,0.7916666865348816,0.125,0.1041666716337204
IWildCam,0,0.4166666865348816,2.5757792220783675,0.1041666716337204,0.0833333358168602,0.1041666716337204,0.02083333395421505,0.0833333358168602,0.125,0.1041666716337204,0.0833333358168602,0.4583333432674408,0.5
IWildCam,1,0.3958333432674408,2.2172099871192197,0.1041666716337204,0.0625,0.0833333358168602,0.0416666679084301,0.2708333432674408,0.2708333432674408,0.1458333432674408,0.0416666679084301,0.1875,0.1666666716337204
IWildCam,2,0.2291666716337204,1.9144071766268065,0.1041666716337204,0.0,0.1041666716337204,0.25,0.7291666865348816,0.5833333730697632,0.3958333432674408,0.02083333395421505,0.125,0.0833333358168602
IWildCam,3,0.2083333432674408,1.666010936067617,0.0833333358168602,0.0,0.0833333358168602,0.4791666865348816,0.9166666865348816,0.8541666865348816,0.6458333730697632,0.0,0.0833333358168602,0.0416666679084301
IWildCam,4,0.2708333432674408,1.523537851982723,0.3541666865348816,0.0,0.3541666865348816,0.6666666865348816,1.0,0.9375,0.875,0.0,0.0,0.0
IWildCam,5,0.2708333432674408,1.482799891759301,0.5416666865348816,0.02083333395421505,0.5625,0.875,1.0,1.0,0.9791666865348816,0.02083333395421505,0.0,0.0
IWildCam,6,0.3125,1.4361423866063199,0.4791666865348816,0.0,0.5208333730697632,0.8125,1.0,1.0,0.9791666865348816,0.0416666679084301,0.0416666679084301,0.0
IWildCam,7,0.2291666716337204,1.3816741490112872,0.3125,0.0,0.3333333432674408,0.9583333730697632,1.0,1.0,1.0,0.0,0.02083333395421505,0.0
IWildCam,8,0.1458333432674408,1.2423663503801932,0.0625,0.0,0.1041666716337204,1.0,1.0,1.0,1.0,0.0416666679084301,0.0,0.0
IWildCam,9,0.1666666716337204,1.2271026405252017,0.0416666679084301,0.0,0.0416666679084301,1.0,1.0,1.0,1.0,0.02083333395421505,0.0,0.0
IWildCam,10,0.1875,1.012744333915102,0.3125,0.0,0.3541666865348816,1.0,1.0,1.0,1.0,0.0833333358168602,0.0,0.0
IWildCam,11,0.1666666716337204,1.0289073179544672,0.8541666865348816,0.0,0.8541666865348816,1.0,1.0,1.0,1.0,0.2916666865348816,0.0,0.0
IWildCam,12,0.2291666716337204,1.000356360570572,0.9375,0.02083333395421505,0.9583333730697632,1.0,1.0,1.0,1.0,0.5208333730697632,0.0,0.0
IWildCam,13,0.3333333432674408,1.0000086540667106,1.0,0.1458333432674408,1.0,1.0,1.0,1.0,1.0,0.8125,0.0,0.0
IWildCam,14,0.2083333432674408,0.9999983302393987,1.0,0.5833333730697632,1.0,1.0,1.0,1.0,1.0,1.0,0.0,0.0
IWildCam,15,0.2291666716337204,0.9999983302393987,1.0,0.7916666865348816,1.0,1.0,1.0,1.0,1.0,1.0,0.0,0.0
IWildCam,16,0.2083333432674408,0.9999983302393987,1.0,0.9166666865348816,1.0,1.0,1.0,1.0,1.0,1.0,0.0,0.0
IWildCam,17,0.2916666865348816,0.9999983302393987,1.0,1.0,1.0,1.0,1.0,1.0,1.0,1.0,0.0,0.0
IWildCam,18,0.2916666865348816,0.9999983302393987,1.0,1.0,1.0,1.0,1.0,1.0,1.0,1.0,0.0,0.0
IWildCam,19,0.2916666865348816,0.9999983302393987,1.0,1.0,1.0,1.0,1.0,1.0,1.0,1.0,0.0,0.0
IWildCam,20,0.3125,0.9999983302393987,1.0,1.0,1.0,1.0,1.0,1.0,1.0,1.0,0.0,0.0
IWildCam,21,0.5833333730697632,2.65260143647511,0.1041666716337204,0.0625,0.1041666716337204,0.0416666679084301,0.1666666716337204,0.1458333432674408,0.1041666716337204,0.0416666679084301,0.2916666865348816,0.3125
IWildCam,22,0.5833333730697632,2.838421518421666,0.02083333395421505,0.0625,0.02083333395421505,0.0416666679084301,0.0416666679084301,0.0625,0.0625,0.02083333395421505,0.2708333432674408,0.3333333432674408
IWildCam,23,0.6041666865348816,2.808596118968886,0.0416666679084301,0.0,0.0416666679084301,0.1041666716337204,0.0833333358168602,0.0416666679084301,0.0,0.02083333395421505,0.3125,0.2916666865348816
IWildCam,24,0.5625,2.6513818483420084,0.0416666679084301,0.02083333395421505,0.0416666679084301,0.02083333395421505,0.0625,0.0833333358168602,0.02083333395421505,0.0,0.25,0.3541666865348816
IWildCam,25,0.75,2.599795197426247,0.1458333432674408,0.0416666679084301,0.1458333432674408,0.0,0.0416666679084301,0.0416666679084301,0.02083333395421505,0.02083333395421505,0.25,0.25
IWildCam,26,0.6458333730697632,3.0243833809299705,0.02083333395421505,0.02083333395421505,0.02083333395421505,0.02083333395421505,0.1458333432674408,0.0625,0.0416666679084301,0.0833333358168602,0.3541666865348816,0.375
IWildCam,27,0.4375,2.6266203550111853,0.0416666679084301,0.02083333395421505,0.0416666679084301,0.02083333395421505,0.0833333358168602,0.0625,0.0625,0.02083333395421505,0.5,0.4583333432674408
IWildCam,28,0.5,2.589209282551751,0.0625,0.02083333395421505,0.0625,0.02083333395421505,0.0416666679084301,0.0625,0.02083333395421505,0.0416666679084301,0.4375,0.4166666865348816
IWildCam,29,0.5416666865348816,2.6403488429193955,0.1041666716337204,0.1041666716337204,0.1041666716337204,0.0625,0.125,0.1041666716337204,0.1458333432674408,0.125,0.3125,0.375
IWildCam,30,0.6041666865348816,2.7485733869780393,0.0625,0.0416666679084301,0.0625,0.02083333395421505,0.0625,0.1041666716337204,0.0625,0.0625,0.375,0.3541666865348816
IWildCam,31,0.6458333730697632,2.7820757207661924,0.02083333395421505,0.0416666679084301,0.0416666679084301,0.0416666679084301,0.1041666716337204,0.1041666716337204,0.1041666716337204,0.1041666716337204,0.3958333432674408,0.4375
IWildCam,32,0.5,2.6510798419803807,0.0416666679084301,0.0416666679084301,0.0416666679084301,0.0416666679084301,0.0833333358168602,0.0625,0.0625,0.0833333358168602,0.375,0.375
IWildCam,33,0.5208333730697632,2.591315068021298,0.0416666679084301,0.1041666716337204,0.0416666679084301,0.0,0.0833333358168602,0.1041666716337204,0.1458333432674408,0.0833333358168602,0.4166666865348816,0.5
IWildCam,34,0.5,2.69164202183744,0.1041666716337204,0.0625,0.1041666716337204,0.0416666679084301,0.0625,0.02083333395421505,0.0625,0.0416666679084301,0.4583333432674408,0.4166666865348816
IWildCam,35,0.5833333730697632,2.5281417792369494,0.0833333358168602,0.0833333358168602,0.0833333358168602,0.0416666679084301,0.0625,0.0833333358168602,0.0833333358168602,0.0833333358168602,0.4166666865348816,0.3541666865348816
IWildCam,36,0.5416666865348816,2.9286289190557433,0.0625,0.0833333358168602,0.0625,0.0416666679084301,0.0416666679084301,0.125,0.0833333358168602,0.1041666716337204,0.2916666865348816,0.2916666865348816
IWildCam,37,0.5625,2.910969943613382,0.1041666716337204,0.0,0.1041666716337204,0.0416666679084301,0.1458333432674408,0.1458333432674408,0.0416666679084301,0.02083333395421505,0.3125,0.3958333432674408
IWildCam,38,0.5,2.552541525658767,0.0833333358168602,0.0416666679084301,0.1041666716337204,0.0625,0.02083333395421505,0.02083333395421505,0.0416666679084301,0.02083333395421505,0.4375,0.4791666865348816
IWildCam,39,0.5208333730697632,2.8866125937090583,0.125,0.02083333395421505,0.125,0.1041666716337204,0.125,0.125,0.0416666679084301,0.0,0.2916666865348816,0.375
IWildCam,40,0.4791666865348816,2.742368629112612,0.0416666679084301,0.0625,0.0416666679084301,0.1041666716337204,0.1041666716337204,0.125,0.0833333358168602,0.0833333358168602,0.3333333432674408,0.375
IWildCam,41,0.5833333730697632,2.592517862728639,0.0625,0.0833333358168602,0.0625,0.02083333395421505,0.0833333358168602,0.1041666716337204,0.1041666716337204,0.0625,0.3958333432674408,0.4375
IWildCam,42,0.5208333730697632,2.5441024162610035,0.1041666716337204,0.0625,0.1041666716337204,0.0625,0.0416666679084301,0.0833333358168602,0.0625,0.0833333358168602,0.3541666865348816,0.375
IWildCam,43,0.6041666865348816,2.915356881965746,0.02083333395421505,0.02083333395421505,0.0416666679084301,0.0625,0.125,0.0833333358168602,0.02083333395421505,0.0416666679084301,0.2916666865348816,0.2916666865348816
IWildCam,44,0.5625,2.6918997045671427,0.1041666716337204,0.0416666679084301,0.1041666716337204,0.0625,0.1458333432674408,0.0833333358168602,0.0625,0.0,0.375,0.3958333432674408
IWildCam,45,0.6041666865348816,2.8615534988495934,0.0625,0.125,0.0625,0.0833333358168602,0.2083333432674408,0.1875,0.1666666716337204,0.1041666716337204,0.3958333432674408,0.375
IWildCam,46,0.625,2.6172441173955714,0.0625,0.0833333358168602,0.0625,0.0833333358168602,0.1666666716337204,0.1666666716337204,0.1458333432674408,0.1875,0.2916666865348816,0.3125
IWildCam,47,0.5416666865348816,2.67497881395206,0.0625,0.02083333395421505,0.0625,0.0416666679084301,0.2083333432674408,0.1458333432674408,0.0625,0.0625,0.3125,0.3333333432674408
IWildCam,48,0.625,2.9681845945754173,0.0625,0.1041666716337204,0.0833333358168602,0.0833333358168602,0.3125,0.25,0.2083333432674408,0.1666666716337204,0.2083333432674408,0.25
IWildCam,49,0.5625,2.8245774036475635,0.0625,0.1666666716337204,0.0625,0.0625,0.2708333432674408,0.2916666865348816,0.2916666865348816,0.1458333432674408,0.3125,0.3333333432674408
IWildCam,50,0.4375,2.8151617978371335,0.02083333395421505,0.1041666716337204,0.02083333395421505,0.02083333395421505,0.2708333432674408,0.2708333432674408,0.2708333432674408,0.0833333358168602,0.4166666865348816,0.3958333432674408
IWildCam,51,0.5,2.6813575627204487,0.0416666679084301,0.0833333358168602,0.0416666679084301,0.0625,0.3541666865348816,0.2291666716337204,0.2291666716337204,0.1041666716337204,0.3333333432674408,0.3125
IWildCam,52,0.4791666865348816,2.651095258895833,0.02083333395421505,0.1458333432674408,0.02083333395421505,0.0416666679084301,0.3125,0.2708333432674408,0.25,0.1875,0.375,0.375
IWildCam,53,0.4583333432674408,2.61529800712178,0.02083333395421505,0.1666666716337204,0.02083333395421505,0.0,0.2083333432674408,0.1875,0.25,0.1458333432674408,0.2916666865348816,0.3333333432674408
IWildCam,54,0.6041666865348816,2.6251612540844502,0.02083333395421505,0.1458333432674408,0.02083333395421505,0.0,0.1875,0.1875,0.2291666716337204,0.1041666716337204,0.2291666716337204,0.3333333432674408
IWildCam,55,0.5,2.750819301196965,0.0625,0.1666666716337204,0.0416666679084301,0.0,0.3333333432674408,0.2708333432674408,0.3333333432674408,0.1458333432674408,0.375,0.3958333432674408
IWildCam,56,0.3541666865348816,2.7804588717581327,0.0,0.1041666716337204,0.0,0.0,0.1875,0.1666666716337204,0.1666666716337204,0.0625,0.375,0.4375
IWildCam,57,0.5208333730697632,2.608791518196787,0.02083333395421505,0.125,0.02083333395421505,0.0,0.2083333432674408,0.1666666716337204,0.2291666716337204,0.1458333432674408,0.375,0.375
IWildCam,58,0.4791666865348816,2.5473633691812263,0.0625,0.2291666716337204,0.0625,0.0416666679084301,0.1875,0.1666666716337204,0.2916666865348816,0.2083333432674408,0.3958333432674408,0.4166666865348816
IWildCam,59,0.6041666865348816,2.6295870100275063,0.0416666679084301,0.1458333432674408,0.0416666679084301,0.0,0.2083333432674408,0.1458333432674408,0.25,0.1041666716337204,0.2916666865348816,0.375
IWildCam,60,0.4166666865348816,2.527959253970077,0.0,0.2083333432674408,0.0,0.0,0.2291666716337204,0.2083333432674408,0.3333333432674408,0.2291666716337204,0.3541666865348816,0.4166666865348816
IWildCam,61,0.4791666865348816,2.450751341384965,0.0625,0.0625,0.0625,0.0,0.0625,0.02083333395421505,0.1041666716337204,0.0833333358168602,0.4166666865348816,0.5208333730697632
IWildCam,62,0.5,2.8231045376177457,0.02083333395421505,0.0625,0.02083333395421505,0.02083333395421505,0.0833333358168602,0.1041666716337204,0.0625,0.0625,0.4166666865348816,0.4375
IWildCam,63,0.5625,2.852295641120488,0.0833333358168602,0.02083333395421505,0.0833333358168602,0.0416666679084301,0.1875,0.1041666716337204,0.02083333395421505,0.02083333395421505,0.3333333432674408,0.3333333432674408
IWildCam,64,0.5833333730697632,2.221585500436025,0.0416666679084301,0.1041666716337204,0.0416666679084301,0.02083333395421505,0.0,0.0,0.1041666716337204,0.0625,0.2916666865348816,0.3333333432674408
IWildCam,65,0.6458333730697632,2.570190865528971,0.02083333395421505,0.0625,0.02083333395421505,0.0,0.02083333395421505,0.02083333395421505,0.0625,0.02083333395421505,0.3125,0.3541666865348816
IWildCam,66,0.5625,2.5548463545188858,0.0,0.0416666679084301,0.0,0.02083333395421505,0.02083333395421505,0.0833333358168602,0.0625,0.0416666679084301,0.2916666865348816,0.3958333432674408
IWildCam,67,0.5416666865348816,2.3975585782415485,0.0,0.1666666716337204,0.0,0.0,0.0625,0.1666666716337204,0.1666666716337204,0.1041666716337204,0.3333333432674408,0.3333333432674408
IWildCam,68,0.5,2.525835849168584,0.0,0.1041666716337204,0.0,0.02083333395421505,0.125,0.1875,0.1458333432674408,0.0833333358168602,0.4375,0.5416666865348816
IWildCam,69,0.4166666865348816,2.121914591432791,0.02083333395421505,0.1458333432674408,0.02083333395421505,0.0833333358168602,0.1875,0.2708333432674408,0.1875,0.1875,0.375,0.3958333432674408
IWildCam,70,0.2708333432674408,2.2434623787648986,0.0,0.2083333432674408,0.0,0.0416666679084301,0.1041666716337204,0.2083333432674408,0.2291666716337204,0.1875,0.625,0.6041666865348816
IWildCam,71,0.4583333432674408,2.407263801820832,0.0,0.1875,0.0,0.0,0.1875,0.2708333432674408,0.2708333432674408,0.0833333358168602,0.3333333432674408,0.3125
IWildCam,72,0.3125,2.002567431130468,0.0,0.1666666716337204,0.0,0.0,0.125,0.3125,0.2708333432674408,0.125,0.5208333730697632,0.5
IWildCam,73,0.3958333432674408,2.137621537607036,0.0,0.125,0.0,0.02083333395421505,0.0625,0.125,0.125,0.0625,0.4166666865348816,0.5208333730697632
IWildCam,74,0.375,2.3571015637720385,0.0,0.2083333432674408,0.0,0.0,0.2708333432674408,0.2291666716337204,0.2916666865348816,0.0833333358168602,0.4375,0.5416666865348816
IWildCam,75,0.3333333432674408,2.115892221183206,0.0,0.125,0.0,0.0,0.1458333432674408,0.2708333432674408,0.1666666716337204,0.125,0.4375,0.4166666865348816
IWildCam,76,0.4166666865348816,2.2327213311786633,0.0,0.1666666716337204,0.0,0.02083333395421505,0.2083333432674408,0.4583333432674408,0.3333333432674408,0.125,0.3958333432674408,0.375
IWildCam,77,0.4583333432674408,2.1639603741000726,0.0416666679084301,0.1041666716337204,0.0416666679084301,0.02083333395421505,0.2083333432674408,0.2708333432674408,0.1875,0.1041666716337204,0.4166666865348816,0.375
IWildCam,78,0.4375,2.3198843039640047,0.0,0.1458333432674408,0.0,0.0,0.1041666716337204,0.1875,0.2083333432674408,0.1041666716337204,0.3125,0.4166666865348816
IWildCam,79,0.4166666865348816,2.2503767276942237,0.02083333395421505,0.1041666716337204,0.02083333395421505,0.0,0.1041666716337204,0.2291666716337204,0.1666666716337204,0.0833333358168602,0.5,0.5833333730697632
IWildCam,80,0.5,2.392185507904361,0.0,0.125,0.0,0.02083333395421505,0.1875,0.2083333432674408,0.1875,0.0625,0.3958333432674408,0.4166666865348816
IWildCam,81,0.5,2.9352821439795953,0.0416666679084301,0.02083333395421505,0.0416666679084301,0.02083333395421505,0.125,0.0416666679084301,0.0416666679084301,0.0416666679084301,0.2708333432674408,0.375
IWildCam,82,0.5833333730697632,2.688482104773842,0.02083333395421505,0.0625,0.02083333395421505,0.02083333395421505,0.125,0.1458333432674408,0.1041666716337204,0.1041666716337204,0.4166666865348816,0.4166666865348816
IWildCam,83,0.5208333730697632,2.403899885929553,0.0833333358168602,0.0625,0.0833333358168602,0.0833333358168602,0.0625,0.0,0.0625,0.0833333358168602,0.2083333432674408,0.1875
IWildCam,84,0.6041666865348816,2.6970974074910603,0.0416666679084301,0.1041666716337204,0.0416666679084301,0.0416666679084301,0.0833333358168602,0.125,0.1458333432674408,0.1041666716337204,0.3541666865348816,0.4166666865348816
IWildCam,85,0.5416666865348816,2.7166694569598153,0.0416666679084301,0.0833333358168602,0.0416666679084301,0.02083333395421505,0.1666666716337204,0.125,0.1041666716337204,0.0833333358168602,0.3958333432674408,0.3541666865348816
IWildCam,86,0.5416666865348816,2.5833659962932685,0.0833333358168602,0.0416666679084301,0.0833333358168602,0.0,0.1666666716337204,0.125,0.02083333395421505,0.02083333395421505,0.5625,0.5416666865348816
IWildCam,87,0.5208333730697632,3.2489871914153383,0.0416666679084301,0.0625,0.0625,0.0416666679084301,0.1458333432674408,0.125,0.0833333358168602,0.0625,0.2291666716337204,0.25
IWildCam,88,0.5625,2.834085510950707,0.0625,0.0625,0.0625,0.02083333395421505,0.1458333432674408,0.125,0.0625,0.02083333395421505,0.3125,0.3125
IWildCam,89,0.5,2.9342888541411685,0.0625,0.0416666679084301,0.0625,0.0,0.2291666716337204,0.125,0.0416666679084301,0.02083333395421505,0.375,0.3541666865348816
IWildCam,90,0.5625,2.8241404992757277,0.0416666679084301,0.1041666716337204,0.0416666679084301,0.02083333395421505,0.125,0.1041666716337204,0.125,0.02083333395421505,0.25,0.3333333432674408
IWildCam,91,0.5625,2.5079313042872324,0.0625,0.1875,0.0625,0.0625,0.1041666716337204,0.0416666679084301,0.2083333432674408,0.1875,0.3958333432674408,0.4583333432674408
IWildCam,92,0.625,2.637431191670048,0.02083333395421505,0.0833333358168602,0.02083333395421505,0.0625,0.1458333432674408,0.125,0.0833333358168602,0.125,0.3958333432674408,0.375
IWildCam,93,0.625,2.8167673594606657,0.0,0.0833333358168602,0.0,0.02083333395421505,0.0625,0.125,0.0833333358168602,0.0833333358168602,0.4166666865348816,0.4583333432674408
IWildCam,94,0.4166666865348816,3.0415718651489754,0.02083333395421505,0.0833333358168602,0.02083333395421505,0.0416666679084301,0.1041666716337204,0.1041666716337204,0.0625,0.0833333358168602,0.3958333432674408,0.4166666865348816
IWildCam,95,0.5833333730697632,3.301640087215863,0.0625,0.0416666679084301,0.0625,0.0416666679084301,0.2083333432674408,0.1041666716337204,0.0625,0.0416666679084301,0.25,0.2708333432674408
IWildCam,96,0.6458333730697632,2.582889723726617,0.1041666716337204,0.0833333358168602,0.1041666716337204,0.0,0.0625,0.0833333358168602,0.0833333358168602,0.1041666716337204,0.2708333432674408,0.3125
IWildCam,97,0.5208333730697632,2.7460306971366566,0.02083333395421505,0.0625,0.02083333395421505,0.02083333395421505,0.125,0.1041666716337204,0.0833333358168602,0.0833333358168602,0.4375,0.4583333432674408
IWildCam,98,0.5833333730697632,2.3922433213373067,0.1041666716337204,0.0833333358168602,0.1041666716337204,0.0416666679084301,0.0833333358168602,0.0625,0.1041666716337204,0.0833333358168602,0.375,0.4375
IWildCam,99,0.5416666865348816,2.737837157177883,0.0,0.125,0.0,0.0625,0.125,0.125,0.1041666716337204,0.0625,0.4791666865348816,0.4375
IWildCam,100,0.5833333730697632,2.5154531072155843,0.0416666679084301,0.1041666716337204,0.0416666679084301,0.0,0.1041666716337204,0.1666666716337204,0.1458333432674408,0.0833333358168602,0.2708333432674408,0.2916666865348816
IWildCam,101,0.5208333730697632,2.770816141746843,0.0833333358168602,0.0833333358168602,0.0833333358168602,0.0416666679084301,0.1041666716337204,0.1041666716337204,0.0625,0.0625,0.4166666865348816,0.4375
IWildCam,102,0.5416666865348816,2.8390219522181206,0.1041666716337204,0.125,0.125,0.0416666679084301,0.0416666679084301,0.0833333358168602,0.0625,0.0833333358168602,0.3125,0.3541666865348816
IWildCam,103,0.6666666865348816,2.79559497910755,0.1041666716337204,0.0625,0.1041666716337204,0.1041666716337204,0.0625,0.0625,0.0833333358168602,0.0416666679084301,0.2916666865348816,0.2291666716337204
IWildCam,104,0.5,2.8834212922104325,0.0625,0.02083333395421505,0.0625,0.0416666679084301,0.1458333432674408,0.1041666716337204,0.0,0.0625,0.3541666865348816,0.4375
IWildCam,105,0.4791666865348816,2.88785393070503,0.0625,0.1041666716337204,0.0625,0.0416666679084301,0.0625,0.0833333358168602,0.125,0.1041666716337204,0.3958333432674408,0.5
IWildCam,106,0.6875,2.522655009148301,0.2083333432674408,0.0625,0.2083333432674408,0.0833333358168602,0.0625,0.0,0.0,0.0416666679084301,0.3333333432674408,0.3958333432674408
IWildCam,107,0.6041666865348816,2.917758892453626,0.1041666716337204,0.0416666679084301,0.1041666716337204,0.0833333358168602,0.1041666716337204,0.0416666679084301,0.0416666679084301,0.0625,0.2708333432674408,0.2916666865348816
IWildCam,108,0.4583333432674408,2.858774049235193,0.0416666679084301,0.0,0.0416666679084301,0.0416666679084301,0.0833333358168602,0.02083333395421505,0.02083333395421505,0.02083333395421505,0.375,0.4166666865348816
IWildCam,109,0.4583333432674408,2.7330961803742397,0.02083333395421505,0.0416666679084301,0.02083333395421505,0.0416666679084301,0.125,0.0833333358168602,0.02083333395421505,0.0416666679084301,0.4375,0.4166666865348816
IWildCam,110,0.4583333432674408,2.6492496338745433,0.0625,0.1041666716337204,0.0625,0.0,0.0416666679084301,0.0625,0.125,0.0625,0.3958333432674408,0.4166666865348816
IWildCam,111,0.6041666865348816,2.5908982606999627,0.0416666679084301,0.0416666679084301,0.0416666679084301,0.0,0.4791666865348816,0.2708333432674408,0.1666666716337204,0.02083333395421505,0.5208333730697632,0.5833333730697632
IWildCam,112,0.4791666865348816,2.5607749844164793,0.02083333395421505,0.1458333432674408,0.02083333395421505,0.02083333395421505,0.6458333730697632,0.375,0.3333333432674408,0.1875,0.4166666865348816,0.4166666865348816
IWildCam,113,0.5,2.685526461839987,0.0,0.1458333432674408,0.0,0.02083333395421505,0.625,0.375,0.2916666865348816,0.0833333358168602,0.5,0.5416666865348816
IWildCam,114,0.5625,2.6114156974484177,0.0,0.0833333358168602,0.0,0.0833333358168602,0.6666666865348816,0.4791666865348816,0.3125,0.125,0.2708333432674408,0.3333333432674408
IWildCam,115,0.4791666865348816,2.503321095962872,0.02083333395421505,0.0625,0.02083333395421505,0.0625,0.5,0.3125,0.2291666716337204,0.0833333358168602,0.4375,0.4166666865348816
IWildCam,116,0.5416666865348816,2.6700197979155913,0.0625,0.0833333358168602,0.0625,0.0625,0.6875,0.4166666865348816,0.2708333432674408,0.1458333432674408,0.4166666865348816,0.5208333730697632
IWildCam,117,0.2916666865348816,2.1720108946378196,0.0,0.125,0.02083333395421505,0.0625,0.8541666865348816,0.7083333730697632,0.6666666865348816,0.0625,0.5416666865348816,0.5625
IWildCam,118,0.3333333432674408,2.2110243627470774,0.02083333395421505,0.1666666716337204,0.02083333395421505,0.1041666716337204,0.8958333730697632,0.6041666865348816,0.75,0.0625,0.5208333730697632,0.5416666865348816
IWildCam,119,0.4166666865348816,2.1328553706647515,0.0,0.1875,0.0,0.02083333395421505,0.9166666865348816,0.7291666865348816,0.7083333730697632,0.125,0.4166666865348816,0.4791666865348816
IWildCam,120,0.2916666865348816,2.2268205067892963,0.02083333395421505,0.2291666716337204,0.02083333395421505,0.0625,0.8958333730697632,0.7708333730697632,0.75,0.0625,0.3958333432674408,0.3958333432674408
IWildCam,121,0.1666666716337204,1.1726199495719323,0.8541666865348816,0.7291666865348816,0.8541666865348816,1.0,1.0,1.0,1.0,0.8333333730697632,0.0,0.0
IWildCam,122,0.1666666716337204,1.2075959752960883,0.8333333730697632,0.6666666865348816,0.8333333730697632,1.0,1.0,1.0,1.0,0.8125,0.0,0.0
IWildCam,123,0.25,1.1301086999439192,0.7916666865348816,0.6041666865348816,0.8333333730697632,1.0,1.0,1.0,1.0,0.8333333730697632,0.0,0.0
IWildCam,124,0.2083333432674408,1.0938892036328136,0.8958333730697632,0.6875,0.9166666865348816,1.0,1.0,1.0,1.0,0.8541666865348816,0.0,0.0
IWildCam,125,0.1875,1.0489568100236355,0.9583333730697632,0.6875,0.9583333730697632,1.0,1.0,1.0,1.0,0.9583333730697632,0.0,0.0
IWildCam,126,0.2708333432674408,1.0023927010950684,0.9375,0.75,0.9375,1.0,1.0,1.0,1.0,0.8958333730697632,0.0,0.0
IWildCam,127,0.375,1.0000639209555864,1.0,0.7083333730697632,1.0,1.0,1.0,1.0,1.0,0.9791666865348816,0.0,0.0
IWildCam,128,0.3333333432674408,1.0002749399858397,0.9583333730697632,0.6666666865348816,0.9791666865348816,1.0,1.0,1.0,1.0,0.9583333730697632,0.0,0.0
IWildCam,129,0.2708333432674408,0.9999981925883679,1.0,0.8333333730697632,1.0,1.0,1.0,1.0,1.0,1.0,0.0,0.0
IWildCam,130,0.2916666865348816,0.9999983302393987,1.0,0.75,1.0,1.0,1.0,1.0,1.0,0.9583333730697632,0.0,0.0
IWildCam,131,0.2708333432674408,0.9999985367159449,1.0,0.8958333730697632,1.0,1.0,1.0,1.0,1.0,1.0,0.0,0.0
IWildCam,132,0.25,1.0000033545020237,1.0,0.7291666865348816,1.0,1.0,1.0,1.0,1.0,1.0,0.0,0.0
IWildCam,133,0.1875,0.9999983302393987,1.0,0.8125,1.0,1.0,1.0,1.0,1.0,1.0,0.0,0.0
IWildCam,134,0.1041666716337204,0.9999983302393987,1.0,0.875,1.0,1.0,1.0,1.0,1.0,1.0,0.0,0.0
IWildCam,135,0.2916666865348816,0.9999983302393987,1.0,0.7916666865348816,1.0,1.0,1.0,1.0,1.0,1.0,0.0,0.0
IWildCam,136,0.3125,0.9999983302393987,1.0,0.8333333730697632,1.0,1.0,1.0,1.0,1.0,1.0,0.0,0.0
IWildCam,137,0.2916666865348816,0.9999983302393987,1.0,0.875,1.0,1.0,1.0,1.0,1.0,1.0,0.0,0.0
IWildCam,138,0.1875,0.9999983302393987,1.0,0.8333333730697632,1.0,1.0,1.0,1.0,1.0,1.0,0.0,0.0
IWildCam,139,0.1875,0.9999983302393987,1.0,0.9583333730697632,1.0,1.0,1.0,1.0,1.0,1.0,0.0,0.0
IWildCam,140,0.2291666716337204,0.9999983302393987,1.0,0.9583333730697632,1.0,1.0,1.0,1.0,1.0,1.0,0.0,0.0
Camelyon17,0,0.9583333730697632,1.3837272141360284,0.0,0.0416666679084301,0.0,0.0416666679084301,0.0625,0.1041666716337204,0.125,0.0625,0.0,0.0
Camelyon17,1,1.0,1.4003140256993012,0.0,0.0625,0.0,0.0625,0.0625,0.0625,0.0,0.0416666679084301,0.0,0.0
Camelyon17,2,1.0,1.3704740352372538,0.0,0.0,0.0,0.0,0.02083333395421505,0.02083333395421505,0.1041666716337204,0.0833333358168602,0.0,0.0
Camelyon17,3,0.9166666865348816,1.3484767122564092,0.0,0.0,0.0,0.0,0.0,0.0,0.0833333358168602,0.0416666679084301,0.0,0.0
Camelyon17,4,0.9166666865348816,1.2839693096813136,0.0,0.0,0.0,0.0,0.0,0.0,0.1666666716337204,0.0416666679084301,0.02083333395421505,0.02083333395421505
Camelyon17,5,0.6875,1.1474567905331645,0.0,0.0,0.0,0.0,0.0,0.0,0.2083333432674408,0.2708333432674408,0.02083333395421505,0.02083333395421505
Camelyon17,6,0.4791666865348816,1.1174513435320665,0.0,0.0,0.0,0.0,0.0416666679084301,0.0,0.3541666865348816,0.2708333432674408,0.0,0.0
Camelyon17,7,0.4375,1.1821597166121653,0.0,0.0,0.0,0.0,0.125,0.0,0.3958333432674408,0.4166666865348816,0.0833333358168602,0.0833333358168602
Camelyon17,8,0.3333333432674408,1.235862063871693,0.0,0.0,0.0,0.0,0.2083333432674408,0.02083333395421505,0.4583333432674408,0.25,0.0416666679084301,0.0416666679084301
Camelyon17,9,0.2708333432674408,1.2944174358739549,0.0,0.0,0.0,0.0,0.4583333432674408,0.0416666679084301,0.7916666865348816,0.25,0.0416666679084301,0.0416666679084301
Camelyon17,10,0.3125,1.2508580424717315,0.0,0.0,0.0,0.0,0.625,0.3333333432674408,0.9375,0.125,0.0625,0.0625
Camelyon17,11,0.6041666865348816,1.269478785666461,0.0,0.0,0.0,0.0,0.5625,0.25,0.7708333730697632,0.1041666716337204,0.0,0.0
Camelyon17,12,0.4791666865348816,1.2412914334804876,0.0,0.02083333395421505,0.0,0.0,0.875,0.5208333730697632,0.9375,0.0625,0.0,0.0
Camelyon17,13,0.6666666865348816,1.2889488357213752,0.0,0.125,0.0,0.0,0.8125,0.5833333730697632,0.875,0.1041666716337204,0.02083333395421505,0.02083333395421505
Camelyon17,14,0.5208333730697632,1.1621603983437325,0.0,0.1458333432674408,0.0,0.0,0.9375,0.7291666865348816,1.0,0.0416666679084301,0.02083333395421505,0.02083333395421505
Camelyon17,15,0.4583333432674408,1.1757265956866012,0.0,0.2291666716337204,0.0,0.0,0.875,0.6666666865348816,1.0,0.0625,0.0,0.0
Camelyon17,16,0.5208333730697632,1.156827109154453,0.0,0.2291666716337204,0.0,0.0,0.8541666865348816,0.7708333730697632,1.0,0.0625,0.02083333395421505,0.02083333395421505
Camelyon17,17,0.5625,1.081902138915559,0.0,0.375,0.0,0.0,0.9791666865348816,0.8125,1.0,0.02083333395421505,0.0,0.0
Camelyon17,18,0.5208333730697632,1.0039870441595884,0.0,0.375,0.0,0.02083333395421505,1.0,0.8958333730697632,1.0,0.0,0.0,0.0
Camelyon17,19,0.5625,1.004099711528318,0.0,0.5625,0.0,0.0,1.0,0.9583333730697632,1.0,0.0,0.0,0.0
Camelyon17,20,0.6041666865348816,1.0009686323556777,0.0,0.5625,0.0,0.02083333395421505,1.0,0.9791666865348816,1.0,0.0,0.0,0.0
Camelyon17,21,0.9583333730697632,1.3688010246086177,0.0,0.0416666679084301,0.0,0.0416666679084301,0.0833333358168602,0.0416666679084301,0.1041666716337204,0.1041666716337204,0.0416666679084301,0.0416666679084301
Camelyon17,22,0.9791666865348816,1.3781282584572585,0.0,0.0625,0.0,0.0625,0.0833333358168602,0.0416666679084301,0.0833333358168602,0.0833333358168602,0.0,0.0
Camelyon17,23,1.0,1.3912252034360477,0.0,0.02083333395421505,0.0,0.0,0.0416666679084301,0.0416666679084301,0.0416666679084301,0.1041666716337204,0.0,0.0
Camelyon17,24,0.9375,1.3795518454180413,0.0,0.1458333432674408,0.0,0.1666666716337204,0.1875,0.1666666716337204,0.2291666716337204,0.02083333395421505,0.0,0.0
Camelyon17,25,0.9583333730697632,1.400520777547599,0.0,0.0416666679084301,0.0,0.0833333358168602,0.1458333432674408,0.125,0.1875,0.0625,0.0,0.0
Camelyon17,26,0.9791666865348816,1.3836198463319858,0.0,0.0416666679084301,0.0,0.0416666679084301,0.0416666679084301,0.0416666679084301,0.1041666716337204,0.125,0.0,0.0
Camelyon17,27,0.875,1.377748203961153,0.0,0.02083333395421505,0.0,0.0416666679084301,0.1041666716337204,0.0833333358168602,0.1875,0.0833333358168602,0.0,0.0
Camelyon17,28,0.8958333730697632,1.3731882382630434,0.0,0.0,0.0,0.0416666679084301,0.125,0.125,0.2291666716337204,0.0833333358168602,0.0,0.0
Camelyon17,29,0.9166666865348816,1.3855816488232906,0.0,0.02083333395421505,0.0,0.0833333358168602,0.1666666716337204,0.0833333358168602,0.3333333432674408,0.0833333358168602,0.0,0.0
Camelyon17,30,0.8125,1.3714268556726181,0.0,0.0625,0.0,0.125,0.2083333432674408,0.1666666716337204,0.2916666865348816,0.02083333395421505,0.0,0.0
Camelyon17,31,0.8333333730697632,1.355712201040647,0.0,0.02083333395421505,0.0,0.0416666679084301,0.1666666716337204,0.1041666716337204,0.375,0.0625,0.02083333395421505,0.02083333395421505
Camelyon17,32,0.8333333730697632,1.3695823318595752,0.0,0.125,0.0,0.125,0.2708333432674408,0.1458333432674408,0.375,0.1458333432674408,0.0,0.0
Camelyon17,33,0.8333333730697632,1.3716768299445947,0.0,0.02083333395421505,0.0,0.02083333395421505,0.2083333432674408,0.125,0.375,0.0833333358168602,0.0,0.0
Camelyon17,34,0.875,1.3767049467985373,0.0,0.0,0.0,0.02083333395421505,0.1666666716337204,0.0833333358168602,0.2916666865348816,0.0416666679084301,0.0,0.0
Camelyon17,35,0.875,1.3402899171981462,0.0,0.02083333395421505,0.0,0.0416666679084301,0.25,0.2083333432674408,0.3541666865348816,0.0416666679084301,0.0416666679084301,0.0416666679084301
Camelyon17,36,0.9166666865348816,1.3820016208136177,0.0,0.02083333395421505,0.0,0.0416666679084301,0.1458333432674408,0.125,0.3125,0.02083333395421505,0.0,0.0
Camelyon17,37,0.9583333730697632,1.3876444871712206,0.0,0.0416666679084301,0.0,0.0625,0.0833333358168602,0.1041666716337204,0.1041666716337204,0.0833333358168602,0.0,0.0
Camelyon17,38,0.9791666865348816,1.401043576162669,0.0,0.0625,0.0,0.0625,0.0625,0.0833333358168602,0.1041666716337204,0.02083333395421505,0.0,0.0
Camelyon17,39,0.9791666865348816,1.3783512531271935,0.0,0.0,0.0,0.0,0.0416666679084301,0.0416666679084301,0.0625,0.1041666716337204,0.0,0.0
Camelyon17,40,1.0,1.3949902344311484,0.0,0.0,0.0,0.0,0.0,0.0,0.02083333395421505,0.0416666679084301,0.0,0.0
Camelyon17,41,0.9791666865348816,1.392265019322893,0.0,0.125,0.0,0.125,0.125,0.125,0.0833333358168602,0.1041666716337204,0.0,0.0
Camelyon17,42,0.9583333730697632,1.3930701402021832,0.0,0.0833333358168602,0.0,0.0833333358168602,0.1041666716337204,0.1041666716337204,0.0833333358168602,0.0833333358168602,0.0,0.0
Camelyon17,43,0.9791666865348816,1.386431093334506,0.0,0.0625,0.0,0.0625,0.0625,0.0416666679084301,0.0625,0.02083333395421505,0.0,0.0
Camelyon17,44,0.8333333730697632,1.3058628437849167,0.0,0.0416666679084301,0.0,0.0416666679084301,0.0,0.02083333395421505,0.25,0.0416666679084301,0.0625,0.0625
Camelyon17,45,0.7708333730697632,1.3277689041323248,0.0,0.02083333395421505,0.0,0.02083333395421505,0.0833333358168602,0.0416666679084301,0.2708333432674408,0.0416666679084301,0.02083333395421505,0.02083333395421505
Camelyon17,46,0.7916666865348816,1.3391900854618617,0.0,0.02083333395421505,0.0,0.02083333395421505,0.02083333395421505,0.02083333395421505,0.2083333432674408,0.0625,0.02083333395421505,0.02083333395421505
Camelyon17,47,0.7291666865348816,1.3374427432765805,0.0,0.0,0.0,0.02083333395421505,0.0416666679084301,0.0416666679084301,0.3125,0.1041666716337204,0.0,0.0
Camelyon17,48,0.5416666865348816,1.3104859913061748,0.0,0.0416666679084301,0.0,0.02083333395421505,0.0833333358168602,0.1041666716337204,0.2291666716337204,0.2291666716337204,0.02083333395421505,0.02083333395421505
Camelyon17,49,0.5208333730697632,1.3237244415446512,0.0,0.0625,0.0,0.0625,0.1875,0.1666666716337204,0.2916666865348816,0.125,0.0,0.0
Camelyon17,50,0.6041666865348816,1.2305201026674715,0.0,0.0,0.0,0.0,0.4375,0.3958333432674408,0.5208333730697632,0.1041666716337204,0.0,0.0
Camelyon17,51,0.5833333730697632,1.19371414413954,0.0,0.0,0.0,0.0,0.3541666865348816,0.2916666865348816,0.4166666865348816,0.1041666716337204,0.0,0.0
Camelyon17,52,0.375,1.1808317971178053,0.0,0.0,0.0,0.0,0.4583333432674408,0.3541666865348816,0.3541666865348816,0.1458333432674408,0.02083333395421505,0.02083333395421505
Camelyon17,53,0.2916666865348816,1.2156537913384693,0.0,0.02083333395421505,0.0,0.02083333395421505,0.5,0.375,0.4375,0.125,0.0,0.0
Camelyon17,54,0.4791666865348816,1.217668176523549,0.0,0.0,0.0,0.02083333395421505,0.625,0.5833333730697632,0.375,0.1041666716337204,0.0,0.0
Camelyon17,55,0.3541666865348816,1.2866199179308624,0.0,0.0625,0.0,0.0416666679084301,0.8333333730697632,0.7916666865348816,0.625,0.2083333432674408,0.0,0.0
Camelyon17,56,0.3958333432674408,1.3160955461143182,0.0,0.1041666716337204,0.0,0.1041666716337204,0.7916666865348816,0.6875,0.7708333730697632,0.1041666716337204,0.0,0.0
Camelyon17,57,0.4583333432674408,1.363827830515974,0.0,0.0833333358168602,0.0,0.0625,0.8958333730697632,0.7916666865348816,0.8333333730697632,0.0833333358168602,0.02083333395421505,0.02083333395421505
Camelyon17,58,0.3958333432674408,1.3831401324895638,0.0,0.25,0.0,0.1666666716337204,0.9166666865348816,0.875,0.8958333730697632,0.02083333395421505,0.02083333395421505,0.02083333395421505
Camelyon17,59,0.3125,1.4085561564719555,0.0,0.2916666865348816,0.0,0.2083333432674408,0.9375,0.875,0.875,0.0625,0.0,0.0
Camelyon17,60,0.3333333432674408,1.3690741242537727,0.0,0.4166666865348816,0.0,0.3541666865348816,0.9791666865348816,0.9791666865348816,0.9583333730697632,0.02083333395421505,0.0,0.0
Camelyon17,61,1.0,1.3866645494827838,0.0,0.02083333395421505,0.0,0.0416666679084301,0.0,0.02083333395421505,0.02083333395421505,0.0833333358168602,0.0,0.0
Camelyon17,62,0.9791666865348816,1.3866549139106261,0.0,0.0625,0.0,0.0416666679084301,0.0625,0.0833333358168602,0.0625,0.0833333358168602,0.0,0.0
Camelyon17,63,0.9583333730697632,1.3849590532108733,0.0,0.0416666679084301,0.0,0.0416666679084301,0.0625,0.0416666679084301,0.0833333358168602,0.0833333358168602,0.0,0.0
Camelyon17,64,0.9375,1.374001480553152,0.0,0.0416666679084301,0.0,0.0416666679084301,0.0625,0.0416666679084301,0.1666666716337204,0.1041666716337204,0.0,0.0
Camelyon17,65,0.9375,1.3931527308206777,0.0,0.02083333395421505,0.0,0.02083333395421505,0.0625,0.0416666679084301,0.1458333432674408,0.0625,0.0,0.0
Camelyon17,66,0.9583333730697632,1.3812022812776221,0.0,0.02083333395421505,0.0,0.02083333395421505,0.0625,0.0416666679084301,0.25,0.0833333358168602,0.02083333395421505,0.02083333395421505
Camelyon17,67,0.8958333730697632,1.3556740717051088,0.0,0.02083333395421505,0.0,0.02083333395421505,0.1041666716337204,0.0416666679084301,0.2916666865348816,0.0625,0.0,0.0
Camelyon17,68,0.875,1.3524659767807223,0.0,0.0,0.0,0.0,0.0833333358168602,0.0416666679084301,0.2916666865348816,0.125,0.0,0.0
Camelyon17,69,0.75,1.3092961357957313,0.0,0.0,0.0,0.0,0.125,0.0833333358168602,0.4375,0.125,0.0,0.0
Camelyon17,70,0.8958333730697632,1.3391014381980109,0.0,0.0,0.0,0.02083333395421505,0.0833333358168602,0.0416666679084301,0.4166666865348816,0.1458333432674408,0.0,0.0
Camelyon17,71,0.5833333730697632,1.2777591834256845,0.0,0.02083333395421505,0.0,0.02083333395421505,0.2083333432674408,0.125,0.5625,0.1041666716337204,0.0,0.0
Camelyon17,72,0.5833333730697632,1.2362850654894153,0.0,0.0,0.0,0.0416666679084301,0.2916666865348816,0.0625,0.5208333730697632,0.2291666716337204,0.0416666679084301,0.0416666679084301
Camelyon17,73,0.5416666865348816,1.2692983251650507,0.0,0.02083333395421505,0.0,0.02083333395421505,0.3958333432674408,0.0625,0.6041666865348816,0.1666666716337204,0.0416666679084301,0.0416666679084301
Camelyon17,74,0.5625,1.3078349701035334,0.0,0.02083333395421505,0.0,0.02083333395421505,0.5,0.125,0.6041666865348816,0.1041666716337204,0.0416666679084301,0.0416666679084301
Camelyon17,75,0.625,1.240824796485994,0.0,0.0,0.0,0.0,0.1458333432674408,0.0625,0.3541666865348816,0.1041666716337204,0.0,0.0
Camelyon17,76,0.6666666865348816,1.304278755722193,0.0,0.0,0.0,0.0,0.2708333432674408,0.0833333358168602,0.5833333730697632,0.2708333432674408,0.0,0.0
Camelyon17,77,0.5416666865348816,1.3040695261553403,0.0,0.02083333395421505,0.0,0.0416666679084301,0.2708333432674408,0.1041666716337204,0.5208333730697632,0.1458333432674408,0.0,0.0
Camelyon17,78,0.6041666865348816,1.284715515919411,0.0,0.0,0.0,0.02083333395421505,0.25,0.1041666716337204,0.4375,0.0833333358168602,0.0,0.0
Camelyon17,79,0.7916666865348816,1.304044748969792,0.0,0.0,0.0,0.02083333395421505,0.1041666716337204,0.0625,0.4583333432674408,0.125,0.02083333395421505,0.02083333395421505
Camelyon17,80,0.7291666865348816,1.3070131934495137,0.0,0.0,0.0,0.0,0.1041666716337204,0.02083333395421505,0.3958333432674408,0.1041666716337204,0.02083333395421505,0.02083333395421505
Camelyon17,81,0.9791666865348816,1.3830713069741516,0.0,0.0416666679084301,0.0,0.0416666679084301,0.0625,0.0625,0.1041666716337204,0.1041666716337204,0.0,0.0
Camelyon17,82,0.9583333730697632,1.386005476347198,0.0,0.02083333395421505,0.0,0.0416666679084301,0.0,0.0,0.0625,0.0416666679084301,0.0,0.0
Camelyon17,83,1.0,1.3793218305455341,0.0,0.02083333395421505,0.0,0.02083333395421505,0.02083333395421505,0.02083333395421505,0.0416666679084301,0.0416666679084301,0.02083333395421505,0.02083333395421505
Camelyon17,84,1.0,1.4038714789399191,0.0,0.0625,0.0,0.0625,0.0833333358168602,0.0833333358168602,0.0625,0.02083333395421505,0.0,0.0
Camelyon17,85,1.0,1.3745809913929214,0.0,0.0,0.0,0.0,0.0,0.0,0.0625,0.0625,0.0,0.0
Camelyon17,86,1.0,1.3947171347859935,0.0,0.0416666679084301,0.0,0.0416666679084301,0.0625,0.0833333358168602,0.0833333358168602,0.0625,0.0,0.0
Camelyon17,87,1.0,1.3984997851130396,0.0,0.125,0.0,0.125,0.1041666716337204,0.0625,0.0,0.0416666679084301,0.0,0.0
Camelyon17,88,0.9791666865348816,1.3846592492657384,0.0,0.0416666679084301,0.0,0.0416666679084301,0.02083333395421505,0.0416666679084301,0.0833333358168602,0.0625,0.0,0.0
Camelyon17,89,1.0,1.4034033277840863,0.0,0.0416666679084301,0.0,0.0625,0.0625,0.0416666679084301,0.0416666679084301,0.0416666679084301,0.0,0.0
Camelyon17,90,1.0,1.3952908642824682,0.0,0.02083333395421505,0.0,0.02083333395421505,0.02083333395421505,0.02083333395421505,0.02083333395421505,0.0,0.0,0.0
Camelyon17,91,0.9791666865348816,1.3847584956589627,0.0,0.02083333395421505,0.0,0.0,0.0,0.0416666679084301,0.0416666679084301,0.0625,0.0,0.0
Camelyon17,92,0.9375,1.390109128878126,0.0,0.0416666679084301,0.0,0.0416666679084301,0.0625,0.0416666679084301,0.0416666679084301,0.0833333358168602,0.0,0.0
Camelyon17,93,1.0,1.3980460873154434,0.0,0.0833333358168602,0.0,0.0833333358168602,0.0833333358168602,0.1041666716337204,0.02083333395421505,0.02083333395421505,0.0,0.0
Camelyon17,94,0.9791666865348816,1.3857667894597492,0.0,0.02083333395421505,0.0,0.02083333395421505,0.0416666679084301,0.02083333395421505,0.0625,0.0416666679084301,0.0,0.0
Camelyon17,95,0.9791666865348816,1.4013108944645292,0.0,0.0416666679084301,0.0,0.0416666679084301,0.0625,0.0416666679084301,0.0833333358168602,0.0625,0.0,0.0
Camelyon17,96,0.9791666865348816,1.391222725717493,0.0,0.0625,0.0,0.0625,0.0625,0.0625,0.0416666679084301,0.0416666679084301,0.0,0.0
Camelyon17,97,0.9791666865348816,1.3863172559320147,0.0,0.0,0.0,0.0,0.02083333395421505,0.0,0.0833333358168602,0.02083333395421505,0.0,0.0
Camelyon17,98,1.0,1.4015597675282592,0.0,0.0416666679084301,0.0,0.0625,0.0625,0.0833333358168602,0.0625,0.0416666679084301,0.0,0.0
Camelyon17,99,0.9583333730697632,1.3901204162626537,0.0,0.0,0.0,0.0,0.02083333395421505,0.0,0.0625,0.125,0.0,0.0
Camelyon17,100,1.0,1.3953768961767332,0.0,0.0416666679084301,0.0,0.0416666679084301,0.02083333395421505,0.02083333395421505,0.0625,0.0833333358168602,0.0,0.0
Camelyon17,101,1.0,1.4037719572446332,0.0,0.0625,0.0,0.0625,0.0416666679084301,0.0625,0.02083333395421505,0.02083333395421505,0.0,0.0
Camelyon17,102,1.0,1.374213463140621,0.0,0.0416666679084301,0.0,0.0416666679084301,0.0625,0.0416666679084301,0.0416666679084301,0.0833333358168602,0.0,0.0
Camelyon17,103,0.9791666865348816,1.394071138498336,0.0,0.0625,0.0,0.1041666716337204,0.0625,0.0833333358168602,0.0625,0.0416666679084301,0.0,0.0
Camelyon17,104,1.0,1.3957643838285032,0.0,0.02083333395421505,0.0,0.02083333395421505,0.0,0.0,0.0416666679084301,0.02083333395421505,0.02083333395421505,0.02083333395421505
Camelyon17,105,1.0,1.3875895644099219,0.0,0.0625,0.0,0.0625,0.1041666716337204,0.0833333358168602,0.1458333432674408,0.02083333395421505,0.0,0.0
Camelyon17,106,1.0,1.4083498175767502,0.0,0.0,0.0,0.0,0.02083333395421505,0.0416666679084301,0.125,0.0,0.0,0.0
Camelyon17,107,1.0,1.3839720953198646,0.0,0.02083333395421505,0.0,0.0416666679084301,0.0416666679084301,0.0416666679084301,0.1041666716337204,0.0416666679084301,0.0,0.0
Camelyon17,108,0.9375,1.3737223242626408,0.0,0.0416666679084301,0.0,0.0416666679084301,0.0416666679084301,0.0625,0.0416666679084301,0.1041666716337204,0.0,0.0
Camelyon17,109,1.0,1.3982009447251205,0.0,0.0416666679084301,0.0,0.0416666679084301,0.0416666679084301,0.0625,0.0416666679084301,0.0625,0.0,0.0
Camelyon17,110,0.9791666865348816,1.3926826525504132,0.0,0.0625,0.0,0.0625,0.0625,0.0833333358168602,0.0416666679084301,0.0625,0.0,0.0
Camelyon17,111,1.0,1.3944642698423695,0.0,0.02083333395421505,0.0,0.02083333395421505,0.02083333395421505,0.02083333395421505,0.0416666679084301,0.0416666679084301,0.02083333395421505,0.02083333395421505
Camelyon17,112,0.9791666865348816,1.4009217550003896,0.0,0.0833333358168602,0.0,0.0833333358168602,0.125,0.0625,0.125,0.125,0.0,0.0
Camelyon17,113,1.0,1.393207928884038,0.0,0.0416666679084301,0.0,0.0625,0.0625,0.0625,0.0416666679084301,0.0416666679084301,0.0,0.0
Camelyon17,114,0.9791666865348816,1.3928263602265936,0.0,0.02083333395421505,0.0,0.02083333395421505,0.0,0.0416666679084301,0.02083333395421505,0.0625,0.0,0.0
Camelyon17,115,1.0,1.4089824617144178,0.0,0.0625,0.0,0.0625,0.0833333358168602,0.0625,0.0416666679084301,0.0,0.0,0.0
Camelyon17,116,0.9791666865348816,1.3963796839362868,0.0,0.02083333395421505,0.0,0.0416666679084301,0.0416666679084301,0.0416666679084301,0.0625,0.0,0.0,0.0
Camelyon17,117,1.0,1.3972554197943898,0.0,0.0833333358168602,0.0,0.0833333358168602,0.02083333395421505,0.0833333358168602,0.0625,0.0625,0.0,0.0
Camelyon17,118,1.0,1.407395345329016,0.0,0.0416666679084301,0.0,0.0625,0.0833333358168602,0.0833333358168602,0.125,0.02083333395421505,0.0,0.0
Camelyon17,119,1.0,1.3983614458270615,0.0,0.0416666679084301,0.0,0.0416666679084301,0.0625,0.0416666679084301,0.125,0.0625,0.0,0.0
Camelyon17,120,0.9583333730697632,1.3797698846508666,0.0,0.0625,0.0,0.0416666679084301,0.0625,0.0833333358168602,0.0416666679084301,0.0833333358168602,0.02083333395421505,0.02083333395421505
Camelyon17,121,0.3333333432674408,1.3073582845837897,0.0,0.0,0.0,0.0,0.2708333432674408,0.1666666716337204,0.5,0.1875,0.0,0.0
Camelyon17,122,0.375,1.3452657266603756,0.0,0.0,0.0,0.0,0.2708333432674408,0.25,0.3958333432674408,0.1041666716337204,0.0,0.0
Camelyon17,123,0.2916666865348816,1.3353372331090954,0.0,0.0,0.0,0.0,0.3333333432674408,0.25,0.5625,0.1666666716337204,0.02083333395421505,0.02083333395421505
Camelyon17,124,0.25,1.343790382912003,0.0,0.0,0.0,0.0,0.3541666865348816,0.25,0.5625,0.2291666716337204,0.02083333395421505,0.02083333395421505
Camelyon17,125,0.3958333432674408,1.3554059274970633,0.0,0.02083333395421505,0.0,0.0,0.4791666865348816,0.2083333432674408,0.6875,0.1666666716337204,0.0,0.0
Camelyon17,126,0.3958333432674408,1.3394342783905435,0.0,0.02083333395421505,0.0,0.0,0.4791666865348816,0.2708333432674408,0.7083333730697632,0.1666666716337204,0.02083333395421505,0.02083333395421505
Camelyon17,127,0.375,1.2992615132996856,0.0,0.02083333395421505,0.0,0.0,0.5416666865348816,0.3541666865348816,0.8333333730697632,0.2291666716337204,0.0416666679084301,0.0416666679084301
Camelyon17,128,0.4791666865348816,1.308653856085906,0.0,0.0,0.0,0.0,0.5625,0.3125,0.8125,0.1875,0.0,0.0
Camelyon17,129,0.4583333432674408,1.2462073647443086,0.0,0.0,0.0,0.0,0.6875,0.3958333432674408,0.9166666865348816,0.1041666716337204,0.0416666679084301,0.0416666679084301
Camelyon17,130,0.6041666865348816,1.253764819289644,0.0,0.0416666679084301,0.0,0.0,0.8333333730697632,0.5,0.9375,0.0833333358168602,0.0,0.0
Camelyon17,131,0.5833333730697632,1.2994057715799892,0.0,0.02083333395421505,0.0,0.0,0.8125,0.4375,0.9166666865348816,0.0833333358168602,0.0,0.0
Camelyon17,132,0.3541666865348816,1.230870286889888,0.0,0.1458333432674408,0.0,0.0,0.9166666865348816,0.625,0.9166666865348816,0.02083333395421505,0.0,0.0
Camelyon17,133,0.4791666865348816,1.2036681031315228,0.0,0.0625,0.0,0.0,0.875,0.6875,1.0,0.0416666679084301,0.0,0.0
Camelyon17,134,0.5,1.228264415225357,0.0,0.1875,0.0,0.0,0.9166666865348816,0.7708333730697632,0.9375,0.0625,0.0,0.0
Camelyon17,135,0.5208333730697632,1.1920346639124553,0.0,0.1666666716337204,0.0,0.0,0.9166666865348816,0.75,0.9791666865348816,0.02083333395421505,0.0,0.0
Camelyon17,136,0.4166666865348816,1.140511470121904,0.0,0.25,0.0,0.0,0.9583333730697632,0.875,1.0,0.02083333395421505,0.0,0.0
Camelyon17,137,0.4166666865348816,1.145648606592259,0.0,0.2916666865348816,0.0,0.0,0.9375,0.8541666865348816,1.0,0.02083333395421505,0.02083333395421505,0.02083333395421505
Camelyon17,138,0.6875,1.118135606806293,0.0,0.2083333432674408,0.0,0.0,0.9583333730697632,0.9166666865348816,1.0,0.0,0.02083333395421505,0.02083333395421505
Camelyon17,139,0.5208333730697632,1.017961445634366,0.0,0.4583333432674408,0.0,0.0,1.0,0.9375,1.0,0.0,0.0,0.0
Camelyon17,140,0.3958333432674408,1.0724389746739795,0.0,0.4375,0.0,0.0,0.9583333730697632,0.8541666865348816,1.0,0.0,0.02083333395421505,0.02083333395421505
