Dataset,Model,fold,true_acc,nuclear_norm,cot,N
CCT,resnet,ind_val,0.94351,3.30355,0.0,1664
CCT,resnet,ind_test,0.97656,3.34812,0.08502,1664
CCT,resnet,OoD Val,0.392,2.93454,0.40037,2000
CCT,resnet,OoD Test,0.3795,2.95754,0.42045,2000
CCT,resnet,noise_0.025,0.71034,3.15572,0.49465,1664
CCT,resnet,noise_0.05,0.39062,2.54963,1.11857,1664
CCT,resnet,noise_0.07500000000000001,0.25841,2.18321,1.29867,1664
CCT,resnet,noise_0.1,0.15084,1.92815,1.44915,1664
CCT,resnet,noise_0.125,0.12921,1.91272,1.45503,1664
CCT,resnet,noise_0.15000000000000002,0.08293,2.0132,1.26909,1664
CCT,resnet,noise_0.17500000000000002,0.10817,1.92741,1.35326,1664
CCT,resnet,noise_0.2,0.08654,1.89716,1.51896,1664
CCT,resnet,noise_0.225,0.04988,1.68978,1.60131,1664
CCT,resnet,noise_0.25,0.03065,1.52495,1.72652,1664
CCT,resnet,noise_0.275,0.02103,1.3958,1.77585,1664
CCT,resnet,noise_0.30000000000000004,0.01623,1.2873,1.78453,1664
CCT,resnet,noise_0.325,0.00962,1.22417,1.85267,1664
CCT,resnet,noise_0.35000000000000003,0.003,1.17195,1.92141,1664
CCT,resnet,noise_0.375,0.0012,1.14217,1.9453,1664
CCT,resnet,noise_0.4,0.0012,1.12977,1.95557,1664
CCT,resnet,noise_0.42500000000000004,0.0018,1.13168,1.94918,1664
CCT,resnet,noise_0.45,0.00601,1.16268,1.87372,1664
CCT,resnet,noise_0.47500000000000003,0.04207,1.34242,1.78481,1664
CCT,resnet,noise_0.5,0.07812,1.35672,1.78481,1664
CCT,resnet,multnoise_0.025,0.95974,3.32956,0.08712,1664
CCT,resnet,multnoise_0.05,0.68149,3.04948,0.46346,1664
CCT,resnet,multnoise_0.07500000000000001,0.39483,2.67644,0.97333,1664
CCT,resnet,multnoise_0.1,0.23017,2.33402,1.27822,1664
CCT,resnet,multnoise_0.125,0.14964,2.07622,1.42517,1664
CCT,resnet,multnoise_0.15000000000000002,0.09796,2.01582,1.37681,1664
CCT,resnet,multnoise_0.17500000000000002,0.09856,1.94173,1.31775,1664
CCT,resnet,multnoise_0.2,0.10697,1.88641,1.41996,1664
CCT,resnet,multnoise_0.225,0.09796,1.91531,1.48216,1664
CCT,resnet,multnoise_0.25,0.05228,1.90761,1.54519,1664
CCT,resnet,multnoise_0.275,0.04147,1.8751,1.5622,1664
CCT,resnet,multnoise_0.30000000000000004,0.03185,1.80772,1.56718,1664
CCT,resnet,multnoise_0.325,0.02764,1.7487,1.58827,1664
CCT,resnet,multnoise_0.35000000000000003,0.01983,1.7045,1.6121,1664
CCT,resnet,multnoise_0.375,0.01923,1.65377,1.63946,1664
CCT,resnet,multnoise_0.4,0.02043,1.61475,1.66291,1664
CCT,resnet,multnoise_0.42500000000000004,0.02224,1.59492,1.67353,1664
CCT,resnet,multnoise_0.45,0.02163,1.57911,1.68222,1664
CCT,resnet,multnoise_0.47500000000000003,0.02163,1.56127,1.69371,1664
CCT,resnet,multnoise_0.5,0.02344,1.53644,1.70692,1664
CCT,resnet,hue_0.025,0.97656,3.3489,0.08509,1664
CCT,resnet,hue_0.05,0.97656,3.34626,0.08455,1664
CCT,resnet,hue_0.07500000000000001,0.97416,3.33322,0.08269,1664
CCT,resnet,hue_0.1,0.95793,3.32414,0.0855,1664
CCT,resnet,hue_0.125,0.93029,3.31213,0.10756,1664
CCT,resnet,hue_0.15000000000000002,0.90204,3.29598,0.13596,1664
CCT,resnet,hue_0.17500000000000002,0.8726,3.26934,0.17124,1664
CCT,resnet,hue_0.2,0.85276,3.27273,0.19838,1664
CCT,resnet,hue_0.225,0.84495,3.26044,0.21407,1664
CCT,resnet,hue_0.25,0.83353,3.25882,0.22313,1664
CCT,resnet,hue_0.275,0.82512,3.25698,0.23373,1664
CCT,resnet,hue_0.30000000000000004,0.82031,3.2596,0.24152,1664
CCT,resnet,hue_0.325,0.81791,3.25779,0.2473,1664
CCT,resnet,hue_0.35000000000000003,0.8149,3.25738,0.2454,1664
CCT,resnet,hue_0.375,0.8137,3.25227,0.2459,1664
CCT,resnet,hue_0.4,0.80769,3.2435,0.2443,1664
CCT,resnet,hue_0.42500000000000004,0.80709,3.23896,0.2409,1664
CCT,resnet,hue_0.45,0.80709,3.23453,0.23819,1664
CCT,resnet,hue_0.47500000000000003,0.8095,3.2309,0.22992,1664
CCT,resnet,hue_0.5,0.8101,3.22942,0.22368,1664
CCT,resnet,saltpepper_0.025,0.04928,1.43012,1.77765,1664
CCT,resnet,saltpepper_0.05,0.04567,1.41976,1.78037,1664
CCT,resnet,saltpepper_0.07500000000000001,0.04207,1.38102,1.78411,1664
CCT,resnet,saltpepper_0.1,0.04147,1.37561,1.78449,1664
CCT,resnet,saltpepper_0.125,0.03966,1.36592,1.7846,1664
CCT,resnet,saltpepper_0.15000000000000002,0.03486,1.35589,1.78476,1664
CCT,resnet,saltpepper_0.17500000000000002,0.03365,1.34266,1.78481,1664
CCT,resnet,saltpepper_0.2,0.02764,1.33088,1.78481,1664
CCT,resnet,saltpepper_0.225,0.03065,1.32023,1.78481,1664
CCT,resnet,saltpepper_0.25,0.02885,1.3131,1.78481,1664
CCT,resnet,saltpepper_0.275,0.02224,1.29465,1.78481,1664
CCT,resnet,saltpepper_0.30000000000000004,0.01983,1.28064,1.78481,1664
CCT,resnet,saltpepper_0.325,0.01803,1.27994,1.78481,1664
CCT,resnet,saltpepper_0.35000000000000003,0.01623,1.2721,1.78481,1664
CCT,resnet,saltpepper_0.375,0.01322,1.25069,1.78481,1664
CCT,resnet,saltpepper_0.4,0.00841,1.23372,1.78481,1664
CCT,resnet,saltpepper_0.42500000000000004,0.00901,1.24962,1.78481,1664
CCT,resnet,saltpepper_0.45,0.01202,1.25734,1.78481,1664
CCT,resnet,saltpepper_0.47500000000000003,0.01142,1.23554,1.78481,1664
CCT,resnet,saltpepper_0.5,0.01322,1.20149,1.78481,1664
CCT,resnet,brightness_0.025,0.97596,3.34857,0.08643,1664
CCT,resnet,brightness_0.05,0.97596,3.34843,0.08663,1664
CCT,resnet,brightness_0.07500000000000001,0.97536,3.34901,0.08685,1664
CCT,resnet,brightness_0.1,0.97536,3.34848,0.08591,1664
CCT,resnet,brightness_0.125,0.97536,3.3483,0.08615,1664
CCT,resnet,brightness_0.15000000000000002,0.97476,3.34869,0.08758,1664
CCT,resnet,brightness_0.17500000000000002,0.97476,3.34872,0.08784,1664
CCT,resnet,brightness_0.2,0.97416,3.34797,0.08569,1664
CCT,resnet,brightness_0.225,0.97476,3.34836,0.08714,1664
CCT,resnet,brightness_0.25,0.97476,3.34828,0.08619,1664
CCT,resnet,brightness_0.275,0.97416,3.34874,0.0873,1664
CCT,resnet,brightness_0.30000000000000004,0.97536,3.34892,0.08785,1664
CCT,resnet,brightness_0.325,0.97596,3.34782,0.08688,1664
CCT,resnet,brightness_0.35000000000000003,0.97476,3.34833,0.08896,1664
CCT,resnet,brightness_0.375,0.97476,3.34871,0.08713,1664
CCT,resnet,brightness_0.4,0.97476,3.34836,0.08766,1664
CCT,resnet,brightness_0.42500000000000004,0.97536,3.34871,0.08462,1664
CCT,resnet,brightness_0.45,0.97596,3.34838,0.08643,1664
CCT,resnet,brightness_0.47500000000000003,0.97656,3.3482,0.08433,1664
CCT,resnet,brightness_0.5,0.97536,3.34793,0.08519,1664
CCT,resnet,contrast_0.025,0.97596,3.3487,0.08518,1664
CCT,resnet,contrast_0.05,0.97536,3.34864,0.08652,1664
CCT,resnet,contrast_0.07500000000000001,0.97416,3.34453,0.0853,1664
CCT,resnet,contrast_0.1,0.97356,3.33658,0.08514,1664
CCT,resnet,contrast_0.125,0.97236,3.33237,0.08489,1664
CCT,resnet,contrast_0.15000000000000002,0.96935,3.32822,0.08421,1664
CCT,resnet,contrast_0.17500000000000002,0.96575,3.32425,0.08176,1664
CCT,resnet,contrast_0.2,0.96214,3.3186,0.08262,1664
CCT,resnet,contrast_0.225,0.95793,3.31057,0.08349,1664
CCT,resnet,contrast_0.25,0.94772,3.29334,0.08163,1664
CCT,resnet,contrast_0.275,0.92668,3.26541,0.08531,1664
CCT,resnet,contrast_0.30000000000000004,0.90925,3.24292,0.09929,1664
CCT,resnet,contrast_0.325,0.88522,3.21447,0.1217,1664
CCT,resnet,contrast_0.35000000000000003,0.88642,3.21555,0.12002,1664
CCT,resnet,contrast_0.375,0.89724,3.23061,0.10785,1664
CCT,resnet,contrast_0.4,0.90986,3.24475,0.0966,1664
CCT,resnet,contrast_0.42500000000000004,0.91887,3.25788,0.09101,1664
CCT,resnet,contrast_0.45,0.92969,3.26964,0.08523,1664
CCT,resnet,contrast_0.47500000000000003,0.9405,3.28499,0.08182,1664
CCT,resnet,contrast_0.5,0.94952,3.30024,0.08283,1664
CCT,resnet,smear_0.025,0.95252,3.30894,0.08302,1664
CCT,resnet,smear_0.05,0.9363,3.29727,0.08344,1664
CCT,resnet,smear_0.07500000000000001,0.94531,3.31048,0.07697,1664
CCT,resnet,smear_0.1,0.92668,3.27829,0.09646,1664
CCT,resnet,smear_0.125,0.91947,3.28682,0.0972,1664
CCT,resnet,smear_0.15000000000000002,0.89784,3.28509,0.09533,1664
CCT,resnet,smear_0.17500000000000002,0.88522,3.2614,0.10834,1664
CCT,resnet,smear_0.2,0.88161,3.27705,0.11064,1664
CCT,resnet,smear_0.225,0.85877,3.25161,0.1294,1664
CCT,resnet,smear_0.25,0.85457,3.2406,0.13459,1664
CCT,resnet,smear_0.275,0.82873,3.22414,0.15188,1664
CCT,resnet,smear_0.30000000000000004,0.8095,3.21052,0.18463,1664
CCT,resnet,smear_0.325,0.78005,3.19243,0.20994,1664
CCT,resnet,smear_0.35000000000000003,0.74519,3.17557,0.25059,1664
CCT,resnet,smear_0.375,0.71995,3.15239,0.28483,1664
CCT,resnet,smear_0.4,0.69111,3.14194,0.29413,1664
CCT,resnet,smear_0.42500000000000004,0.65565,3.11271,0.3285,1664
CCT,resnet,smear_0.45,0.6238,3.08342,0.37173,1664
CCT,resnet,smear_0.47500000000000003,0.59555,3.09254,0.38767,1664
CCT,resnet,smear_0.5,0.58594,3.07172,0.39997,1664
CCT,resnet,fog_0.025,0.97656,3.34893,0.08622,1664
CCT,resnet,fog_0.05,0.97656,3.34871,0.08502,1664
CCT,resnet,fog_0.07500000000000001,0.97656,3.34817,0.08622,1664
CCT,resnet,fog_0.1,0.97656,3.34755,0.08622,1664
CCT,resnet,fog_0.125,0.97656,3.34829,0.08502,1664
CCT,resnet,fog_0.15000000000000002,0.97536,3.34724,0.08462,1664
CCT,resnet,fog_0.17500000000000002,0.97175,3.34658,0.08565,1664
CCT,resnet,fog_0.2,0.97236,3.33978,0.08419,1664
CCT,resnet,fog_0.225,0.97296,3.34747,0.08806,1664
CCT,resnet,fog_0.25,0.97115,3.34388,0.08278,1664
CCT,resnet,fog_0.275,0.83353,3.22363,0.16589,1664
CCT,resnet,fog_0.30000000000000004,0.8131,3.21276,0.18257,1664
CCT,resnet,fog_0.325,0.78005,3.23173,0.26525,1664
CCT,resnet,fog_0.35000000000000003,0.75361,3.21744,0.31903,1664
CCT,resnet,fog_0.375,0.80829,3.21645,0.22175,1664
CCT,resnet,fog_0.4,0.78185,3.23762,0.253,1664
CCT,resnet,fog_0.42500000000000004,0.35216,2.81441,0.75486,1664
CCT,resnet,fog_0.45,0.34435,2.77003,0.77046,1664
CCT,resnet,fog_0.47500000000000003,0.34495,2.79827,0.77307,1664
CCT,resnet,fog_0.5,0.31731,2.73045,0.82843,1664
CCT,resnet,jpeg_0.025,0.97596,3.34898,0.08565,1664
CCT,resnet,jpeg_0.05,0.97596,3.34776,0.08461,1664
CCT,resnet,jpeg_0.07500000000000001,0.97476,3.34675,0.08586,1664
CCT,resnet,jpeg_0.1,0.97356,3.34325,0.08605,1664
CCT,resnet,jpeg_0.125,0.97476,3.34098,0.08684,1664
CCT,resnet,jpeg_0.15000000000000002,0.97356,3.33993,0.08439,1664
CCT,resnet,jpeg_0.17500000000000002,0.97296,3.34425,0.08547,1664
CCT,resnet,jpeg_0.2,0.97296,3.34246,0.08506,1664
CCT,resnet,jpeg_0.225,0.97175,3.3437,0.08165,1664
CCT,resnet,jpeg_0.25,0.96935,3.34342,0.08352,1664
CCT,resnet,jpeg_0.275,0.97115,3.34186,0.08188,1664
CCT,resnet,jpeg_0.30000000000000004,0.97115,3.34183,0.08285,1664
CCT,resnet,jpeg_0.325,0.97115,3.33618,0.08329,1664
CCT,resnet,jpeg_0.35000000000000003,0.96454,3.34198,0.0842,1664
CCT,resnet,jpeg_0.375,0.96454,3.34071,0.08405,1664
CCT,resnet,jpeg_0.4,0.96514,3.33834,0.08522,1664
CCT,resnet,jpeg_0.42500000000000004,0.96514,3.33665,0.08807,1664
CCT,resnet,jpeg_0.45,0.96575,3.32913,0.08826,1664
CCT,resnet,jpeg_0.47500000000000003,0.95733,3.33196,0.08614,1664
CCT,resnet,jpeg_0.5,0.95613,3.33202,0.08606,1664
CCT,vit,ind_val,0.9405,3.29698,0.0,1664
CCT,vit,ind_test,0.96935,3.31778,0.08368,1664
CCT,vit,OoD Val,0.2985,2.8761,0.36023,2000
CCT,vit,OoD Test,0.299,2.86141,0.3268,2000
CCT,vit,noise_0.025,0.96815,3.31544,0.08436,1664
CCT,vit,noise_0.05,0.95613,3.30878,0.08596,1664
CCT,vit,noise_0.07500000000000001,0.89303,3.28217,0.12626,1664
CCT,vit,noise_0.1,0.78786,3.15696,0.28086,1664
CCT,vit,noise_0.125,0.6262,2.84232,0.59616,1664
CCT,vit,noise_0.15000000000000002,0.51683,2.55365,0.83454,1664
CCT,vit,noise_0.17500000000000002,0.45012,2.36203,0.95805,1664
CCT,vit,noise_0.2,0.40625,2.2223,1.043,1664
CCT,vit,noise_0.225,0.3732,2.12158,1.10642,1664
CCT,vit,noise_0.25,0.33534,2.01552,1.18368,1664
CCT,vit,noise_0.275,0.30589,1.90868,1.24738,1664
CCT,vit,noise_0.30000000000000004,0.27584,1.80746,1.29733,1664
CCT,vit,noise_0.325,0.24639,1.71723,1.33346,1664
CCT,vit,noise_0.35000000000000003,0.22837,1.64137,1.36522,1664
CCT,vit,noise_0.375,0.21094,1.5662,1.39837,1664
CCT,vit,noise_0.4,0.19832,1.49907,1.4249,1664
CCT,vit,noise_0.42500000000000004,0.19231,1.4579,1.44592,1664
CCT,vit,noise_0.45,0.1899,1.41806,1.46209,1664
CCT,vit,noise_0.47500000000000003,0.18269,1.37866,1.47696,1664
CCT,vit,noise_0.5,0.17849,1.35142,1.48975,1664
CCT,vit,multnoise_0.025,0.96995,3.31775,0.08418,1664
CCT,vit,multnoise_0.05,0.96575,3.31419,0.08224,1664
CCT,vit,multnoise_0.07500000000000001,0.95974,3.3103,0.07918,1664
CCT,vit,multnoise_0.1,0.95493,3.29376,0.07431,1664
CCT,vit,multnoise_0.125,0.92909,3.26197,0.07509,1664
CCT,vit,multnoise_0.15000000000000002,0.87019,3.18461,0.12194,1664
CCT,vit,multnoise_0.17500000000000002,0.77043,3.03765,0.26251,1664
CCT,vit,multnoise_0.2,0.66827,2.90403,0.37946,1664
CCT,vit,multnoise_0.225,0.59135,2.80919,0.48006,1664
CCT,vit,multnoise_0.25,0.53606,2.70888,0.59653,1664
CCT,vit,multnoise_0.275,0.48498,2.61982,0.69702,1664
CCT,vit,multnoise_0.30000000000000004,0.4351,2.51392,0.78778,1664
CCT,vit,multnoise_0.325,0.40144,2.4155,0.86532,1664
CCT,vit,multnoise_0.35000000000000003,0.36959,2.30993,0.94043,1664
CCT,vit,multnoise_0.375,0.34495,2.2112,1.01127,1664
CCT,vit,multnoise_0.4,0.32332,2.13078,1.07013,1664
CCT,vit,multnoise_0.42500000000000004,0.30108,2.06905,1.11901,1664
CCT,vit,multnoise_0.45,0.28125,2.02081,1.15885,1664
CCT,vit,multnoise_0.47500000000000003,0.27163,1.98312,1.18985,1664
CCT,vit,multnoise_0.5,0.26683,1.94798,1.21539,1664
CCT,vit,hue_0.025,0.96995,3.31728,0.08321,1664
CCT,vit,hue_0.05,0.96935,3.31476,0.08254,1664
CCT,vit,hue_0.07500000000000001,0.96695,3.31567,0.08647,1664
CCT,vit,hue_0.1,0.96695,3.31656,0.08488,1664
CCT,vit,hue_0.125,0.96334,3.32335,0.08519,1664
CCT,vit,hue_0.15000000000000002,0.95974,3.31806,0.08387,1664
CCT,vit,hue_0.17500000000000002,0.95312,3.31594,0.08497,1664
CCT,vit,hue_0.2,0.94531,3.30942,0.09467,1664
CCT,vit,hue_0.225,0.9363,3.29892,0.10253,1664
CCT,vit,hue_0.25,0.91947,3.29012,0.11712,1664
CCT,vit,hue_0.275,0.90445,3.28515,0.13161,1664
CCT,vit,hue_0.30000000000000004,0.89363,3.28122,0.14143,1664
CCT,vit,hue_0.325,0.88161,3.2707,0.15053,1664
CCT,vit,hue_0.35000000000000003,0.86899,3.26519,0.15599,1664
CCT,vit,hue_0.375,0.86058,3.2624,0.1603,1664
CCT,vit,hue_0.4,0.85577,3.2579,0.16167,1664
CCT,vit,hue_0.42500000000000004,0.85457,3.25443,0.15765,1664
CCT,vit,hue_0.45,0.85938,3.25085,0.1481,1664
CCT,vit,hue_0.47500000000000003,0.85877,3.24625,0.1385,1664
CCT,vit,hue_0.5,0.85637,3.23819,0.13288,1664
CCT,vit,saltpepper_0.025,0.26562,1.89597,1.09195,1664
CCT,vit,saltpepper_0.05,0.25361,1.87222,1.11262,1664
CCT,vit,saltpepper_0.07500000000000001,0.2512,1.84479,1.12603,1664
CCT,vit,saltpepper_0.1,0.24459,1.81347,1.14845,1664
CCT,vit,saltpepper_0.125,0.23257,1.79314,1.16549,1664
CCT,vit,saltpepper_0.15000000000000002,0.23137,1.76816,1.18016,1664
CCT,vit,saltpepper_0.17500000000000002,0.22656,1.74869,1.19729,1664
CCT,vit,saltpepper_0.2,0.22115,1.7232,1.22195,1664
CCT,vit,saltpepper_0.225,0.22055,1.70493,1.23316,1664
CCT,vit,saltpepper_0.25,0.21635,1.67937,1.24745,1664
CCT,vit,saltpepper_0.275,0.21154,1.65712,1.25524,1664
CCT,vit,saltpepper_0.30000000000000004,0.21034,1.62972,1.27669,1664
CCT,vit,saltpepper_0.325,0.20913,1.60598,1.29297,1664
CCT,vit,saltpepper_0.35000000000000003,0.20853,1.59299,1.29224,1664
CCT,vit,saltpepper_0.375,0.20974,1.58966,1.28902,1664
CCT,vit,saltpepper_0.4,0.20853,1.578,1.29332,1664
CCT,vit,saltpepper_0.42500000000000004,0.20493,1.54932,1.30934,1664
CCT,vit,saltpepper_0.45,0.20072,1.52348,1.3113,1664
CCT,vit,saltpepper_0.47500000000000003,0.19892,1.5162,1.30777,1664
CCT,vit,saltpepper_0.5,0.19471,1.50672,1.30799,1664
CCT,vit,brightness_0.025,0.96935,3.31776,0.08254,1664
CCT,vit,brightness_0.05,0.96995,3.31825,0.08501,1664
CCT,vit,brightness_0.07500000000000001,0.96815,3.31775,0.08507,1664
CCT,vit,brightness_0.1,0.96815,3.31827,0.08392,1664
CCT,vit,brightness_0.125,0.96755,3.31801,0.08516,1664
CCT,vit,brightness_0.15000000000000002,0.96755,3.31758,0.08399,1664
CCT,vit,brightness_0.17500000000000002,0.96755,3.31786,0.08402,1664
CCT,vit,brightness_0.2,0.96755,3.31757,0.08524,1664
CCT,vit,brightness_0.225,0.96755,3.31809,0.08405,1664
CCT,vit,brightness_0.25,0.96755,3.3177,0.08525,1664
CCT,vit,brightness_0.275,0.96695,3.31747,0.08404,1664
CCT,vit,brightness_0.30000000000000004,0.96755,3.31729,0.08401,1664
CCT,vit,brightness_0.325,0.96695,3.31633,0.08517,1664
CCT,vit,brightness_0.35000000000000003,0.96695,3.31722,0.08523,1664
CCT,vit,brightness_0.375,0.96755,3.31746,0.08405,1664
CCT,vit,brightness_0.4,0.96755,3.31842,0.08521,1664
CCT,vit,brightness_0.42500000000000004,0.96815,3.31706,0.08391,1664
CCT,vit,brightness_0.45,0.96935,3.31723,0.08374,1664
CCT,vit,brightness_0.47500000000000003,0.96995,3.31708,0.08353,1664
CCT,vit,brightness_0.5,0.97055,3.31698,0.08308,1664
CCT,vit,contrast_0.025,0.96695,3.31687,0.08396,1664
CCT,vit,contrast_0.05,0.96755,3.31515,0.08301,1664
CCT,vit,contrast_0.07500000000000001,0.96695,3.31485,0.08435,1664
CCT,vit,contrast_0.1,0.96575,3.3147,0.08542,1664
CCT,vit,contrast_0.125,0.96575,3.31084,0.08245,1664
CCT,vit,contrast_0.15000000000000002,0.96334,3.30833,0.08265,1664
CCT,vit,contrast_0.17500000000000002,0.95853,3.30345,0.08175,1664
CCT,vit,contrast_0.2,0.95312,3.29972,0.07833,1664
CCT,vit,contrast_0.225,0.94772,3.29415,0.07675,1664
CCT,vit,contrast_0.25,0.94171,3.28585,0.07807,1664
CCT,vit,contrast_0.275,0.92969,3.27594,0.07809,1664
CCT,vit,contrast_0.30000000000000004,0.91166,3.26667,0.08095,1664
CCT,vit,contrast_0.325,0.89183,3.24494,0.09114,1664
CCT,vit,contrast_0.35000000000000003,0.89243,3.24613,0.09061,1664
CCT,vit,contrast_0.375,0.90505,3.26015,0.08387,1664
CCT,vit,contrast_0.4,0.91286,3.26612,0.08154,1664
CCT,vit,contrast_0.42500000000000004,0.92488,3.27217,0.07824,1664
CCT,vit,contrast_0.45,0.93209,3.27894,0.07882,1664
CCT,vit,contrast_0.47500000000000003,0.9375,3.28253,0.07798,1664
CCT,vit,contrast_0.5,0.94471,3.28762,0.07846,1664
CCT,vit,smear_0.025,0.96394,3.31459,0.08348,1664
CCT,vit,smear_0.05,0.96034,3.31672,0.08684,1664
CCT,vit,smear_0.07500000000000001,0.96094,3.31951,0.0843,1664
CCT,vit,smear_0.1,0.95433,3.32397,0.07915,1664
CCT,vit,smear_0.125,0.95673,3.32184,0.08383,1664
CCT,vit,smear_0.15000000000000002,0.94772,3.29752,0.07814,1664
CCT,vit,smear_0.17500000000000002,0.94832,3.29955,0.07039,1664
CCT,vit,smear_0.2,0.94471,3.29039,0.07051,1664
CCT,vit,smear_0.225,0.93389,3.27075,0.07869,1664
CCT,vit,smear_0.25,0.92188,3.27936,0.06754,1664
CCT,vit,smear_0.275,0.91166,3.2665,0.0708,1664
CCT,vit,smear_0.30000000000000004,0.90264,3.26896,0.07579,1664
CCT,vit,smear_0.325,0.88942,3.25133,0.08975,1664
CCT,vit,smear_0.35000000000000003,0.8738,3.24461,0.10655,1664
CCT,vit,smear_0.375,0.86478,3.2271,0.10015,1664
CCT,vit,smear_0.4,0.84976,3.23167,0.11924,1664
CCT,vit,smear_0.42500000000000004,0.82873,3.2235,0.14715,1664
CCT,vit,smear_0.45,0.81971,3.21063,0.15701,1664
CCT,vit,smear_0.47500000000000003,0.80048,3.20944,0.1517,1664
CCT,vit,smear_0.5,0.77764,3.17729,0.17861,1664
CCT,vit,fog_0.025,0.96935,3.31743,0.08488,1664
CCT,vit,fog_0.05,0.96935,3.31766,0.08368,1664
CCT,vit,fog_0.07500000000000001,0.96935,3.31744,0.08368,1664
CCT,vit,fog_0.1,0.96935,3.31718,0.08368,1664
CCT,vit,fog_0.125,0.96935,3.31794,0.08488,1664
CCT,vit,fog_0.15000000000000002,0.96695,3.32103,0.0826,1664
CCT,vit,fog_0.17500000000000002,0.96635,3.32013,0.08421,1664
CCT,vit,fog_0.2,0.96935,3.31387,0.08303,1664
CCT,vit,fog_0.225,0.96935,3.31478,0.08385,1664
CCT,vit,fog_0.25,0.96815,3.31138,0.08233,1664
CCT,vit,fog_0.275,0.96094,3.30774,0.08604,1664
CCT,vit,fog_0.30000000000000004,0.95493,3.30829,0.09573,1664
CCT,vit,fog_0.325,0.95312,3.31585,0.09715,1664
CCT,vit,fog_0.35000000000000003,0.95673,3.30862,0.09885,1664
CCT,vit,fog_0.375,0.95613,3.31176,0.08887,1664
CCT,vit,fog_0.4,0.95072,3.29902,0.09525,1664
CCT,vit,fog_0.42500000000000004,0.90144,3.30481,0.13206,1664
CCT,vit,fog_0.45,0.90925,3.29912,0.13202,1664
CCT,vit,fog_0.47500000000000003,0.91827,3.29772,0.10012,1664
CCT,vit,fog_0.5,0.91707,3.28442,0.10674,1664
CCT,vit,jpeg_0.025,0.97055,3.31454,0.08387,1664
CCT,vit,jpeg_0.05,0.96995,3.31516,0.08499,1664
CCT,vit,jpeg_0.07500000000000001,0.96995,3.31438,0.08249,1664
CCT,vit,jpeg_0.1,0.97115,3.3148,0.08481,1664
CCT,vit,jpeg_0.125,0.96935,3.31419,0.08377,1664
CCT,vit,jpeg_0.15000000000000002,0.96815,3.31439,0.08352,1664
CCT,vit,jpeg_0.17500000000000002,0.96935,3.31424,0.08506,1664
CCT,vit,jpeg_0.2,0.97115,3.31351,0.08366,1664
CCT,vit,jpeg_0.225,0.96935,3.31296,0.08373,1664
CCT,vit,jpeg_0.25,0.96875,3.31455,0.08339,1664
CCT,vit,jpeg_0.275,0.96995,3.31447,0.08454,1664
CCT,vit,jpeg_0.30000000000000004,0.96935,3.3149,0.08377,1664
CCT,vit,jpeg_0.325,0.96815,3.31386,0.08371,1664
CCT,vit,jpeg_0.35000000000000003,0.96815,3.31376,0.08328,1664
CCT,vit,jpeg_0.375,0.96995,3.31441,0.08327,1664
CCT,vit,jpeg_0.4,0.96875,3.31281,0.0832,1664
CCT,vit,jpeg_0.42500000000000004,0.96755,3.31225,0.08194,1664
CCT,vit,jpeg_0.45,0.96875,3.31306,0.08402,1664
CCT,vit,jpeg_0.47500000000000003,0.96815,3.31319,0.08468,1664
CCT,vit,jpeg_0.5,0.96755,3.31018,0.08331,1664
OfficeHome,resnet,ind_val,0.39583,5.73218,0.0,432
OfficeHome,resnet,ind_test,0.34722,5.65914,0.29848,432
OfficeHome,resnet,Clipart,0.0625,5.16369,0.71339,432
OfficeHome,resnet,Art,0.1625,4.95236,0.456,240
OfficeHome,resnet,Product,0.25694,5.50252,0.4562,432
OfficeHome,resnet,noise_0.025,0.23611,5.05225,0.73542,432
OfficeHome,resnet,noise_0.05,0.15278,4.2693,0.9622,432
OfficeHome,resnet,noise_0.07500000000000001,0.11343,3.96506,1.04185,432
OfficeHome,resnet,noise_0.1,0.08796,3.72879,1.16619,432
OfficeHome,resnet,noise_0.125,0.06944,3.40361,1.27983,432
OfficeHome,resnet,noise_0.15000000000000002,0.04861,3.07478,1.47576,432
OfficeHome,resnet,noise_0.17500000000000002,0.03241,2.85696,1.56717,432
OfficeHome,resnet,noise_0.2,0.02315,2.68157,1.63015,432
OfficeHome,resnet,noise_0.225,0.02315,2.45061,1.68773,432
OfficeHome,resnet,noise_0.25,0.01852,2.1314,1.73862,432
OfficeHome,resnet,noise_0.275,0.01852,1.87807,1.76541,432
OfficeHome,resnet,noise_0.30000000000000004,0.01389,1.67041,1.81896,432
OfficeHome,resnet,noise_0.325,0.01389,1.46917,1.88665,432
OfficeHome,resnet,noise_0.35000000000000003,0.01157,1.29024,1.93168,432
OfficeHome,resnet,noise_0.375,0.01389,1.18954,1.94697,432
OfficeHome,resnet,noise_0.4,0.01389,1.09092,1.95402,432
OfficeHome,resnet,noise_0.42500000000000004,0.01389,1.02215,1.96528,432
OfficeHome,resnet,noise_0.45,0.01389,1.00048,1.96938,432
OfficeHome,resnet,noise_0.47500000000000003,0.01389,1.0001,1.96946,432
OfficeHome,resnet,noise_0.5,0.01389,1.0001,1.96946,432
OfficeHome,resnet,multnoise_0.025,0.2338,4.89191,0.78501,432
OfficeHome,resnet,multnoise_0.05,0.19907,4.68724,0.80361,432
OfficeHome,resnet,multnoise_0.07500000000000001,0.13194,4.37214,0.92822,432
OfficeHome,resnet,multnoise_0.1,0.10417,3.92823,1.093,432
OfficeHome,resnet,multnoise_0.125,0.08102,3.36431,1.38034,432
OfficeHome,resnet,multnoise_0.15000000000000002,0.04861,2.97915,1.55617,432
OfficeHome,resnet,multnoise_0.17500000000000002,0.03009,2.71445,1.66763,432
OfficeHome,resnet,multnoise_0.2,0.02083,2.39622,1.74233,432
OfficeHome,resnet,multnoise_0.225,0.01852,2.14365,1.78075,432
OfficeHome,resnet,multnoise_0.25,0.0162,1.98089,1.81502,432
OfficeHome,resnet,multnoise_0.275,0.01389,1.87342,1.84036,432
OfficeHome,resnet,multnoise_0.30000000000000004,0.0162,1.75344,1.85489,432
OfficeHome,resnet,multnoise_0.325,0.0162,1.66998,1.86746,432
OfficeHome,resnet,multnoise_0.35000000000000003,0.01389,1.61979,1.8751,432
OfficeHome,resnet,multnoise_0.375,0.01389,1.58401,1.88023,432
OfficeHome,resnet,multnoise_0.4,0.01389,1.55754,1.88349,432
OfficeHome,resnet,multnoise_0.42500000000000004,0.01389,1.53536,1.88584,432
OfficeHome,resnet,multnoise_0.45,0.01389,1.45869,1.89272,432
OfficeHome,resnet,multnoise_0.47500000000000003,0.01389,1.4702,1.8907,432
OfficeHome,resnet,multnoise_0.5,0.01389,1.44873,1.89605,432
OfficeHome,resnet,hue_0.025,0.35417,5.63014,0.31559,432
OfficeHome,resnet,hue_0.05,0.35417,5.61594,0.32658,432
OfficeHome,resnet,hue_0.07500000000000001,0.34028,5.5904,0.32624,432
OfficeHome,resnet,hue_0.1,0.33102,5.54844,0.34135,432
OfficeHome,resnet,hue_0.125,0.33333,5.49069,0.37126,432
OfficeHome,resnet,hue_0.15000000000000002,0.31713,5.46081,0.41447,432
OfficeHome,resnet,hue_0.17500000000000002,0.2963,5.3997,0.44938,432
OfficeHome,resnet,hue_0.2,0.27546,5.35659,0.49286,432
OfficeHome,resnet,hue_0.225,0.25694,5.33577,0.53636,432
OfficeHome,resnet,hue_0.25,0.24537,5.28883,0.57165,432
OfficeHome,resnet,hue_0.275,0.24306,5.25149,0.61206,432
OfficeHome,resnet,hue_0.30000000000000004,0.23843,5.21558,0.63371,432
OfficeHome,resnet,hue_0.325,0.22685,5.21248,0.64754,432
OfficeHome,resnet,hue_0.35000000000000003,0.21991,5.18693,0.64924,432
OfficeHome,resnet,hue_0.375,0.21991,5.18767,0.65246,432
OfficeHome,resnet,hue_0.4,0.20833,5.1929,0.65171,432
OfficeHome,resnet,hue_0.42500000000000004,0.2037,5.18936,0.65975,432
OfficeHome,resnet,hue_0.45,0.19907,5.19351,0.65614,432
OfficeHome,resnet,hue_0.47500000000000003,0.19444,5.19631,0.65647,432
OfficeHome,resnet,hue_0.5,0.19444,5.21699,0.64089,432
OfficeHome,resnet,saltpepper_0.025,0.04167,2.19492,1.76585,432
OfficeHome,resnet,saltpepper_0.05,0.04167,2.02882,1.78827,432
OfficeHome,resnet,saltpepper_0.07500000000000001,0.03241,1.89838,1.806,432
OfficeHome,resnet,saltpepper_0.1,0.03241,1.82783,1.81228,432
OfficeHome,resnet,saltpepper_0.125,0.03009,1.71885,1.84746,432
OfficeHome,resnet,saltpepper_0.15000000000000002,0.02546,1.67344,1.86024,432
OfficeHome,resnet,saltpepper_0.17500000000000002,0.02546,1.5762,1.87964,432
OfficeHome,resnet,saltpepper_0.2,0.02315,1.47351,1.90373,432
OfficeHome,resnet,saltpepper_0.225,0.02083,1.38252,1.91717,432
OfficeHome,resnet,saltpepper_0.25,0.01852,1.26099,1.92465,432
OfficeHome,resnet,saltpepper_0.275,0.0162,1.14955,1.93958,432
OfficeHome,resnet,saltpepper_0.30000000000000004,0.01389,1.06444,1.95199,432
OfficeHome,resnet,saltpepper_0.325,0.01389,1.0145,1.96668,432
OfficeHome,resnet,saltpepper_0.35000000000000003,0.01389,1.00437,1.9689,432
OfficeHome,resnet,saltpepper_0.375,0.01389,1.00203,1.96925,432
OfficeHome,resnet,saltpepper_0.4,0.01389,1.0016,1.9693,432
OfficeHome,resnet,saltpepper_0.42500000000000004,0.01389,1.00128,1.96934,432
OfficeHome,resnet,saltpepper_0.45,0.01389,1.00128,1.96934,432
OfficeHome,resnet,saltpepper_0.47500000000000003,0.01389,1.00129,1.96934,432
OfficeHome,resnet,saltpepper_0.5,0.01389,1.00127,1.96934,432
OfficeHome,resnet,brightness_0.025,0.35648,5.64454,0.30122,432
OfficeHome,resnet,brightness_0.05,0.36574,5.62846,0.31463,432
OfficeHome,resnet,brightness_0.07500000000000001,0.35417,5.60143,0.31799,432
OfficeHome,resnet,brightness_0.1,0.34722,5.60612,0.32115,432
OfficeHome,resnet,brightness_0.125,0.34954,5.60062,0.32617,432
OfficeHome,resnet,brightness_0.15000000000000002,0.34491,5.59173,0.33214,432
OfficeHome,resnet,brightness_0.17500000000000002,0.34954,5.58625,0.33766,432
OfficeHome,resnet,brightness_0.2,0.34491,5.58913,0.34387,432
OfficeHome,resnet,brightness_0.225,0.33796,5.58084,0.35563,432
OfficeHome,resnet,brightness_0.25,0.34259,5.57931,0.35454,432
OfficeHome,resnet,brightness_0.275,0.32639,5.58073,0.36609,432
OfficeHome,resnet,brightness_0.30000000000000004,0.32407,5.55713,0.37839,432
OfficeHome,resnet,brightness_0.325,0.32639,5.5499,0.36996,432
OfficeHome,resnet,brightness_0.35000000000000003,0.3287,5.5547,0.36827,432
OfficeHome,resnet,brightness_0.375,0.33796,5.57982,0.35141,432
OfficeHome,resnet,brightness_0.4,0.35185,5.58034,0.33572,432
OfficeHome,resnet,brightness_0.42500000000000004,0.35185,5.60156,0.32361,432
OfficeHome,resnet,brightness_0.45,0.34954,5.65045,0.30422,432
OfficeHome,resnet,brightness_0.47500000000000003,0.36111,5.67602,0.30172,432
OfficeHome,resnet,brightness_0.5,0.36343,5.69294,0.32077,432
OfficeHome,resnet,contrast_0.025,0.36806,5.61917,0.3098,432
OfficeHome,resnet,contrast_0.05,0.34954,5.60524,0.3144,432
OfficeHome,resnet,contrast_0.07500000000000001,0.32639,5.55882,0.32808,432
OfficeHome,resnet,contrast_0.1,0.32639,5.54072,0.3512,432
OfficeHome,resnet,contrast_0.125,0.31481,5.49859,0.37537,432
OfficeHome,resnet,contrast_0.15000000000000002,0.30093,5.45913,0.393,432
OfficeHome,resnet,contrast_0.17500000000000002,0.28704,5.38103,0.42462,432
OfficeHome,resnet,contrast_0.2,0.26852,5.32252,0.45493,432
OfficeHome,resnet,contrast_0.225,0.25,5.23195,0.49453,432
OfficeHome,resnet,contrast_0.25,0.2338,5.14964,0.53023,432
OfficeHome,resnet,contrast_0.275,0.22685,5.03203,0.57695,432
OfficeHome,resnet,contrast_0.30000000000000004,0.21528,4.89685,0.62699,432
OfficeHome,resnet,contrast_0.325,0.18519,4.71038,0.68987,432
OfficeHome,resnet,contrast_0.35000000000000003,0.1875,4.7368,0.68336,432
OfficeHome,resnet,contrast_0.375,0.21065,4.83611,0.64655,432
OfficeHome,resnet,contrast_0.4,0.21065,4.89452,0.62353,432
OfficeHome,resnet,contrast_0.42500000000000004,0.22222,5.01568,0.59064,432
OfficeHome,resnet,contrast_0.45,0.22917,5.07155,0.56848,432
OfficeHome,resnet,contrast_0.47500000000000003,0.23148,5.11971,0.54736,432
OfficeHome,resnet,contrast_0.5,0.23611,5.17176,0.5261,432
OfficeHome,resnet,smear_0.025,0.31481,5.54464,0.38715,432
OfficeHome,resnet,smear_0.05,0.32176,5.52893,0.39298,432
OfficeHome,resnet,smear_0.07500000000000001,0.32639,5.53151,0.36232,432
OfficeHome,resnet,smear_0.1,0.31481,5.51611,0.37918,432
OfficeHome,resnet,smear_0.125,0.32639,5.57011,0.3773,432
OfficeHome,resnet,smear_0.15000000000000002,0.32407,5.5839,0.37906,432
OfficeHome,resnet,smear_0.17500000000000002,0.32176,5.51937,0.38398,432
OfficeHome,resnet,smear_0.2,0.3287,5.5892,0.37481,432
OfficeHome,resnet,smear_0.225,0.34028,5.4773,0.38682,432
OfficeHome,resnet,smear_0.25,0.33102,5.46947,0.37915,432
OfficeHome,resnet,smear_0.275,0.31481,5.48,0.39824,432
OfficeHome,resnet,smear_0.30000000000000004,0.3125,5.46666,0.36763,432
OfficeHome,resnet,smear_0.325,0.29861,5.44137,0.3611,432
OfficeHome,resnet,smear_0.35000000000000003,0.28009,5.4009,0.38172,432
OfficeHome,resnet,smear_0.375,0.2662,5.37306,0.38213,432
OfficeHome,resnet,smear_0.4,0.27315,5.34188,0.38125,432
OfficeHome,resnet,smear_0.42500000000000004,0.27083,5.31379,0.3916,432
OfficeHome,resnet,smear_0.45,0.27083,5.30423,0.38465,432
OfficeHome,resnet,smear_0.47500000000000003,0.27315,5.29073,0.3942,432
OfficeHome,resnet,smear_0.5,0.26852,5.24528,0.41584,432
OfficeHome,resnet,fog_0.025,0.34722,5.662,0.29999,432
OfficeHome,resnet,fog_0.05,0.34491,5.65089,0.30006,432
OfficeHome,resnet,fog_0.07500000000000001,0.34491,5.66055,0.29445,432
OfficeHome,resnet,fog_0.1,0.34028,5.64522,0.30033,432
OfficeHome,resnet,fog_0.125,0.34491,5.65372,0.3046,432
OfficeHome,resnet,fog_0.15000000000000002,0.35417,5.65587,0.30554,432
OfficeHome,resnet,fog_0.17500000000000002,0.34259,5.6441,0.30464,432
OfficeHome,resnet,fog_0.2,0.36111,5.66085,0.30383,432
OfficeHome,resnet,fog_0.225,0.34954,5.64974,0.30899,432
OfficeHome,resnet,fog_0.25,0.35648,5.65076,0.29977,432
OfficeHome,resnet,fog_0.275,0.28472,5.3829,0.49215,432
OfficeHome,resnet,fog_0.30000000000000004,0.28472,5.38911,0.48553,432
OfficeHome,resnet,fog_0.325,0.28241,5.36806,0.49509,432
OfficeHome,resnet,fog_0.35000000000000003,0.28241,5.37908,0.4968,432
OfficeHome,resnet,fog_0.375,0.28241,5.37763,0.49103,432
OfficeHome,resnet,fog_0.4,0.27778,5.36396,0.49743,432
OfficeHome,resnet,fog_0.42500000000000004,0.18287,4.64574,0.86641,432
OfficeHome,resnet,fog_0.45,0.1713,4.63576,0.85996,432
OfficeHome,resnet,fog_0.47500000000000003,0.17824,4.61572,0.86099,432
OfficeHome,resnet,fog_0.5,0.16435,4.59348,0.86975,432
OfficeHome,resnet,jpeg_0.025,0.35185,5.64374,0.31016,432
OfficeHome,resnet,jpeg_0.05,0.34954,5.6571,0.32138,432
OfficeHome,resnet,jpeg_0.07500000000000001,0.34954,5.64465,0.31068,432
OfficeHome,resnet,jpeg_0.1,0.35417,5.65253,0.31388,432
OfficeHome,resnet,jpeg_0.125,0.34259,5.64292,0.31311,432
OfficeHome,resnet,jpeg_0.15000000000000002,0.34722,5.6368,0.31334,432
OfficeHome,resnet,jpeg_0.17500000000000002,0.34491,5.65374,0.31781,432
OfficeHome,resnet,jpeg_0.2,0.34954,5.65494,0.3159,432
OfficeHome,resnet,jpeg_0.225,0.34722,5.64935,0.31209,432
OfficeHome,resnet,jpeg_0.25,0.35185,5.64831,0.31509,432
OfficeHome,resnet,jpeg_0.275,0.34954,5.64746,0.31779,432
OfficeHome,resnet,jpeg_0.30000000000000004,0.34954,5.64791,0.32071,432
OfficeHome,resnet,jpeg_0.325,0.34491,5.63948,0.32077,432
OfficeHome,resnet,jpeg_0.35000000000000003,0.34722,5.63737,0.32264,432
OfficeHome,resnet,jpeg_0.375,0.34259,5.64629,0.32185,432
OfficeHome,resnet,jpeg_0.4,0.33796,5.64658,0.31877,432
OfficeHome,resnet,jpeg_0.42500000000000004,0.33565,5.64787,0.31929,432
OfficeHome,resnet,jpeg_0.45,0.33565,5.65092,0.3246,432
OfficeHome,resnet,jpeg_0.47500000000000003,0.33796,5.6317,0.31931,432
OfficeHome,resnet,jpeg_0.5,0.33565,5.63103,0.33417,432
OfficeHome,vit,ind_val,0.71991,6.74072,0.0,432
OfficeHome,vit,ind_test,0.67361,6.66428,0.38534,432
OfficeHome,vit,Clipart,0.33796,5.36523,0.61561,432
OfficeHome,vit,Art,0.42083,5.59224,0.48416,240
OfficeHome,vit,Product,0.58796,6.34582,0.45638,432
OfficeHome,vit,noise_0.025,0.66667,6.64098,0.38277,432
OfficeHome,vit,noise_0.05,0.65509,6.64376,0.39167,432
OfficeHome,vit,noise_0.07500000000000001,0.65046,6.62422,0.40086,432
OfficeHome,vit,noise_0.1,0.65046,6.55007,0.41372,432
OfficeHome,vit,noise_0.125,0.62269,6.48246,0.4395,432
OfficeHome,vit,noise_0.15000000000000002,0.6088,6.40493,0.45448,432
OfficeHome,vit,noise_0.17500000000000002,0.5787,6.28496,0.4574,432
OfficeHome,vit,noise_0.2,0.55093,6.14773,0.47461,432
OfficeHome,vit,noise_0.225,0.54167,6.03886,0.48478,432
OfficeHome,vit,noise_0.25,0.50463,5.89382,0.51979,432
OfficeHome,vit,noise_0.275,0.46296,5.74992,0.56364,432
OfficeHome,vit,noise_0.30000000000000004,0.43981,5.57286,0.59851,432
OfficeHome,vit,noise_0.325,0.39815,5.45857,0.6517,432
OfficeHome,vit,noise_0.35000000000000003,0.37963,5.33205,0.69332,432
OfficeHome,vit,noise_0.375,0.36111,5.18811,0.74297,432
OfficeHome,vit,noise_0.4,0.34722,5.05007,0.78694,432
OfficeHome,vit,noise_0.42500000000000004,0.30556,4.88946,0.85208,432
OfficeHome,vit,noise_0.45,0.28704,4.77338,0.89504,432
OfficeHome,vit,noise_0.47500000000000003,0.26389,4.57975,0.94653,432
OfficeHome,vit,noise_0.5,0.25,4.44008,0.97836,432
OfficeHome,vit,multnoise_0.025,0.66667,6.65367,0.38804,432
OfficeHome,vit,multnoise_0.05,0.66898,6.64623,0.38522,432
OfficeHome,vit,multnoise_0.07500000000000001,0.64583,6.61861,0.37842,432
OfficeHome,vit,multnoise_0.1,0.63194,6.57121,0.39237,432
OfficeHome,vit,multnoise_0.125,0.6088,6.4749,0.40119,432
OfficeHome,vit,multnoise_0.15000000000000002,0.5787,6.41579,0.40124,432
OfficeHome,vit,multnoise_0.17500000000000002,0.55324,6.34159,0.4235,432
OfficeHome,vit,multnoise_0.2,0.52315,6.24953,0.44628,432
OfficeHome,vit,multnoise_0.225,0.51852,6.23168,0.46919,432
OfficeHome,vit,multnoise_0.25,0.50694,6.11717,0.49943,432
OfficeHome,vit,multnoise_0.275,0.4838,5.98373,0.53542,432
OfficeHome,vit,multnoise_0.30000000000000004,0.46759,5.88658,0.56484,432
OfficeHome,vit,multnoise_0.325,0.45833,5.78527,0.59091,432
OfficeHome,vit,multnoise_0.35000000000000003,0.44907,5.69706,0.61729,432
OfficeHome,vit,multnoise_0.375,0.42824,5.59266,0.64484,432
OfficeHome,vit,multnoise_0.4,0.40046,5.47308,0.67167,432
OfficeHome,vit,multnoise_0.42500000000000004,0.39352,5.35851,0.69691,432
OfficeHome,vit,multnoise_0.45,0.38426,5.27245,0.72388,432
OfficeHome,vit,multnoise_0.47500000000000003,0.3588,5.17098,0.75142,432
OfficeHome,vit,multnoise_0.5,0.34491,5.09499,0.77664,432
OfficeHome,vit,hue_0.025,0.6713,6.67092,0.38558,432
OfficeHome,vit,hue_0.05,0.67593,6.65669,0.39019,432
OfficeHome,vit,hue_0.07500000000000001,0.67824,6.64899,0.40073,432
OfficeHome,vit,hue_0.1,0.67593,6.62858,0.40023,432
OfficeHome,vit,hue_0.125,0.67824,6.64362,0.40215,432
OfficeHome,vit,hue_0.15000000000000002,0.68287,6.63835,0.40982,432
OfficeHome,vit,hue_0.17500000000000002,0.6713,6.6118,0.4114,432
OfficeHome,vit,hue_0.2,0.6713,6.6063,0.41624,432
OfficeHome,vit,hue_0.225,0.66435,6.57415,0.42925,432
OfficeHome,vit,hue_0.25,0.65509,6.54092,0.42577,432
OfficeHome,vit,hue_0.275,0.6412,6.50671,0.43738,432
OfficeHome,vit,hue_0.30000000000000004,0.63426,6.45456,0.44663,432
OfficeHome,vit,hue_0.325,0.61806,6.41061,0.45145,432
OfficeHome,vit,hue_0.35000000000000003,0.61343,6.39469,0.46033,432
OfficeHome,vit,hue_0.375,0.60648,6.3612,0.46573,432
OfficeHome,vit,hue_0.4,0.59954,6.34192,0.47532,432
OfficeHome,vit,hue_0.42500000000000004,0.61111,6.33075,0.47151,432
OfficeHome,vit,hue_0.45,0.60185,6.33327,0.4727,432
OfficeHome,vit,hue_0.47500000000000003,0.58796,6.31087,0.47454,432
OfficeHome,vit,hue_0.5,0.58796,6.30987,0.47268,432
OfficeHome,vit,saltpepper_0.025,0.39583,5.20712,0.72745,432
OfficeHome,vit,saltpepper_0.05,0.37731,5.19609,0.7304,432
OfficeHome,vit,saltpepper_0.07500000000000001,0.37963,5.16665,0.74294,432
OfficeHome,vit,saltpepper_0.1,0.36574,5.15299,0.75317,432
OfficeHome,vit,saltpepper_0.125,0.35648,5.13106,0.75945,432
OfficeHome,vit,saltpepper_0.15000000000000002,0.3588,5.12202,0.76597,432
OfficeHome,vit,saltpepper_0.17500000000000002,0.34722,5.06465,0.77322,432
OfficeHome,vit,saltpepper_0.2,0.33565,5.04042,0.78591,432
OfficeHome,vit,saltpepper_0.225,0.32639,5.00659,0.79681,432
OfficeHome,vit,saltpepper_0.25,0.32407,4.94127,0.80607,432
OfficeHome,vit,saltpepper_0.275,0.30787,4.86078,0.81927,432
OfficeHome,vit,saltpepper_0.30000000000000004,0.2963,4.81482,0.84057,432
OfficeHome,vit,saltpepper_0.325,0.27778,4.75465,0.86829,432
OfficeHome,vit,saltpepper_0.35000000000000003,0.28009,4.70329,0.88279,432
OfficeHome,vit,saltpepper_0.375,0.26389,4.63635,0.90329,432
OfficeHome,vit,saltpepper_0.4,0.25926,4.56343,0.91101,432
OfficeHome,vit,saltpepper_0.42500000000000004,0.26157,4.57842,0.91747,432
OfficeHome,vit,saltpepper_0.45,0.25,4.51046,0.93577,432
OfficeHome,vit,saltpepper_0.47500000000000003,0.24537,4.43568,0.93795,432
OfficeHome,vit,saltpepper_0.5,0.23611,4.36903,0.94395,432
OfficeHome,vit,brightness_0.025,0.67361,6.65839,0.37935,432
OfficeHome,vit,brightness_0.05,0.67593,6.68172,0.38824,432
OfficeHome,vit,brightness_0.07500000000000001,0.6713,6.65844,0.38385,432
OfficeHome,vit,brightness_0.1,0.67361,6.6668,0.37971,432
OfficeHome,vit,brightness_0.125,0.6713,6.65202,0.39405,432
OfficeHome,vit,brightness_0.15000000000000002,0.6713,6.66203,0.38952,432
OfficeHome,vit,brightness_0.17500000000000002,0.6713,6.6611,0.38907,432
OfficeHome,vit,brightness_0.2,0.67361,6.66877,0.38759,432
OfficeHome,vit,brightness_0.225,0.66435,6.65525,0.38798,432
OfficeHome,vit,brightness_0.25,0.66435,6.66043,0.38869,432
OfficeHome,vit,brightness_0.275,0.66667,6.65147,0.39322,432
OfficeHome,vit,brightness_0.30000000000000004,0.66667,6.64744,0.38801,432
OfficeHome,vit,brightness_0.325,0.6713,6.65134,0.39671,432
OfficeHome,vit,brightness_0.35000000000000003,0.66898,6.61828,0.39424,432
OfficeHome,vit,brightness_0.375,0.66435,6.64988,0.38493,432
OfficeHome,vit,brightness_0.4,0.67593,6.66544,0.39065,432
OfficeHome,vit,brightness_0.42500000000000004,0.67361,6.6611,0.39183,432
OfficeHome,vit,brightness_0.45,0.6713,6.65446,0.38625,432
OfficeHome,vit,brightness_0.47500000000000003,0.66898,6.66412,0.38794,432
OfficeHome,vit,brightness_0.5,0.66667,6.66795,0.38492,432
OfficeHome,vit,contrast_0.025,0.66435,6.6412,0.38848,432
OfficeHome,vit,contrast_0.05,0.66667,6.64842,0.38922,432
OfficeHome,vit,contrast_0.07500000000000001,0.65972,6.63328,0.39657,432
OfficeHome,vit,contrast_0.1,0.64815,6.61446,0.39309,432
OfficeHome,vit,contrast_0.125,0.64583,6.60514,0.39537,432
OfficeHome,vit,contrast_0.15000000000000002,0.63889,6.58237,0.39347,432
OfficeHome,vit,contrast_0.17500000000000002,0.62963,6.57418,0.38732,432
OfficeHome,vit,contrast_0.2,0.62037,6.54763,0.39682,432
OfficeHome,vit,contrast_0.225,0.61343,6.53775,0.39785,432
OfficeHome,vit,contrast_0.25,0.60648,6.52632,0.40338,432
OfficeHome,vit,contrast_0.275,0.60417,6.49109,0.39979,432
OfficeHome,vit,contrast_0.30000000000000004,0.60185,6.47092,0.40862,432
OfficeHome,vit,contrast_0.325,0.59028,6.41821,0.41537,432
OfficeHome,vit,contrast_0.35000000000000003,0.58565,6.41006,0.41288,432
OfficeHome,vit,contrast_0.375,0.59259,6.44034,0.40732,432
OfficeHome,vit,contrast_0.4,0.60185,6.47126,0.40822,432
OfficeHome,vit,contrast_0.42500000000000004,0.59954,6.49686,0.40255,432
OfficeHome,vit,contrast_0.45,0.60648,6.50461,0.39823,432
OfficeHome,vit,contrast_0.47500000000000003,0.61111,6.5313,0.40156,432
OfficeHome,vit,contrast_0.5,0.61111,6.52643,0.39746,432
OfficeHome,vit,smear_0.025,0.66435,6.64204,0.39441,432
OfficeHome,vit,smear_0.05,0.66898,6.66515,0.3858,432
OfficeHome,vit,smear_0.07500000000000001,0.66898,6.69023,0.3722,432
OfficeHome,vit,smear_0.1,0.65509,6.65101,0.3714,432
OfficeHome,vit,smear_0.125,0.64583,6.66626,0.3741,432
OfficeHome,vit,smear_0.15000000000000002,0.65046,6.60837,0.39588,432
OfficeHome,vit,smear_0.17500000000000002,0.63194,6.58431,0.39014,432
OfficeHome,vit,smear_0.2,0.63657,6.54595,0.38728,432
OfficeHome,vit,smear_0.225,0.6412,6.54919,0.40235,432
OfficeHome,vit,smear_0.25,0.64815,6.55034,0.38885,432
OfficeHome,vit,smear_0.275,0.64583,6.45396,0.39872,432
OfficeHome,vit,smear_0.30000000000000004,0.62963,6.40997,0.40555,432
OfficeHome,vit,smear_0.325,0.60648,6.42486,0.39397,432
OfficeHome,vit,smear_0.35000000000000003,0.60185,6.34353,0.40292,432
OfficeHome,vit,smear_0.375,0.58565,6.36999,0.40525,432
OfficeHome,vit,smear_0.4,0.5787,6.38677,0.42214,432
OfficeHome,vit,smear_0.42500000000000004,0.58102,6.31629,0.42954,432
OfficeHome,vit,smear_0.45,0.59259,6.24376,0.4327,432
OfficeHome,vit,smear_0.47500000000000003,0.58102,6.21858,0.4182,432
OfficeHome,vit,smear_0.5,0.5625,6.16063,0.42345,432
OfficeHome,vit,fog_0.025,0.67361,6.6464,0.38957,432
OfficeHome,vit,fog_0.05,0.67593,6.66776,0.38327,432
OfficeHome,vit,fog_0.07500000000000001,0.67361,6.65814,0.38466,432
OfficeHome,vit,fog_0.1,0.6713,6.65607,0.38712,432
OfficeHome,vit,fog_0.125,0.67593,6.67244,0.38369,432
OfficeHome,vit,fog_0.15000000000000002,0.66667,6.65548,0.38567,432
OfficeHome,vit,fog_0.17500000000000002,0.66898,6.66358,0.39122,432
OfficeHome,vit,fog_0.2,0.66898,6.65504,0.38037,432
OfficeHome,vit,fog_0.225,0.67361,6.66608,0.37931,432
OfficeHome,vit,fog_0.25,0.67593,6.66751,0.38176,432
OfficeHome,vit,fog_0.275,0.64352,6.60146,0.3894,432
OfficeHome,vit,fog_0.30000000000000004,0.65046,6.60698,0.39042,432
OfficeHome,vit,fog_0.325,0.64815,6.60039,0.39684,432
OfficeHome,vit,fog_0.35000000000000003,0.65278,6.61421,0.39694,432
OfficeHome,vit,fog_0.375,0.65046,6.60438,0.38859,432
OfficeHome,vit,fog_0.4,0.65046,6.59773,0.3874,432
OfficeHome,vit,fog_0.42500000000000004,0.60417,6.45806,0.41933,432
OfficeHome,vit,fog_0.45,0.60648,6.44097,0.4258,432
OfficeHome,vit,fog_0.47500000000000003,0.59491,6.44987,0.42832,432
OfficeHome,vit,fog_0.5,0.59491,6.44327,0.42243,432
OfficeHome,vit,jpeg_0.025,0.6713,6.66948,0.38264,432
OfficeHome,vit,jpeg_0.05,0.66898,6.66666,0.3806,432
OfficeHome,vit,jpeg_0.07500000000000001,0.67593,6.65717,0.38428,432
OfficeHome,vit,jpeg_0.1,0.67824,6.65879,0.38479,432
OfficeHome,vit,jpeg_0.125,0.66898,6.67571,0.38703,432
OfficeHome,vit,jpeg_0.15000000000000002,0.67824,6.68058,0.38339,432
OfficeHome,vit,jpeg_0.17500000000000002,0.66898,6.67269,0.38702,432
OfficeHome,vit,jpeg_0.2,0.66898,6.67283,0.3912,432
OfficeHome,vit,jpeg_0.225,0.66435,6.66939,0.38835,432
OfficeHome,vit,jpeg_0.25,0.66898,6.67049,0.38046,432
OfficeHome,vit,jpeg_0.275,0.66435,6.66828,0.38287,432
OfficeHome,vit,jpeg_0.30000000000000004,0.66435,6.66,0.38671,432
OfficeHome,vit,jpeg_0.325,0.66435,6.67679,0.38097,432
OfficeHome,vit,jpeg_0.35000000000000003,0.66204,6.68028,0.38534,432
OfficeHome,vit,jpeg_0.375,0.65741,6.68678,0.38706,432
OfficeHome,vit,jpeg_0.4,0.67361,6.68022,0.37603,432
OfficeHome,vit,jpeg_0.42500000000000004,0.66898,6.68495,0.38156,432
OfficeHome,vit,jpeg_0.45,0.6713,6.70048,0.38133,432
OfficeHome,vit,jpeg_0.47500000000000003,0.66435,6.68305,0.38577,432
OfficeHome,vit,jpeg_0.5,0.66204,6.68046,0.38411,432
Office31,resnet,ind_val,0.77574,5.09418,0.0,272
Office31,resnet,ind_test,0.83088,5.14755,0.36452,272
Office31,resnet,dslr,0.31653,4.01891,0.88092,496
Office31,resnet,webcam,0.26786,3.97255,0.89449,784
Office31,resnet,noise_0.025,0.72426,5.01705,0.46413,272
Office31,resnet,noise_0.05,0.49265,4.2133,0.84513,272
Office31,resnet,noise_0.07500000000000001,0.25735,3.33526,1.25161,272
Office31,resnet,noise_0.1,0.13235,2.55591,1.48243,272
Office31,resnet,noise_0.125,0.08824,2.09041,1.58284,272
Office31,resnet,noise_0.15000000000000002,0.05882,1.84529,1.6486,272
Office31,resnet,noise_0.17500000000000002,0.04779,1.78859,1.66135,272
Office31,resnet,noise_0.2,0.05147,1.71331,1.67914,272
Office31,resnet,noise_0.225,0.05147,1.58718,1.72504,272
Office31,resnet,noise_0.25,0.05515,1.50578,1.77444,272
Office31,resnet,noise_0.275,0.04779,1.45953,1.80233,272
Office31,resnet,noise_0.30000000000000004,0.04044,1.43047,1.8153,272
Office31,resnet,noise_0.325,0.03676,1.37561,1.82637,272
Office31,resnet,noise_0.35000000000000003,0.02941,1.33427,1.83383,272
Office31,resnet,noise_0.375,0.03309,1.30664,1.84096,272
Office31,resnet,noise_0.4,0.02941,1.26221,1.84894,272
Office31,resnet,noise_0.42500000000000004,0.02574,1.25977,1.85033,272
Office31,resnet,noise_0.45,0.02574,1.24435,1.85529,272
Office31,resnet,noise_0.47500000000000003,0.02574,1.23294,1.8652,272
Office31,resnet,noise_0.5,0.02574,1.22212,1.87279,272
Office31,resnet,multnoise_0.025,0.67647,4.83046,0.56697,272
Office31,resnet,multnoise_0.05,0.40441,4.0261,0.99791,272
Office31,resnet,multnoise_0.07500000000000001,0.18382,2.86138,1.3741,272
Office31,resnet,multnoise_0.1,0.09926,2.30046,1.52522,272
Office31,resnet,multnoise_0.125,0.06618,1.94975,1.61989,272
Office31,resnet,multnoise_0.15000000000000002,0.05882,1.8395,1.67493,272
Office31,resnet,multnoise_0.17500000000000002,0.04044,1.6766,1.70826,272
Office31,resnet,multnoise_0.2,0.03309,1.61992,1.73515,272
Office31,resnet,multnoise_0.225,0.03676,1.51685,1.76462,272
Office31,resnet,multnoise_0.25,0.03309,1.4821,1.77839,272
Office31,resnet,multnoise_0.275,0.02941,1.39037,1.80131,272
Office31,resnet,multnoise_0.30000000000000004,0.02941,1.39365,1.81218,272
Office31,resnet,multnoise_0.325,0.02574,1.38482,1.82318,272
Office31,resnet,multnoise_0.35000000000000003,0.02574,1.35938,1.83529,272
Office31,resnet,multnoise_0.375,0.02574,1.33296,1.85085,272
Office31,resnet,multnoise_0.4,0.02574,1.31363,1.85682,272
Office31,resnet,multnoise_0.42500000000000004,0.02574,1.26775,1.87332,272
Office31,resnet,multnoise_0.45,0.02574,1.27261,1.87451,272
Office31,resnet,multnoise_0.47500000000000003,0.02206,1.25277,1.88426,272
Office31,resnet,multnoise_0.5,0.02574,1.22603,1.88631,272
Office31,resnet,hue_0.025,0.82721,5.13927,0.38833,272
Office31,resnet,hue_0.05,0.82721,5.15181,0.3645,272
Office31,resnet,hue_0.07500000000000001,0.81985,5.13283,0.38663,272
Office31,resnet,hue_0.1,0.82353,5.15622,0.37265,272
Office31,resnet,hue_0.125,0.82353,5.1372,0.37829,272
Office31,resnet,hue_0.15000000000000002,0.8125,5.14851,0.39297,272
Office31,resnet,hue_0.17500000000000002,0.80882,5.15286,0.38353,272
Office31,resnet,hue_0.2,0.80515,5.15085,0.42288,272
Office31,resnet,hue_0.225,0.79412,5.14288,0.422,272
Office31,resnet,hue_0.25,0.78676,5.14204,0.41235,272
Office31,resnet,hue_0.275,0.77941,5.1229,0.43139,272
Office31,resnet,hue_0.30000000000000004,0.77574,5.11381,0.42772,272
Office31,resnet,hue_0.325,0.77206,5.08366,0.4465,272
Office31,resnet,hue_0.35000000000000003,0.76471,5.0921,0.45443,272
Office31,resnet,hue_0.375,0.76838,5.1054,0.42346,272
Office31,resnet,hue_0.4,0.76103,5.08893,0.43318,272
Office31,resnet,hue_0.42500000000000004,0.75735,5.06805,0.42851,272
Office31,resnet,hue_0.45,0.76103,5.08047,0.44056,272
Office31,resnet,hue_0.47500000000000003,0.74632,5.06721,0.42933,272
Office31,resnet,hue_0.5,0.76103,5.07843,0.41714,272
Office31,resnet,saltpepper_0.025,0.05147,1.56842,1.73302,272
Office31,resnet,saltpepper_0.05,0.05515,1.50189,1.74042,272
Office31,resnet,saltpepper_0.07500000000000001,0.04779,1.46875,1.746,272
Office31,resnet,saltpepper_0.1,0.04412,1.43557,1.77418,272
Office31,resnet,saltpepper_0.125,0.04779,1.38933,1.8006,272
Office31,resnet,saltpepper_0.15000000000000002,0.04779,1.35993,1.81795,272
Office31,resnet,saltpepper_0.17500000000000002,0.04412,1.35059,1.80764,272
Office31,resnet,saltpepper_0.2,0.04779,1.32192,1.81755,272
Office31,resnet,saltpepper_0.225,0.02941,1.28466,1.8258,272
Office31,resnet,saltpepper_0.25,0.03309,1.2666,1.83003,272
Office31,resnet,saltpepper_0.275,0.03309,1.25932,1.82997,272
Office31,resnet,saltpepper_0.30000000000000004,0.02941,1.24709,1.8331,272
Office31,resnet,saltpepper_0.325,0.02941,1.23488,1.83628,272
Office31,resnet,saltpepper_0.35000000000000003,0.02941,1.22464,1.8413,272
Office31,resnet,saltpepper_0.375,0.02574,1.16188,1.85583,272
Office31,resnet,saltpepper_0.4,0.02574,1.22075,1.84182,272
Office31,resnet,saltpepper_0.42500000000000004,0.02941,1.22306,1.83866,272
Office31,resnet,saltpepper_0.45,0.02574,1.21282,1.84649,272
Office31,resnet,saltpepper_0.47500000000000003,0.02941,1.20935,1.85332,272
Office31,resnet,saltpepper_0.5,0.02574,1.19648,1.8694,272
Office31,resnet,brightness_0.025,0.81985,5.13872,0.37916,272
Office31,resnet,brightness_0.05,0.8125,5.11798,0.38636,272
Office31,resnet,brightness_0.07500000000000001,0.80147,5.11314,0.38487,272
Office31,resnet,brightness_0.1,0.79412,5.08775,0.3795,272
Office31,resnet,brightness_0.125,0.79779,5.06389,0.38875,272
Office31,resnet,brightness_0.15000000000000002,0.79779,5.03278,0.4235,272
Office31,resnet,brightness_0.17500000000000002,0.77941,5.01629,0.43127,272
Office31,resnet,brightness_0.2,0.76838,4.97823,0.47452,272
Office31,resnet,brightness_0.225,0.77206,4.98028,0.44113,272
Office31,resnet,brightness_0.25,0.76471,4.94738,0.48438,272
Office31,resnet,brightness_0.275,0.75368,4.93602,0.45739,272
Office31,resnet,brightness_0.30000000000000004,0.75368,4.9227,0.48508,272
Office31,resnet,brightness_0.325,0.75368,4.91912,0.45921,272
Office31,resnet,brightness_0.35000000000000003,0.76103,4.92982,0.46394,272
Office31,resnet,brightness_0.375,0.77206,4.96415,0.45842,272
Office31,resnet,brightness_0.4,0.79779,5.0256,0.42234,272
Office31,resnet,brightness_0.42500000000000004,0.80147,5.09293,0.3953,272
Office31,resnet,brightness_0.45,0.81985,5.13839,0.38492,272
Office31,resnet,brightness_0.47500000000000003,0.82353,5.13801,0.36757,272
Office31,resnet,brightness_0.5,0.8125,5.17013,0.38189,272
Office31,resnet,contrast_0.025,0.82353,5.14113,0.37346,272
Office31,resnet,contrast_0.05,0.81985,5.14422,0.39585,272
Office31,resnet,contrast_0.07500000000000001,0.80147,5.12281,0.39429,272
Office31,resnet,contrast_0.1,0.80882,5.10033,0.40339,272
Office31,resnet,contrast_0.125,0.80515,5.06062,0.42231,272
Office31,resnet,contrast_0.15000000000000002,0.79779,5.03869,0.44572,272
Office31,resnet,contrast_0.17500000000000002,0.79412,5.03469,0.44087,272
Office31,resnet,contrast_0.2,0.76838,5.00566,0.47289,272
Office31,resnet,contrast_0.225,0.75,4.97148,0.47902,272
Office31,resnet,contrast_0.25,0.73162,4.95121,0.50822,272
Office31,resnet,contrast_0.275,0.72426,4.92483,0.51848,272
Office31,resnet,contrast_0.30000000000000004,0.69485,4.84933,0.56651,272
Office31,resnet,contrast_0.325,0.68015,4.78086,0.59121,272
Office31,resnet,contrast_0.35000000000000003,0.66912,4.78516,0.58477,272
Office31,resnet,contrast_0.375,0.68382,4.81536,0.57309,272
Office31,resnet,contrast_0.4,0.69853,4.83864,0.55835,272
Office31,resnet,contrast_0.42500000000000004,0.70588,4.89427,0.53394,272
Office31,resnet,contrast_0.45,0.72426,4.92511,0.52241,272
Office31,resnet,contrast_0.47500000000000003,0.72794,4.94982,0.51201,272
Office31,resnet,contrast_0.5,0.73529,4.95544,0.50713,272
Office31,resnet,smear_0.025,0.81618,5.11135,0.37286,272
Office31,resnet,smear_0.05,0.80147,5.15975,0.37403,272
Office31,resnet,smear_0.07500000000000001,0.82353,5.15279,0.368,272
Office31,resnet,smear_0.1,0.80882,5.13942,0.36222,272
Office31,resnet,smear_0.125,0.79779,5.14903,0.3581,272
Office31,resnet,smear_0.15000000000000002,0.8125,5.17081,0.3856,272
Office31,resnet,smear_0.17500000000000002,0.77941,5.16264,0.35782,272
Office31,resnet,smear_0.2,0.78676,5.1461,0.35789,272
Office31,resnet,smear_0.225,0.78676,5.14797,0.3674,272
Office31,resnet,smear_0.25,0.79412,5.14993,0.36383,272
Office31,resnet,smear_0.275,0.77941,5.11876,0.35654,272
Office31,resnet,smear_0.30000000000000004,0.77941,5.09972,0.38125,272
Office31,resnet,smear_0.325,0.76838,5.11925,0.37465,272
Office31,resnet,smear_0.35000000000000003,0.76471,5.08596,0.37213,272
Office31,resnet,smear_0.375,0.73897,5.04643,0.38691,272
Office31,resnet,smear_0.4,0.73529,5.04228,0.37275,272
Office31,resnet,smear_0.42500000000000004,0.73529,4.99973,0.38497,272
Office31,resnet,smear_0.45,0.71324,4.96522,0.42922,272
Office31,resnet,smear_0.47500000000000003,0.71691,4.94268,0.43427,272
Office31,resnet,smear_0.5,0.69485,4.92642,0.40832,272
Office31,resnet,fog_0.025,0.82721,5.13382,0.38943,272
Office31,resnet,fog_0.05,0.83824,5.16321,0.38773,272
Office31,resnet,fog_0.07500000000000001,0.82721,5.13959,0.38588,272
Office31,resnet,fog_0.1,0.83456,5.14838,0.38546,272
Office31,resnet,fog_0.125,0.83824,5.15026,0.38443,272
Office31,resnet,fog_0.15000000000000002,0.83088,5.13855,0.36186,272
Office31,resnet,fog_0.17500000000000002,0.82721,5.12699,0.36975,272
Office31,resnet,fog_0.2,0.81618,5.12638,0.37864,272
Office31,resnet,fog_0.225,0.82721,5.12546,0.39248,272
Office31,resnet,fog_0.25,0.82721,5.13239,0.36927,272
Office31,resnet,fog_0.275,0.80882,5.13509,0.3449,272
Office31,resnet,fog_0.30000000000000004,0.81985,5.12443,0.37231,272
Office31,resnet,fog_0.325,0.80882,5.12428,0.36274,272
Office31,resnet,fog_0.35000000000000003,0.81985,5.13851,0.3597,272
Office31,resnet,fog_0.375,0.81618,5.13815,0.37791,272
Office31,resnet,fog_0.4,0.80147,5.13125,0.36759,272
Office31,resnet,fog_0.42500000000000004,0.76103,5.09107,0.37192,272
Office31,resnet,fog_0.45,0.75,5.09592,0.37083,272
Office31,resnet,fog_0.47500000000000003,0.75,5.10025,0.37648,272
Office31,resnet,fog_0.5,0.74632,5.09283,0.36868,272
Office31,resnet,jpeg_0.025,0.82353,5.1408,0.37137,272
Office31,resnet,jpeg_0.05,0.82353,5.13572,0.38441,272
Office31,resnet,jpeg_0.07500000000000001,0.83088,5.14754,0.35751,272
Office31,resnet,jpeg_0.1,0.82353,5.15097,0.3722,272
Office31,resnet,jpeg_0.125,0.82353,5.14033,0.3705,272
Office31,resnet,jpeg_0.15000000000000002,0.82721,5.14544,0.38302,272
Office31,resnet,jpeg_0.17500000000000002,0.81985,5.14233,0.36747,272
Office31,resnet,jpeg_0.2,0.82721,5.1401,0.37348,272
Office31,resnet,jpeg_0.225,0.81618,5.12251,0.37931,272
Office31,resnet,jpeg_0.25,0.82353,5.12853,0.37744,272
Office31,resnet,jpeg_0.275,0.81985,5.13487,0.38018,272
Office31,resnet,jpeg_0.30000000000000004,0.81985,5.12548,0.37951,272
Office31,resnet,jpeg_0.325,0.81985,5.14651,0.36998,272
Office31,resnet,jpeg_0.35000000000000003,0.8125,5.11993,0.37145,272
Office31,resnet,jpeg_0.375,0.81618,5.12622,0.39997,272
Office31,resnet,jpeg_0.4,0.81985,5.13959,0.38661,272
Office31,resnet,jpeg_0.42500000000000004,0.82721,5.15267,0.37886,272
Office31,resnet,jpeg_0.45,0.83088,5.14132,0.362,272
Office31,resnet,jpeg_0.47500000000000003,0.82353,5.14945,0.38474,272
Office31,resnet,jpeg_0.5,0.8125,5.14564,0.37269,272
Office31,vit,ind_val,0.38235,4.83315,0.0,272
Office31,vit,ind_test,0.34926,4.83878,0.31277,272
Office31,vit,dslr,0.07258,2.8505,1.34428,496
Office31,vit,webcam,0.06888,3.9958,0.78582,784
Office31,vit,noise_0.025,0.35294,4.82435,0.31579,272
Office31,vit,noise_0.05,0.35662,4.82201,0.31154,272
Office31,vit,noise_0.07500000000000001,0.35294,4.82335,0.33696,272
Office31,vit,noise_0.1,0.35662,4.79062,0.34054,272
Office31,vit,noise_0.125,0.33824,4.76331,0.34874,272
Office31,vit,noise_0.15000000000000002,0.31618,4.73472,0.37714,272
Office31,vit,noise_0.17500000000000002,0.31985,4.70103,0.37755,272
Office31,vit,noise_0.2,0.30515,4.62608,0.39629,272
Office31,vit,noise_0.225,0.28309,4.62577,0.42781,272
Office31,vit,noise_0.25,0.27941,4.55622,0.45224,272
Office31,vit,noise_0.275,0.24265,4.49627,0.48842,272
Office31,vit,noise_0.30000000000000004,0.19853,4.38647,0.5513,272
Office31,vit,noise_0.325,0.17647,4.23224,0.57975,272
Office31,vit,noise_0.35000000000000003,0.13603,4.08506,0.62006,272
Office31,vit,noise_0.375,0.12132,4.02673,0.64834,272
Office31,vit,noise_0.4,0.11397,3.9118,0.71661,272
Office31,vit,noise_0.42500000000000004,0.10294,3.80168,0.76178,272
Office31,vit,noise_0.45,0.10662,3.70073,0.78158,272
Office31,vit,noise_0.47500000000000003,0.10662,3.54233,0.81685,272
Office31,vit,noise_0.5,0.09191,3.39105,0.90878,272
Office31,vit,multnoise_0.025,0.36765,4.84065,0.32279,272
Office31,vit,multnoise_0.05,0.36029,4.82398,0.32957,272
Office31,vit,multnoise_0.07500000000000001,0.35294,4.81823,0.35984,272
Office31,vit,multnoise_0.1,0.35294,4.82362,0.38958,272
Office31,vit,multnoise_0.125,0.34559,4.75839,0.40567,272
Office31,vit,multnoise_0.15000000000000002,0.31618,4.60385,0.46857,272
Office31,vit,multnoise_0.17500000000000002,0.24632,4.52346,0.46828,272
Office31,vit,multnoise_0.2,0.21324,4.322,0.5357,272
Office31,vit,multnoise_0.225,0.16912,4.16807,0.62003,272
Office31,vit,multnoise_0.25,0.14338,4.05603,0.68446,272
Office31,vit,multnoise_0.275,0.14338,3.78335,0.73217,272
Office31,vit,multnoise_0.30000000000000004,0.12132,3.64404,0.83085,272
Office31,vit,multnoise_0.325,0.12868,3.50776,0.90005,272
Office31,vit,multnoise_0.35000000000000003,0.10662,3.35197,0.95784,272
Office31,vit,multnoise_0.375,0.11029,3.1561,1.01503,272
Office31,vit,multnoise_0.4,0.09926,3.03056,1.06092,272
Office31,vit,multnoise_0.42500000000000004,0.09191,2.93883,1.0996,272
Office31,vit,multnoise_0.45,0.08456,2.86563,1.13757,272
Office31,vit,multnoise_0.47500000000000003,0.08456,2.83419,1.16738,272
Office31,vit,multnoise_0.5,0.08456,2.8081,1.2037,272
Office31,vit,hue_0.025,0.34926,4.85925,0.31672,272
Office31,vit,hue_0.05,0.34191,4.80966,0.31718,272
Office31,vit,hue_0.07500000000000001,0.34926,4.81126,0.30978,272
Office31,vit,hue_0.1,0.33824,4.8502,0.31167,272
Office31,vit,hue_0.125,0.33456,4.80421,0.32721,272
Office31,vit,hue_0.15000000000000002,0.33824,4.77796,0.34112,272
Office31,vit,hue_0.17500000000000002,0.33456,4.74333,0.36867,272
Office31,vit,hue_0.2,0.30882,4.69969,0.37273,272
Office31,vit,hue_0.225,0.33088,4.72531,0.38778,272
Office31,vit,hue_0.25,0.33824,4.73732,0.36628,272
Office31,vit,hue_0.275,0.31618,4.74474,0.42794,272
Office31,vit,hue_0.30000000000000004,0.29412,4.64883,0.4747,272
Office31,vit,hue_0.325,0.27206,4.67269,0.44999,272
Office31,vit,hue_0.35000000000000003,0.23162,4.63713,0.46272,272
Office31,vit,hue_0.375,0.23897,4.64397,0.50168,272
Office31,vit,hue_0.4,0.22794,4.63503,0.49112,272
Office31,vit,hue_0.42500000000000004,0.22059,4.55996,0.49397,272
Office31,vit,hue_0.45,0.20956,4.62248,0.4675,272
Office31,vit,hue_0.47500000000000003,0.18382,4.6525,0.44794,272
Office31,vit,hue_0.5,0.19853,4.64969,0.40631,272
Office31,vit,saltpepper_0.025,0.15441,4.04568,0.83417,272
Office31,vit,saltpepper_0.05,0.15441,4.01334,0.84676,272
Office31,vit,saltpepper_0.07500000000000001,0.13235,3.9852,0.84974,272
Office31,vit,saltpepper_0.1,0.125,3.96644,0.87668,272
Office31,vit,saltpepper_0.125,0.11397,3.94954,0.88284,272
Office31,vit,saltpepper_0.15000000000000002,0.11765,3.95767,0.89149,272
Office31,vit,saltpepper_0.17500000000000002,0.11029,3.89988,0.90185,272
Office31,vit,saltpepper_0.2,0.11765,3.83904,0.91756,272
Office31,vit,saltpepper_0.225,0.11029,3.68499,0.94823,272
Office31,vit,saltpepper_0.25,0.11397,3.74456,0.93162,272
Office31,vit,saltpepper_0.275,0.12132,3.71028,0.93467,272
Office31,vit,saltpepper_0.30000000000000004,0.11397,3.71153,0.94777,272
Office31,vit,saltpepper_0.325,0.11397,3.6925,0.95521,272
Office31,vit,saltpepper_0.35000000000000003,0.11029,3.63857,0.9763,272
Office31,vit,saltpepper_0.375,0.10662,3.68477,0.9615,272
Office31,vit,saltpepper_0.4,0.10662,3.67091,0.96131,272
Office31,vit,saltpepper_0.42500000000000004,0.10294,3.65561,0.96521,272
Office31,vit,saltpepper_0.45,0.09926,3.60908,0.97207,272
Office31,vit,saltpepper_0.47500000000000003,0.08456,3.61184,0.96336,272
Office31,vit,saltpepper_0.5,0.09191,3.58195,0.95977,272
Office31,vit,brightness_0.025,0.36397,4.84358,0.32196,272
Office31,vit,brightness_0.05,0.36029,4.84807,0.32092,272
Office31,vit,brightness_0.07500000000000001,0.34559,4.8409,0.33525,272
Office31,vit,brightness_0.1,0.34559,4.85962,0.35367,272
Office31,vit,brightness_0.125,0.36029,4.85611,0.35181,272
Office31,vit,brightness_0.15000000000000002,0.34926,4.85818,0.37283,272
Office31,vit,brightness_0.17500000000000002,0.34559,4.83186,0.39949,272
Office31,vit,brightness_0.2,0.34559,4.85861,0.37441,272
Office31,vit,brightness_0.225,0.35294,4.82878,0.38412,272
Office31,vit,brightness_0.25,0.30882,4.82587,0.37269,272
Office31,vit,brightness_0.275,0.31618,4.79416,0.35717,272
Office31,vit,brightness_0.30000000000000004,0.33088,4.74037,0.37386,272
Office31,vit,brightness_0.325,0.3125,4.68034,0.38022,272
Office31,vit,brightness_0.35000000000000003,0.32721,4.77763,0.3434,272
Office31,vit,brightness_0.375,0.34559,4.82393,0.38952,272
Office31,vit,brightness_0.4,0.34191,4.82063,0.37261,272
Office31,vit,brightness_0.42500000000000004,0.36397,4.86137,0.35659,272
Office31,vit,brightness_0.45,0.35662,4.84724,0.33336,272
Office31,vit,brightness_0.47500000000000003,0.34559,4.83097,0.30986,272
Office31,vit,brightness_0.5,0.33088,4.7902,0.30502,272
Office31,vit,contrast_0.025,0.35662,4.84418,0.3319,272
Office31,vit,contrast_0.05,0.32353,4.81764,0.33154,272
Office31,vit,contrast_0.07500000000000001,0.32353,4.81017,0.33905,272
Office31,vit,contrast_0.1,0.30882,4.6757,0.44495,272
Office31,vit,contrast_0.125,0.25368,4.59231,0.47657,272
Office31,vit,contrast_0.15000000000000002,0.23897,4.46773,0.50775,272
Office31,vit,contrast_0.17500000000000002,0.23529,4.4604,0.57493,272
Office31,vit,contrast_0.2,0.19118,4.42006,0.60842,272
Office31,vit,contrast_0.225,0.16176,4.28907,0.67294,272
Office31,vit,contrast_0.25,0.15809,4.13474,0.74463,272
Office31,vit,contrast_0.275,0.15074,4.03503,0.75193,272
Office31,vit,contrast_0.30000000000000004,0.11029,3.89996,0.83443,272
Office31,vit,contrast_0.325,0.11029,3.83266,0.90283,272
Office31,vit,contrast_0.35000000000000003,0.10294,3.81845,0.89953,272
Office31,vit,contrast_0.375,0.11397,3.87672,0.87435,272
Office31,vit,contrast_0.4,0.125,3.89664,0.82373,272
Office31,vit,contrast_0.42500000000000004,0.13235,3.93187,0.76451,272
Office31,vit,contrast_0.45,0.16544,4.03333,0.75896,272
Office31,vit,contrast_0.47500000000000003,0.15441,4.12276,0.73982,272
Office31,vit,contrast_0.5,0.15074,4.16659,0.72908,272
Office31,vit,smear_0.025,0.36029,4.81082,0.27886,272
Office31,vit,smear_0.05,0.34926,4.88146,0.32601,272
Office31,vit,smear_0.07500000000000001,0.36029,4.84875,0.31482,272
Office31,vit,smear_0.1,0.34191,4.86695,0.34968,272
Office31,vit,smear_0.125,0.36765,4.74859,0.36009,272
Office31,vit,smear_0.15000000000000002,0.34559,4.79779,0.366,272
Office31,vit,smear_0.17500000000000002,0.32721,4.81035,0.34509,272
Office31,vit,smear_0.2,0.32353,4.82874,0.33887,272
Office31,vit,smear_0.225,0.32721,4.85558,0.3368,272
Office31,vit,smear_0.25,0.30515,4.78594,0.35519,272
Office31,vit,smear_0.275,0.30515,4.78666,0.33626,272
Office31,vit,smear_0.30000000000000004,0.31985,4.75928,0.353,272
Office31,vit,smear_0.325,0.32721,4.72601,0.32937,272
Office31,vit,smear_0.35000000000000003,0.3125,4.74868,0.30433,272
Office31,vit,smear_0.375,0.29412,4.79558,0.31049,272
Office31,vit,smear_0.4,0.30147,4.77413,0.32801,272
Office31,vit,smear_0.42500000000000004,0.30147,4.81439,0.34877,272
Office31,vit,smear_0.45,0.30515,4.77276,0.36087,272
Office31,vit,smear_0.47500000000000003,0.31618,4.73055,0.37191,272
Office31,vit,smear_0.5,0.30147,4.80147,0.3675,272
Office31,vit,fog_0.025,0.35662,4.84932,0.32475,272
Office31,vit,fog_0.05,0.34926,4.83568,0.30429,272
Office31,vit,fog_0.07500000000000001,0.35294,4.83751,0.3309,272
Office31,vit,fog_0.1,0.36029,4.82268,0.32802,272
Office31,vit,fog_0.125,0.35294,4.83762,0.31875,272
Office31,vit,fog_0.15000000000000002,0.36029,4.84077,0.34709,272
Office31,vit,fog_0.17500000000000002,0.35294,4.84421,0.30998,272
Office31,vit,fog_0.2,0.35662,4.83665,0.3256,272
Office31,vit,fog_0.225,0.36765,4.84374,0.32233,272
Office31,vit,fog_0.25,0.35294,4.83176,0.31666,272
Office31,vit,fog_0.275,0.34559,4.84679,0.30412,272
Office31,vit,fog_0.30000000000000004,0.34191,4.84774,0.31918,272
Office31,vit,fog_0.325,0.33824,4.8673,0.30521,272
Office31,vit,fog_0.35000000000000003,0.34191,4.86417,0.31412,272
Office31,vit,fog_0.375,0.34191,4.86558,0.33125,272
Office31,vit,fog_0.4,0.35294,4.84566,0.32956,272
Office31,vit,fog_0.42500000000000004,0.35294,4.84005,0.33455,272
Office31,vit,fog_0.45,0.34191,4.87572,0.33189,272
Office31,vit,fog_0.47500000000000003,0.35662,4.83669,0.31438,272
Office31,vit,fog_0.5,0.34926,4.84101,0.32772,272
Office31,vit,jpeg_0.025,0.375,4.84541,0.31622,272
Office31,vit,jpeg_0.05,0.37132,4.8292,0.33545,272
Office31,vit,jpeg_0.07500000000000001,0.37132,4.83753,0.33081,272
Office31,vit,jpeg_0.1,0.375,4.85114,0.34078,272
Office31,vit,jpeg_0.125,0.36765,4.82899,0.30224,272
Office31,vit,jpeg_0.15000000000000002,0.36029,4.84801,0.34392,272
Office31,vit,jpeg_0.17500000000000002,0.36765,4.82917,0.3278,272
Office31,vit,jpeg_0.2,0.36765,4.8191,0.3342,272
Office31,vit,jpeg_0.225,0.375,4.85407,0.31815,272
Office31,vit,jpeg_0.25,0.375,4.85207,0.3103,272
Office31,vit,jpeg_0.275,0.36397,4.84469,0.31681,272
Office31,vit,jpeg_0.30000000000000004,0.37132,4.85616,0.33767,272
Office31,vit,jpeg_0.325,0.36765,4.81419,0.32206,272
Office31,vit,jpeg_0.35000000000000003,0.36029,4.83719,0.32206,272
Office31,vit,jpeg_0.375,0.36029,4.8382,0.32739,272
Office31,vit,jpeg_0.4,0.37132,4.8287,0.33186,272
Office31,vit,jpeg_0.42500000000000004,0.36397,4.82864,0.34471,272
Office31,vit,jpeg_0.45,0.35662,4.81916,0.34287,272
Office31,vit,jpeg_0.47500000000000003,0.36765,4.8193,0.33361,272
Office31,vit,jpeg_0.5,0.36765,4.85441,0.33689,272
NICO,resnet,ind_val,0.91747,7.29685,0.0,1248
NICO,resnet,ind_test,0.90705,7.38408,0.23556,1248
NICO,resnet,water,0.164,6.1336,0.57412,2000
NICO,resnet,outdoor,0.1785,6.19582,0.50774,2000
NICO,resnet,autumn,0.1615,6.0277,0.74301,2000
NICO,resnet,rock,0.146,5.9683,0.60469,2000
NICO,resnet,grass,0.1675,6.08695,0.57664,2000
NICO,resnet,noise_0.025,0.77564,7.05741,0.39767,1248
NICO,resnet,noise_0.05,0.36699,5.96007,0.83324,1248
NICO,resnet,noise_0.07500000000000001,0.16266,4.93733,1.19181,1248
NICO,resnet,noise_0.1,0.08333,3.88634,1.51379,1248
NICO,resnet,noise_0.125,0.0609,2.92787,1.68077,1248
NICO,resnet,noise_0.15000000000000002,0.05208,2.5301,1.7942,1248
NICO,resnet,noise_0.17500000000000002,0.04728,2.33193,1.81906,1248
NICO,resnet,noise_0.2,0.04327,2.18881,1.82545,1248
NICO,resnet,noise_0.225,0.04087,2.14168,1.80694,1248
NICO,resnet,noise_0.25,0.03686,2.13739,1.77384,1248
NICO,resnet,noise_0.275,0.03526,2.16167,1.76113,1248
NICO,resnet,noise_0.30000000000000004,0.02804,2.1521,1.7841,1248
NICO,resnet,noise_0.325,0.03045,2.15774,1.78838,1248
NICO,resnet,noise_0.35000000000000003,0.03365,2.02481,1.7899,1248
NICO,resnet,noise_0.375,0.03205,1.74391,1.80426,1248
NICO,resnet,noise_0.4,0.02965,1.50649,1.84769,1248
NICO,resnet,noise_0.42500000000000004,0.03285,1.30366,1.86717,1248
NICO,resnet,noise_0.45,0.03285,1.23336,1.87874,1248
NICO,resnet,noise_0.47500000000000003,0.03205,1.18388,1.9038,1248
NICO,resnet,noise_0.5,0.03205,1.13352,1.91699,1248
NICO,resnet,multnoise_0.025,0.79167,7.06856,0.33555,1248
NICO,resnet,multnoise_0.05,0.44471,6.21481,0.7815,1248
NICO,resnet,multnoise_0.07500000000000001,0.26282,5.51317,1.0402,1248
NICO,resnet,multnoise_0.1,0.14583,4.88396,1.24716,1248
NICO,resnet,multnoise_0.125,0.08333,4.18971,1.47521,1248
NICO,resnet,multnoise_0.15000000000000002,0.05769,3.6025,1.62049,1248
NICO,resnet,multnoise_0.17500000000000002,0.04247,3.0979,1.66468,1248
NICO,resnet,multnoise_0.2,0.03686,2.89077,1.69175,1248
NICO,resnet,multnoise_0.225,0.03446,2.72602,1.71226,1248
NICO,resnet,multnoise_0.25,0.03205,2.66955,1.72333,1248
NICO,resnet,multnoise_0.275,0.03125,2.64285,1.72761,1248
NICO,resnet,multnoise_0.30000000000000004,0.02965,2.54562,1.74007,1248
NICO,resnet,multnoise_0.325,0.03125,2.47541,1.74937,1248
NICO,resnet,multnoise_0.35000000000000003,0.03125,2.41982,1.75397,1248
NICO,resnet,multnoise_0.375,0.02965,2.36464,1.75378,1248
NICO,resnet,multnoise_0.4,0.02965,2.28764,1.7549,1248
NICO,resnet,multnoise_0.42500000000000004,0.02804,2.19733,1.7584,1248
NICO,resnet,multnoise_0.45,0.02804,2.13572,1.76731,1248
NICO,resnet,multnoise_0.47500000000000003,0.02564,2.08029,1.77739,1248
NICO,resnet,multnoise_0.5,0.02644,2.01864,1.78592,1248
NICO,resnet,hue_0.025,0.91506,7.3268,0.22551,1248
NICO,resnet,hue_0.05,0.91026,7.31081,0.23038,1248
NICO,resnet,hue_0.07500000000000001,0.87179,7.22244,0.24265,1248
NICO,resnet,hue_0.1,0.81571,7.08653,0.27712,1248
NICO,resnet,hue_0.125,0.73798,6.88912,0.33087,1248
NICO,resnet,hue_0.15000000000000002,0.65545,6.71874,0.38462,1248
NICO,resnet,hue_0.17500000000000002,0.58494,6.5925,0.4507,1248
NICO,resnet,hue_0.2,0.53045,6.48035,0.50077,1248
NICO,resnet,hue_0.225,0.48397,6.3973,0.56301,1248
NICO,resnet,hue_0.25,0.44952,6.27679,0.63058,1248
NICO,resnet,hue_0.275,0.41667,6.15607,0.68597,1248
NICO,resnet,hue_0.30000000000000004,0.38862,6.05649,0.73266,1248
NICO,resnet,hue_0.325,0.36779,5.96326,0.77165,1248
NICO,resnet,hue_0.35000000000000003,0.34295,5.83985,0.81207,1248
NICO,resnet,hue_0.375,0.32051,5.7283,0.85246,1248
NICO,resnet,hue_0.4,0.30048,5.62154,0.88942,1248
NICO,resnet,hue_0.42500000000000004,0.28686,5.54963,0.91226,1248
NICO,resnet,hue_0.45,0.27804,5.51794,0.91134,1248
NICO,resnet,hue_0.47500000000000003,0.27965,5.50198,0.90834,1248
NICO,resnet,hue_0.5,0.27644,5.52107,0.89903,1248
NICO,resnet,saltpepper_0.025,0.03446,2.33091,1.75746,1248
NICO,resnet,saltpepper_0.05,0.03606,2.27878,1.77398,1248
NICO,resnet,saltpepper_0.07500000000000001,0.03446,2.20273,1.78817,1248
NICO,resnet,saltpepper_0.1,0.03205,2.11513,1.80459,1248
NICO,resnet,saltpepper_0.125,0.03285,1.97278,1.82534,1248
NICO,resnet,saltpepper_0.15000000000000002,0.03125,1.82471,1.84503,1248
NICO,resnet,saltpepper_0.17500000000000002,0.02724,1.68964,1.85393,1248
NICO,resnet,saltpepper_0.2,0.02724,1.5484,1.87311,1248
NICO,resnet,saltpepper_0.225,0.02804,1.48027,1.88647,1248
NICO,resnet,saltpepper_0.25,0.02885,1.42372,1.89366,1248
NICO,resnet,saltpepper_0.275,0.02804,1.37154,1.89873,1248
NICO,resnet,saltpepper_0.30000000000000004,0.02885,1.33546,1.90086,1248
NICO,resnet,saltpepper_0.325,0.02965,1.32112,1.90144,1248
NICO,resnet,saltpepper_0.35000000000000003,0.02965,1.31211,1.90166,1248
NICO,resnet,saltpepper_0.375,0.02885,1.30223,1.90168,1248
NICO,resnet,saltpepper_0.4,0.02885,1.29652,1.90168,1248
NICO,resnet,saltpepper_0.42500000000000004,0.02885,1.28592,1.90168,1248
NICO,resnet,saltpepper_0.45,0.02885,1.27976,1.90301,1248
NICO,resnet,saltpepper_0.47500000000000003,0.02965,1.27391,1.90483,1248
NICO,resnet,saltpepper_0.5,0.02885,1.26834,1.90707,1248
NICO,resnet,brightness_0.025,0.91106,7.38026,0.21649,1248
NICO,resnet,brightness_0.05,0.90946,7.37756,0.21763,1248
NICO,resnet,brightness_0.07500000000000001,0.90865,7.37413,0.21704,1248
NICO,resnet,brightness_0.1,0.90946,7.37351,0.21946,1248
NICO,resnet,brightness_0.125,0.90865,7.37029,0.21849,1248
NICO,resnet,brightness_0.15000000000000002,0.90785,7.37072,0.22045,1248
NICO,resnet,brightness_0.17500000000000002,0.90705,7.36562,0.22046,1248
NICO,resnet,brightness_0.2,0.90465,7.36341,0.22008,1248
NICO,resnet,brightness_0.225,0.90224,7.3594,0.21852,1248
NICO,resnet,brightness_0.25,0.90144,7.3506,0.21904,1248
NICO,resnet,brightness_0.275,0.90064,7.34109,0.22151,1248
NICO,resnet,brightness_0.30000000000000004,0.89824,7.33461,0.22197,1248
NICO,resnet,brightness_0.325,0.89503,7.32357,0.22187,1248
NICO,resnet,brightness_0.35000000000000003,0.89904,7.3389,0.22028,1248
NICO,resnet,brightness_0.375,0.90224,7.35907,0.2185,1248
NICO,resnet,brightness_0.4,0.90785,7.36598,0.22046,1248
NICO,resnet,brightness_0.42500000000000004,0.90946,7.37441,0.21749,1248
NICO,resnet,brightness_0.45,0.91026,7.37985,0.21496,1248
NICO,resnet,brightness_0.47500000000000003,0.91026,7.37954,0.21522,1248
NICO,resnet,brightness_0.5,0.90946,7.37073,0.21402,1248
NICO,resnet,contrast_0.025,0.91827,7.32645,0.23244,1248
NICO,resnet,contrast_0.05,0.91907,7.3322,0.23414,1248
NICO,resnet,contrast_0.07500000000000001,0.91106,7.32858,0.23787,1248
NICO,resnet,contrast_0.1,0.90304,7.29749,0.23963,1248
NICO,resnet,contrast_0.125,0.88141,7.21316,0.24095,1248
NICO,resnet,contrast_0.15000000000000002,0.84535,7.10011,0.24528,1248
NICO,resnet,contrast_0.17500000000000002,0.79968,6.95482,0.26404,1248
NICO,resnet,contrast_0.2,0.72997,6.7588,0.29215,1248
NICO,resnet,contrast_0.225,0.64103,6.55495,0.33685,1248
NICO,resnet,contrast_0.25,0.55128,6.33877,0.37744,1248
NICO,resnet,contrast_0.275,0.46074,6.1406,0.43484,1248
NICO,resnet,contrast_0.30000000000000004,0.375,5.97624,0.49078,1248
NICO,resnet,contrast_0.325,0.3101,5.78292,0.55655,1248
NICO,resnet,contrast_0.35000000000000003,0.3101,5.78632,0.55638,1248
NICO,resnet,contrast_0.375,0.34295,5.89056,0.51741,1248
NICO,resnet,contrast_0.4,0.3766,5.99105,0.48574,1248
NICO,resnet,contrast_0.42500000000000004,0.42548,6.07531,0.45459,1248
NICO,resnet,contrast_0.45,0.47436,6.17223,0.4234,1248
NICO,resnet,contrast_0.47500000000000003,0.52083,6.27807,0.39217,1248
NICO,resnet,contrast_0.5,0.57292,6.39128,0.36699,1248
NICO,resnet,smear_0.025,0.91026,7.31365,0.20933,1248
NICO,resnet,smear_0.05,0.91266,7.3033,0.21099,1248
NICO,resnet,smear_0.07500000000000001,0.91186,7.31379,0.20804,1248
NICO,resnet,smear_0.1,0.90625,7.30062,0.21033,1248
NICO,resnet,smear_0.125,0.90064,7.28295,0.20544,1248
NICO,resnet,smear_0.15000000000000002,0.89343,7.26553,0.20349,1248
NICO,resnet,smear_0.17500000000000002,0.89503,7.24126,0.20818,1248
NICO,resnet,smear_0.2,0.89103,7.24638,0.20172,1248
NICO,resnet,smear_0.225,0.8774,7.23049,0.20738,1248
NICO,resnet,smear_0.25,0.87099,7.21917,0.21036,1248
NICO,resnet,smear_0.275,0.85817,7.1539,0.21596,1248
NICO,resnet,smear_0.30000000000000004,0.84856,7.1133,0.21314,1248
NICO,resnet,smear_0.325,0.82772,7.0846,0.21883,1248
NICO,resnet,smear_0.35000000000000003,0.81651,7.04333,0.21815,1248
NICO,resnet,smear_0.375,0.80369,7.01381,0.21435,1248
NICO,resnet,smear_0.4,0.78526,6.97012,0.21762,1248
NICO,resnet,smear_0.42500000000000004,0.77324,6.90848,0.22326,1248
NICO,resnet,smear_0.45,0.75,6.88759,0.22874,1248
NICO,resnet,smear_0.47500000000000003,0.73478,6.84397,0.23045,1248
NICO,resnet,smear_0.5,0.71875,6.81163,0.21816,1248
NICO,resnet,fog_0.025,0.91827,7.36064,0.24534,1248
NICO,resnet,fog_0.05,0.91827,7.36046,0.24534,1248
NICO,resnet,fog_0.07500000000000001,0.91827,7.35977,0.24374,1248
NICO,resnet,fog_0.1,0.91827,7.35996,0.24534,1248
NICO,resnet,fog_0.125,0.91907,7.36244,0.24469,1248
NICO,resnet,fog_0.15000000000000002,0.91907,7.36177,0.24568,1248
NICO,resnet,fog_0.17500000000000002,0.91907,7.36146,0.24556,1248
NICO,resnet,fog_0.2,0.91667,7.36063,0.24392,1248
NICO,resnet,fog_0.225,0.91827,7.36101,0.24399,1248
NICO,resnet,fog_0.25,0.91667,7.36078,0.24487,1248
NICO,resnet,fog_0.275,0.87179,7.17018,0.26568,1248
NICO,resnet,fog_0.30000000000000004,0.8734,7.17591,0.26538,1248
NICO,resnet,fog_0.325,0.875,7.16466,0.26587,1248
NICO,resnet,fog_0.35000000000000003,0.8734,7.1598,0.26809,1248
NICO,resnet,fog_0.375,0.86939,7.16504,0.2686,1248
NICO,resnet,fog_0.4,0.86298,7.14923,0.27131,1248
NICO,resnet,fog_0.42500000000000004,0.33734,5.77117,0.6865,1248
NICO,resnet,fog_0.45,0.33654,5.74321,0.68787,1248
NICO,resnet,fog_0.47500000000000003,0.32532,5.73129,0.69062,1248
NICO,resnet,fog_0.5,0.32051,5.72182,0.69029,1248
NICO,resnet,jpeg_0.025,0.89824,7.31873,0.23862,1248
NICO,resnet,jpeg_0.05,0.89824,7.31718,0.24018,1248
NICO,resnet,jpeg_0.07500000000000001,0.89423,7.31865,0.23889,1248
NICO,resnet,jpeg_0.1,0.89503,7.31894,0.23972,1248
NICO,resnet,jpeg_0.125,0.89744,7.31862,0.24037,1248
NICO,resnet,jpeg_0.15000000000000002,0.89824,7.31678,0.24056,1248
NICO,resnet,jpeg_0.17500000000000002,0.89663,7.31386,0.24032,1248
NICO,resnet,jpeg_0.2,0.89744,7.31558,0.23971,1248
NICO,resnet,jpeg_0.225,0.89663,7.30967,0.24257,1248
NICO,resnet,jpeg_0.25,0.89343,7.31191,0.24163,1248
NICO,resnet,jpeg_0.275,0.89423,7.31297,0.24271,1248
NICO,resnet,jpeg_0.30000000000000004,0.89343,7.30988,0.24187,1248
NICO,resnet,jpeg_0.325,0.89423,7.30691,0.24176,1248
NICO,resnet,jpeg_0.35000000000000003,0.89503,7.31126,0.24205,1248
NICO,resnet,jpeg_0.375,0.89423,7.31154,0.2432,1248
NICO,resnet,jpeg_0.4,0.89583,7.30961,0.2432,1248
NICO,resnet,jpeg_0.42500000000000004,0.89583,7.30731,0.24318,1248
NICO,resnet,jpeg_0.45,0.89663,7.29941,0.2426,1248
NICO,resnet,jpeg_0.47500000000000003,0.89663,7.30152,0.24119,1248
NICO,resnet,jpeg_0.5,0.89824,7.30185,0.24146,1248
NICO,vit,ind_val,0.88141,7.31887,0.0,1248
NICO,vit,ind_test,0.87901,7.32933,0.2189,1248
NICO,vit,water,0.0495,6.09074,0.54826,2000
NICO,vit,outdoor,0.0585,6.16034,0.57159,2000
NICO,vit,autumn,0.0525,6.17873,0.52917,2000
NICO,vit,rock,0.0445,5.99751,0.50424,2000
NICO,vit,grass,0.0585,5.62379,0.8055,2000
NICO,vit,noise_0.025,0.81971,7.24328,0.24483,1248
NICO,vit,noise_0.05,0.75962,7.14061,0.23682,1248
NICO,vit,noise_0.07500000000000001,0.72837,7.05657,0.24244,1248
NICO,vit,noise_0.1,0.69231,7.00353,0.24308,1248
NICO,vit,noise_0.125,0.65224,6.91656,0.24527,1248
NICO,vit,noise_0.15000000000000002,0.61138,6.83154,0.26118,1248
NICO,vit,noise_0.17500000000000002,0.55849,6.76477,0.29334,1248
NICO,vit,noise_0.2,0.51442,6.68463,0.32271,1248
NICO,vit,noise_0.225,0.46554,6.57311,0.34729,1248
NICO,vit,noise_0.25,0.42228,6.48508,0.36089,1248
NICO,vit,noise_0.275,0.37019,6.37843,0.38211,1248
NICO,vit,noise_0.30000000000000004,0.33173,6.26102,0.41572,1248
NICO,vit,noise_0.325,0.28205,6.13892,0.46913,1248
NICO,vit,noise_0.35000000000000003,0.25,6.01944,0.51695,1248
NICO,vit,noise_0.375,0.21394,5.88231,0.57463,1248
NICO,vit,noise_0.4,0.18189,5.75722,0.62478,1248
NICO,vit,noise_0.42500000000000004,0.15304,5.66038,0.66615,1248
NICO,vit,noise_0.45,0.13301,5.57596,0.70739,1248
NICO,vit,noise_0.47500000000000003,0.10817,5.51006,0.74489,1248
NICO,vit,noise_0.5,0.10256,5.44815,0.77745,1248
NICO,vit,multnoise_0.025,0.88141,7.29089,0.24382,1248
NICO,vit,multnoise_0.05,0.87981,7.29674,0.24722,1248
NICO,vit,multnoise_0.07500000000000001,0.88141,7.29637,0.24764,1248
NICO,vit,multnoise_0.1,0.8774,7.28976,0.24824,1248
NICO,vit,multnoise_0.125,0.8774,7.2704,0.25326,1248
NICO,vit,multnoise_0.15000000000000002,0.86939,7.23355,0.25622,1248
NICO,vit,multnoise_0.17500000000000002,0.85176,7.15511,0.25464,1248
NICO,vit,multnoise_0.2,0.8101,7.07938,0.24809,1248
NICO,vit,multnoise_0.225,0.7476,6.98436,0.24873,1248
NICO,vit,multnoise_0.25,0.69631,6.89866,0.26173,1248
NICO,vit,multnoise_0.275,0.6274,6.77684,0.27965,1248
NICO,vit,multnoise_0.30000000000000004,0.5633,6.65669,0.30235,1248
NICO,vit,multnoise_0.325,0.5008,6.53358,0.34357,1248
NICO,vit,multnoise_0.35000000000000003,0.44872,6.447,0.38333,1248
NICO,vit,multnoise_0.375,0.40785,6.38076,0.42137,1248
NICO,vit,multnoise_0.4,0.36458,6.29472,0.45414,1248
NICO,vit,multnoise_0.42500000000000004,0.33173,6.20434,0.49066,1248
NICO,vit,multnoise_0.45,0.29167,6.13504,0.52042,1248
NICO,vit,multnoise_0.47500000000000003,0.26282,6.09603,0.54906,1248
NICO,vit,multnoise_0.5,0.24359,6.05976,0.57747,1248
NICO,vit,hue_0.025,0.77404,7.05339,0.19561,1248
NICO,vit,hue_0.05,0.44151,6.50281,0.25393,1248
NICO,vit,hue_0.07500000000000001,0.24519,6.22207,0.36131,1248
NICO,vit,hue_0.1,0.16026,6.04401,0.45735,1248
NICO,vit,hue_0.125,0.1234,5.92379,0.53402,1248
NICO,vit,hue_0.15000000000000002,0.09776,5.84636,0.60266,1248
NICO,vit,hue_0.17500000000000002,0.07853,5.70375,0.65953,1248
NICO,vit,hue_0.2,0.0601,5.52047,0.74069,1248
NICO,vit,hue_0.225,0.05449,5.43456,0.78561,1248
NICO,vit,hue_0.25,0.05128,5.29504,0.8678,1248
NICO,vit,hue_0.275,0.04647,5.20592,0.95922,1248
NICO,vit,hue_0.30000000000000004,0.04167,5.1485,1.01052,1248
NICO,vit,hue_0.325,0.03446,5.05141,1.0588,1248
NICO,vit,hue_0.35000000000000003,0.02965,4.94522,1.10428,1248
NICO,vit,hue_0.375,0.02724,4.84217,1.15796,1248
NICO,vit,hue_0.4,0.02404,4.76056,1.18482,1248
NICO,vit,hue_0.42500000000000004,0.02404,4.64585,1.20586,1248
NICO,vit,hue_0.45,0.02163,4.60356,1.21949,1248
NICO,vit,hue_0.47500000000000003,0.01843,4.58509,1.22141,1248
NICO,vit,hue_0.5,0.01923,4.53837,1.23941,1248
NICO,vit,saltpepper_0.025,0.09455,5.41077,0.67785,1248
NICO,vit,saltpepper_0.05,0.09135,5.40849,0.67527,1248
NICO,vit,saltpepper_0.07500000000000001,0.09615,5.40677,0.67472,1248
NICO,vit,saltpepper_0.1,0.09696,5.41021,0.68177,1248
NICO,vit,saltpepper_0.125,0.10096,5.42035,0.6872,1248
NICO,vit,saltpepper_0.15000000000000002,0.09936,5.4174,0.68928,1248
NICO,vit,saltpepper_0.17500000000000002,0.10497,5.41482,0.69643,1248
NICO,vit,saltpepper_0.2,0.10176,5.4109,0.707,1248
NICO,vit,saltpepper_0.225,0.10016,5.40843,0.71739,1248
NICO,vit,saltpepper_0.25,0.09776,5.42801,0.7187,1248
NICO,vit,saltpepper_0.275,0.09455,5.43803,0.72634,1248
NICO,vit,saltpepper_0.30000000000000004,0.09696,5.42804,0.73424,1248
NICO,vit,saltpepper_0.325,0.09455,5.42364,0.74097,1248
NICO,vit,saltpepper_0.35000000000000003,0.09696,5.42081,0.74661,1248
NICO,vit,saltpepper_0.375,0.09776,5.43211,0.75308,1248
NICO,vit,saltpepper_0.4,0.09535,5.41058,0.76424,1248
NICO,vit,saltpepper_0.42500000000000004,0.09455,5.40307,0.76611,1248
NICO,vit,saltpepper_0.45,0.09375,5.38197,0.77826,1248
NICO,vit,saltpepper_0.47500000000000003,0.08974,5.38625,0.79081,1248
NICO,vit,saltpepper_0.5,0.08734,5.39103,0.79885,1248
NICO,vit,brightness_0.025,0.86939,7.29154,0.17668,1248
NICO,vit,brightness_0.05,0.86859,7.28643,0.17413,1248
NICO,vit,brightness_0.07500000000000001,0.86779,7.28029,0.17276,1248
NICO,vit,brightness_0.1,0.86699,7.27388,0.17196,1248
NICO,vit,brightness_0.125,0.86298,7.27268,0.16929,1248
NICO,vit,brightness_0.15000000000000002,0.86458,7.27868,0.16702,1248
NICO,vit,brightness_0.17500000000000002,0.86298,7.27506,0.16384,1248
NICO,vit,brightness_0.2,0.86058,7.26167,0.1639,1248
NICO,vit,brightness_0.225,0.85657,7.24426,0.16521,1248
NICO,vit,brightness_0.25,0.85016,7.21993,0.16937,1248
NICO,vit,brightness_0.275,0.83894,7.17243,0.17624,1248
NICO,vit,brightness_0.30000000000000004,0.82612,7.10055,0.18595,1248
NICO,vit,brightness_0.325,0.79006,7.04155,0.20307,1248
NICO,vit,brightness_0.35000000000000003,0.83413,7.13337,0.18168,1248
NICO,vit,brightness_0.375,0.85817,7.24672,0.165,1248
NICO,vit,brightness_0.4,0.86458,7.27959,0.16488,1248
NICO,vit,brightness_0.42500000000000004,0.86779,7.27664,0.17143,1248
NICO,vit,brightness_0.45,0.86939,7.29154,0.1767,1248
NICO,vit,brightness_0.47500000000000003,0.86699,7.28542,0.1784,1248
NICO,vit,brightness_0.5,0.86458,7.26993,0.17876,1248
NICO,vit,contrast_0.025,0.8109,7.14895,0.2085,1248
NICO,vit,contrast_0.05,0.73157,7.00781,0.21763,1248
NICO,vit,contrast_0.07500000000000001,0.68029,6.87426,0.2372,1248
NICO,vit,contrast_0.1,0.60256,6.68153,0.29183,1248
NICO,vit,contrast_0.125,0.51282,6.51089,0.34407,1248
NICO,vit,contrast_0.15000000000000002,0.41907,6.28511,0.38663,1248
NICO,vit,contrast_0.17500000000000002,0.32772,6.18349,0.42766,1248
NICO,vit,contrast_0.2,0.24679,6.06404,0.47383,1248
NICO,vit,contrast_0.225,0.19231,5.95118,0.535,1248
NICO,vit,contrast_0.25,0.14663,5.83171,0.59679,1248
NICO,vit,contrast_0.275,0.10978,5.72092,0.64979,1248
NICO,vit,contrast_0.30000000000000004,0.08173,5.60177,0.70881,1248
NICO,vit,contrast_0.325,0.0617,5.51171,0.7833,1248
NICO,vit,contrast_0.35000000000000003,0.0625,5.51297,0.78059,1248
NICO,vit,contrast_0.375,0.07532,5.56338,0.74174,1248
NICO,vit,contrast_0.4,0.08253,5.6098,0.70114,1248
NICO,vit,contrast_0.42500000000000004,0.09776,5.67456,0.66881,1248
NICO,vit,contrast_0.45,0.11458,5.74608,0.63842,1248
NICO,vit,contrast_0.47500000000000003,0.13141,5.807,0.61229,1248
NICO,vit,contrast_0.5,0.16106,5.84901,0.58041,1248
NICO,vit,smear_0.025,0.85497,7.26572,0.23038,1248
NICO,vit,smear_0.05,0.85657,7.25957,0.23557,1248
NICO,vit,smear_0.07500000000000001,0.84856,7.24278,0.23673,1248
NICO,vit,smear_0.1,0.84295,7.22657,0.23442,1248
NICO,vit,smear_0.125,0.83894,7.20364,0.23892,1248
NICO,vit,smear_0.15000000000000002,0.83814,7.19263,0.23556,1248
NICO,vit,smear_0.17500000000000002,0.83173,7.18729,0.23706,1248
NICO,vit,smear_0.2,0.82772,7.17235,0.23028,1248
NICO,vit,smear_0.225,0.81891,7.15728,0.22121,1248
NICO,vit,smear_0.25,0.81651,7.16107,0.21098,1248
NICO,vit,smear_0.275,0.80929,7.13805,0.21547,1248
NICO,vit,smear_0.30000000000000004,0.79728,7.10041,0.22207,1248
NICO,vit,smear_0.325,0.77163,7.06832,0.22352,1248
NICO,vit,smear_0.35000000000000003,0.7516,7.03335,0.23263,1248
NICO,vit,smear_0.375,0.73157,7.00097,0.23037,1248
NICO,vit,smear_0.4,0.72276,6.96858,0.22581,1248
NICO,vit,smear_0.42500000000000004,0.71154,6.92126,0.22729,1248
NICO,vit,smear_0.45,0.69471,6.88953,0.23206,1248
NICO,vit,smear_0.47500000000000003,0.68189,6.84506,0.22311,1248
NICO,vit,smear_0.5,0.66106,6.80433,0.22533,1248
NICO,vit,fog_0.025,0.88702,7.33409,0.19979,1248
NICO,vit,fog_0.05,0.88702,7.33531,0.19972,1248
NICO,vit,fog_0.07500000000000001,0.88702,7.33409,0.19819,1248
NICO,vit,fog_0.1,0.88702,7.33528,0.19819,1248
NICO,vit,fog_0.125,0.88702,7.33495,0.19979,1248
NICO,vit,fog_0.15000000000000002,0.88381,7.32277,0.2026,1248
NICO,vit,fog_0.17500000000000002,0.88221,7.32706,0.20241,1248
NICO,vit,fog_0.2,0.88301,7.32013,0.19963,1248
NICO,vit,fog_0.225,0.88542,7.32549,0.19857,1248
NICO,vit,fog_0.25,0.88221,7.31381,0.2037,1248
NICO,vit,fog_0.275,0.8758,7.31101,0.19908,1248
NICO,vit,fog_0.30000000000000004,0.875,7.31155,0.19976,1248
NICO,vit,fog_0.325,0.87019,7.30212,0.19994,1248
NICO,vit,fog_0.35000000000000003,0.8726,7.30313,0.19575,1248
NICO,vit,fog_0.375,0.8742,7.31101,0.19422,1248
NICO,vit,fog_0.4,0.87019,7.29358,0.19893,1248
NICO,vit,fog_0.42500000000000004,0.86699,7.29339,0.19793,1248
NICO,vit,fog_0.45,0.86538,7.29406,0.1948,1248
NICO,vit,fog_0.47500000000000003,0.86779,7.2856,0.19737,1248
NICO,vit,fog_0.5,0.86218,7.28817,0.19785,1248
NICO,vit,jpeg_0.025,0.86138,7.25912,0.19763,1248
NICO,vit,jpeg_0.05,0.86058,7.25899,0.19579,1248
NICO,vit,jpeg_0.07500000000000001,0.86138,7.25782,0.19609,1248
NICO,vit,jpeg_0.1,0.86058,7.25608,0.19793,1248
NICO,vit,jpeg_0.125,0.86138,7.25651,0.20031,1248
NICO,vit,jpeg_0.15000000000000002,0.86218,7.2555,0.19807,1248
NICO,vit,jpeg_0.17500000000000002,0.86218,7.25741,0.19757,1248
NICO,vit,jpeg_0.2,0.86218,7.25891,0.199,1248
NICO,vit,jpeg_0.225,0.86138,7.25849,0.19874,1248
NICO,vit,jpeg_0.25,0.86138,7.25733,0.19859,1248
NICO,vit,jpeg_0.275,0.86058,7.26011,0.1976,1248
NICO,vit,jpeg_0.30000000000000004,0.86218,7.26563,0.19632,1248
NICO,vit,jpeg_0.325,0.86058,7.25961,0.19964,1248
NICO,vit,jpeg_0.35000000000000003,0.86138,7.25876,0.20094,1248
NICO,vit,jpeg_0.375,0.86138,7.25981,0.19959,1248
NICO,vit,jpeg_0.4,0.85978,7.26329,0.19791,1248
NICO,vit,jpeg_0.42500000000000004,0.86218,7.26412,0.19968,1248
NICO,vit,jpeg_0.45,0.86218,7.25974,0.19821,1248
NICO,vit,jpeg_0.47500000000000003,0.86218,7.25948,0.19755,1248
NICO,vit,jpeg_0.5,0.85897,7.25249,0.20076,1248
Camelyon17,resnet,ind_val,0.989,1.396,0.0,2000
Camelyon17,resnet,ind_test,0.985,1.39398,0.04534,2000
Camelyon17,resnet,OoD Val,0.863,1.34705,0.12026,2000
Camelyon17,resnet,OoD Test,0.817,1.27823,0.09301,2000
Camelyon17,resnet,noise_0.025,0.987,1.3929,0.04469,2000
Camelyon17,resnet,noise_0.05,0.9785,1.38807,0.00358,2000
Camelyon17,resnet,noise_0.07500000000000001,0.9485,1.35708,0.07364,2000
Camelyon17,resnet,noise_0.1,0.8415,1.27747,0.28478,2000
Camelyon17,resnet,noise_0.125,0.648,1.17166,0.50554,2000
Camelyon17,resnet,noise_0.15000000000000002,0.5435,1.14386,0.55194,2000
Camelyon17,resnet,noise_0.17500000000000002,0.45,1.20888,0.37537,2000
Camelyon17,resnet,noise_0.2,0.3645,1.27131,0.11565,2000
Camelyon17,resnet,noise_0.225,0.361,1.29996,0.08317,2000
Camelyon17,resnet,noise_0.25,0.4365,1.28834,0.2898,2000
Camelyon17,resnet,noise_0.275,0.4895,1.2682,0.52273,2000
Camelyon17,resnet,noise_0.30000000000000004,0.5465,1.24889,0.68781,2000
Camelyon17,resnet,noise_0.325,0.5375,1.2323,0.78041,2000
Camelyon17,resnet,noise_0.35000000000000003,0.5105,1.2165,0.82585,2000
Camelyon17,resnet,noise_0.375,0.487,1.16489,0.8935,2000
Camelyon17,resnet,noise_0.4,0.512,1.11438,0.95103,2000
Camelyon17,resnet,noise_0.42500000000000004,0.496,1.08903,0.9805,2000
Camelyon17,resnet,noise_0.45,0.5035,1.05782,1.005,2000
Camelyon17,resnet,noise_0.47500000000000003,0.5185,1.03473,1.01661,2000
Camelyon17,resnet,noise_0.5,0.5045,1.01474,1.02112,2000
Camelyon17,resnet,multnoise_0.025,0.987,1.39304,0.00164,2000
Camelyon17,resnet,multnoise_0.05,0.947,1.36935,0.04392,2000
Camelyon17,resnet,multnoise_0.07500000000000001,0.748,1.24887,0.44082,2000
Camelyon17,resnet,multnoise_0.1,0.5515,1.17504,0.59486,2000
Camelyon17,resnet,multnoise_0.125,0.45,1.24442,0.36048,2000
Camelyon17,resnet,multnoise_0.15000000000000002,0.521,1.29618,0.00083,2000
Camelyon17,resnet,multnoise_0.17500000000000002,0.5445,1.31177,0.27498,2000
Camelyon17,resnet,multnoise_0.2,0.5785,1.27916,0.51528,2000
Camelyon17,resnet,multnoise_0.225,0.5685,1.238,0.67964,2000
Camelyon17,resnet,multnoise_0.25,0.5515,1.18369,0.82937,2000
Camelyon17,resnet,multnoise_0.275,0.529,1.15586,0.89816,2000
Camelyon17,resnet,multnoise_0.30000000000000004,0.5325,1.12065,0.9505,2000
Camelyon17,resnet,multnoise_0.325,0.5255,1.10889,0.96302,2000
Camelyon17,resnet,multnoise_0.35000000000000003,0.5275,1.09323,0.98202,2000
Camelyon17,resnet,multnoise_0.375,0.5215,1.08302,0.99083,2000
Camelyon17,resnet,multnoise_0.4,0.5035,1.07892,0.99686,2000
Camelyon17,resnet,multnoise_0.42500000000000004,0.522,1.05699,1.00806,2000
Camelyon17,resnet,multnoise_0.45,0.487,1.0504,1.01059,2000
Camelyon17,resnet,multnoise_0.47500000000000003,0.5025,1.04536,1.01308,2000
Camelyon17,resnet,multnoise_0.5,0.4985,1.04316,1.01305,2000
Camelyon17,resnet,hue_0.025,0.974,1.38074,0.04617,2000
Camelyon17,resnet,hue_0.05,0.953,1.37699,0.08606,2000
Camelyon17,resnet,hue_0.07500000000000001,0.939,1.36871,0.03645,2000
Camelyon17,resnet,hue_0.1,0.89,1.35083,0.04259,2000
Camelyon17,resnet,hue_0.125,0.8285,1.3442,0.16069,2000
Camelyon17,resnet,hue_0.15000000000000002,0.764,1.33784,0.28648,2000
Camelyon17,resnet,hue_0.17500000000000002,0.7205,1.33198,0.38819,2000
Camelyon17,resnet,hue_0.2,0.67,1.31479,0.47346,2000
Camelyon17,resnet,hue_0.225,0.6055,1.27607,0.60308,2000
Camelyon17,resnet,hue_0.25,0.526,1.22666,0.7263,2000
Camelyon17,resnet,hue_0.275,0.4575,1.20607,0.80758,2000
Camelyon17,resnet,hue_0.30000000000000004,0.4435,1.2173,0.79244,2000
Camelyon17,resnet,hue_0.325,0.433,1.22681,0.78829,2000
Camelyon17,resnet,hue_0.35000000000000003,0.4005,1.27517,0.70006,2000
Camelyon17,resnet,hue_0.375,0.39,1.31886,0.56298,2000
Camelyon17,resnet,hue_0.4,0.3655,1.34354,0.43532,2000
Camelyon17,resnet,hue_0.42500000000000004,0.3705,1.38322,0.16853,2000
Camelyon17,resnet,hue_0.45,0.3715,1.39354,0.01921,2000
Camelyon17,resnet,hue_0.47500000000000003,0.4075,1.39162,0.18282,2000
Camelyon17,resnet,hue_0.5,0.4165,1.39046,0.28659,2000
Camelyon17,resnet,saltpepper_0.025,0.3575,1.32989,0.3738,2000
Camelyon17,resnet,saltpepper_0.05,0.348,1.34729,0.23115,2000
Camelyon17,resnet,saltpepper_0.07500000000000001,0.3955,1.3436,0.24775,2000
Camelyon17,resnet,saltpepper_0.1,0.3795,1.33851,0.16159,2000
Camelyon17,resnet,saltpepper_0.125,0.3825,1.34137,0.01587,2000
Camelyon17,resnet,saltpepper_0.15000000000000002,0.389,1.33165,0.11756,2000
Camelyon17,resnet,saltpepper_0.17500000000000002,0.4295,1.30871,0.28987,2000
Camelyon17,resnet,saltpepper_0.2,0.5005,1.28644,0.43628,2000
Camelyon17,resnet,saltpepper_0.225,0.513,1.27527,0.52103,2000
Camelyon17,resnet,saltpepper_0.25,0.539,1.2795,0.6036,2000
Camelyon17,resnet,saltpepper_0.275,0.5415,1.28171,0.67698,2000
Camelyon17,resnet,saltpepper_0.30000000000000004,0.5565,1.26496,0.73174,2000
Camelyon17,resnet,saltpepper_0.325,0.5385,1.24346,0.79999,2000
Camelyon17,resnet,saltpepper_0.35000000000000003,0.519,1.22959,0.81641,2000
Camelyon17,resnet,saltpepper_0.375,0.5095,1.19042,0.88292,2000
Camelyon17,resnet,saltpepper_0.4,0.511,1.1788,0.8811,2000
Camelyon17,resnet,saltpepper_0.42500000000000004,0.479,1.16516,0.89953,2000
Camelyon17,resnet,saltpepper_0.45,0.499,1.12936,0.94005,2000
Camelyon17,resnet,saltpepper_0.47500000000000003,0.5205,1.093,0.97431,2000
Camelyon17,resnet,saltpepper_0.5,0.495,1.08111,0.9803,2000
Camelyon17,resnet,brightness_0.025,0.982,1.39384,0.04775,2000
Camelyon17,resnet,brightness_0.05,0.984,1.39401,0.03413,2000
Camelyon17,resnet,brightness_0.07500000000000001,0.972,1.39349,0.04034,2000
Camelyon17,resnet,brightness_0.1,0.969,1.39202,0.04768,2000
Camelyon17,resnet,brightness_0.125,0.964,1.38958,0.02524,2000
Camelyon17,resnet,brightness_0.15000000000000002,0.947,1.39084,0.01557,2000
Camelyon17,resnet,brightness_0.17500000000000002,0.9275,1.38606,0.03755,2000
Camelyon17,resnet,brightness_0.2,0.923,1.38434,0.02658,2000
Camelyon17,resnet,brightness_0.225,0.8985,1.37829,0.03831,2000
Camelyon17,resnet,brightness_0.25,0.8855,1.37602,0.03612,2000
Camelyon17,resnet,brightness_0.275,0.864,1.37297,0.01337,2000
Camelyon17,resnet,brightness_0.30000000000000004,0.8235,1.36278,0.04152,2000
Camelyon17,resnet,brightness_0.325,0.82,1.36057,0.05195,2000
Camelyon17,resnet,brightness_0.35000000000000003,0.8425,1.36808,0.01696,2000
Camelyon17,resnet,brightness_0.375,0.908,1.3814,0.05361,2000
Camelyon17,resnet,brightness_0.4,0.9395,1.38845,0.06288,2000
Camelyon17,resnet,brightness_0.42500000000000004,0.97,1.39299,0.021,2000
Camelyon17,resnet,brightness_0.45,0.984,1.39594,0.04588,2000
Camelyon17,resnet,brightness_0.47500000000000003,0.9865,1.39509,0.07766,2000
Camelyon17,resnet,brightness_0.5,0.9795,1.38938,0.04399,2000
Camelyon17,resnet,contrast_0.025,0.985,1.39425,0.0127,2000
Camelyon17,resnet,contrast_0.05,0.9795,1.39411,0.00434,2000
Camelyon17,resnet,contrast_0.07500000000000001,0.972,1.38908,0.01343,2000
Camelyon17,resnet,contrast_0.1,0.962,1.38579,3e-05,2000
Camelyon17,resnet,contrast_0.125,0.9505,1.37826,0.00323,2000
Camelyon17,resnet,contrast_0.15000000000000002,0.931,1.3711,0.07137,2000
Camelyon17,resnet,contrast_0.17500000000000002,0.909,1.36283,0.0495,2000
Camelyon17,resnet,contrast_0.2,0.858,1.34397,0.16463,2000
Camelyon17,resnet,contrast_0.225,0.8065,1.33032,0.24665,2000
Camelyon17,resnet,contrast_0.25,0.7405,1.30681,0.36465,2000
Camelyon17,resnet,contrast_0.275,0.6625,1.29557,0.44095,2000
Camelyon17,resnet,contrast_0.30000000000000004,0.652,1.29576,0.4237,2000
Camelyon17,resnet,contrast_0.325,0.63,1.30328,0.33592,2000
Camelyon17,resnet,contrast_0.35000000000000003,0.643,1.30018,0.35076,2000
Camelyon17,resnet,contrast_0.375,0.6415,1.29687,0.40053,2000
Camelyon17,resnet,contrast_0.4,0.6455,1.29637,0.4351,2000
Camelyon17,resnet,contrast_0.42500000000000004,0.6585,1.28384,0.47908,2000
Camelyon17,resnet,contrast_0.45,0.672,1.29002,0.43713,2000
Camelyon17,resnet,contrast_0.47500000000000003,0.702,1.30184,0.39564,2000
Camelyon17,resnet,contrast_0.5,0.74,1.3144,0.32553,2000
Camelyon17,resnet,smear_0.025,0.9855,1.39604,0.05838,2000
Camelyon17,resnet,smear_0.05,0.983,1.3941,0.01865,2000
Camelyon17,resnet,smear_0.07500000000000001,0.985,1.39388,0.01494,2000
Camelyon17,resnet,smear_0.1,0.984,1.39329,0.0052,2000
Camelyon17,resnet,smear_0.125,0.985,1.39472,0.00878,2000
Camelyon17,resnet,smear_0.15000000000000002,0.982,1.39047,0.06632,2000
Camelyon17,resnet,smear_0.17500000000000002,0.9775,1.3871,0.03664,2000
Camelyon17,resnet,smear_0.2,0.979,1.38858,0.06493,2000
Camelyon17,resnet,smear_0.225,0.976,1.38634,0.04886,2000
Camelyon17,resnet,smear_0.25,0.9745,1.38223,0.04527,2000
Camelyon17,resnet,smear_0.275,0.9725,1.38258,0.06508,2000
Camelyon17,resnet,smear_0.30000000000000004,0.9665,1.38165,0.08837,2000
Camelyon17,resnet,smear_0.325,0.959,1.3719,0.08473,2000
Camelyon17,resnet,smear_0.35000000000000003,0.962,1.37439,0.10184,2000
Camelyon17,resnet,smear_0.375,0.953,1.37117,0.12133,2000
Camelyon17,resnet,smear_0.4,0.939,1.36453,0.12679,2000
Camelyon17,resnet,smear_0.42500000000000004,0.939,1.35921,0.1152,2000
Camelyon17,resnet,smear_0.45,0.9165,1.35402,0.14605,2000
Camelyon17,resnet,smear_0.47500000000000003,0.9115,1.35249,0.2078,2000
Camelyon17,resnet,smear_0.5,0.9055,1.35169,0.19871,2000
Camelyon17,resnet,fog_0.025,0.981,1.39347,0.03363,2000
Camelyon17,resnet,fog_0.05,0.985,1.39617,0.02252,2000
Camelyon17,resnet,fog_0.07500000000000001,0.9795,1.3963,0.00671,2000
Camelyon17,resnet,fog_0.1,0.9905,1.39501,0.04301,2000
Camelyon17,resnet,fog_0.125,0.9855,1.39568,0.01358,2000
Camelyon17,resnet,fog_0.15000000000000002,0.9835,1.39531,0.04186,2000
Camelyon17,resnet,fog_0.17500000000000002,0.985,1.39466,0.01786,2000
Camelyon17,resnet,fog_0.2,0.9835,1.39483,0.0237,2000
Camelyon17,resnet,fog_0.225,0.983,1.39462,0.01344,2000
Camelyon17,resnet,fog_0.25,0.986,1.396,0.01417,2000
Camelyon17,resnet,fog_0.275,0.988,1.39716,0.01342,2000
Camelyon17,resnet,fog_0.30000000000000004,0.98,1.39485,0.01591,2000
Camelyon17,resnet,fog_0.325,0.9835,1.39649,0.02171,2000
Camelyon17,resnet,fog_0.35000000000000003,0.99,1.39549,0.01257,2000
Camelyon17,resnet,fog_0.375,0.986,1.3949,0.04572,2000
Camelyon17,resnet,fog_0.4,0.985,1.3969,0.03983,2000
Camelyon17,resnet,fog_0.42500000000000004,0.9835,1.39722,0.0471,2000
Camelyon17,resnet,fog_0.45,0.988,1.39768,0.05927,2000
Camelyon17,resnet,fog_0.47500000000000003,0.984,1.39704,0.05265,2000
Camelyon17,resnet,fog_0.5,0.9855,1.39591,0.0021,2000
Camelyon17,resnet,jpeg_0.025,0.984,1.39431,0.0338,2000
Camelyon17,resnet,jpeg_0.05,0.982,1.39415,0.04409,2000
Camelyon17,resnet,jpeg_0.07500000000000001,0.9825,1.39275,0.00248,2000
Camelyon17,resnet,jpeg_0.1,0.981,1.39418,0.04034,2000
Camelyon17,resnet,jpeg_0.125,0.9815,1.39194,0.02269,2000
Camelyon17,resnet,jpeg_0.15000000000000002,0.985,1.39714,0.01373,2000
Camelyon17,resnet,jpeg_0.17500000000000002,0.9805,1.39324,0.01713,2000
Camelyon17,resnet,jpeg_0.2,0.9835,1.39502,0.00143,2000
Camelyon17,resnet,jpeg_0.225,0.9845,1.39494,0.06065,2000
Camelyon17,resnet,jpeg_0.25,0.9825,1.39441,0.03928,2000
Camelyon17,resnet,jpeg_0.275,0.9865,1.39692,0.01258,2000
Camelyon17,resnet,jpeg_0.30000000000000004,0.985,1.39621,0.02147,2000
Camelyon17,resnet,jpeg_0.325,0.979,1.39252,0.0133,2000
Camelyon17,resnet,jpeg_0.35000000000000003,0.983,1.39379,0.01937,2000
Camelyon17,resnet,jpeg_0.375,0.9865,1.39317,0.01756,2000
Camelyon17,resnet,jpeg_0.4,0.9845,1.3965,0.02583,2000
Camelyon17,resnet,jpeg_0.42500000000000004,0.979,1.3919,0.00641,2000
Camelyon17,resnet,jpeg_0.45,0.98,1.39401,0.01016,2000
Camelyon17,resnet,jpeg_0.47500000000000003,0.979,1.39495,0.00261,2000
Camelyon17,resnet,jpeg_0.5,0.983,1.39413,0.03167,2000
Camelyon17,vit,ind_val,0.967,1.37118,0.0,2000
Camelyon17,vit,ind_test,0.9695,1.37137,0.01562,2000
Camelyon17,vit,OoD Val,0.795,1.31938,0.06403,2000
Camelyon17,vit,OoD Test,0.6605,1.20306,0.41967,2000
Camelyon17,vit,noise_0.025,0.966,1.36905,0.05887,2000
Camelyon17,vit,noise_0.05,0.9685,1.37078,0.00734,2000
Camelyon17,vit,noise_0.07500000000000001,0.9715,1.36601,0.0281,2000
Camelyon17,vit,noise_0.1,0.964,1.35672,0.03948,2000
Camelyon17,vit,noise_0.125,0.964,1.35952,0.04848,2000
Camelyon17,vit,noise_0.15000000000000002,0.9435,1.35085,0.02963,2000
Camelyon17,vit,noise_0.17500000000000002,0.9405,1.33754,0.05717,2000
Camelyon17,vit,noise_0.2,0.9375,1.33683,0.01611,2000
Camelyon17,vit,noise_0.225,0.9225,1.32478,0.01168,2000
Camelyon17,vit,noise_0.25,0.923,1.31876,0.01189,2000
Camelyon17,vit,noise_0.275,0.899,1.3072,0.00919,2000
Camelyon17,vit,noise_0.30000000000000004,0.8885,1.29005,0.0504,2000
Camelyon17,vit,noise_0.325,0.876,1.28243,0.02161,2000
Camelyon17,vit,noise_0.35000000000000003,0.845,1.26327,0.06635,2000
Camelyon17,vit,noise_0.375,0.831,1.25405,0.08182,2000
Camelyon17,vit,noise_0.4,0.808,1.23949,0.15871,2000
Camelyon17,vit,noise_0.42500000000000004,0.795,1.2326,0.20746,2000
Camelyon17,vit,noise_0.45,0.78,1.21597,0.26484,2000
Camelyon17,vit,noise_0.47500000000000003,0.7165,1.20533,0.25622,2000
Camelyon17,vit,noise_0.5,0.6915,1.2056,0.29058,2000
Camelyon17,vit,multnoise_0.025,0.973,1.37287,0.00494,2000
Camelyon17,vit,multnoise_0.05,0.9695,1.3698,0.04252,2000
Camelyon17,vit,multnoise_0.07500000000000001,0.9645,1.36109,0.01033,2000
Camelyon17,vit,multnoise_0.1,0.9485,1.35133,0.05131,2000
Camelyon17,vit,multnoise_0.125,0.941,1.34413,0.04268,2000
Camelyon17,vit,multnoise_0.15000000000000002,0.929,1.32997,0.01471,2000
Camelyon17,vit,multnoise_0.17500000000000002,0.9165,1.32166,0.05577,2000
Camelyon17,vit,multnoise_0.2,0.894,1.30164,0.01183,2000
Camelyon17,vit,multnoise_0.225,0.8855,1.28419,0.01918,2000
Camelyon17,vit,multnoise_0.25,0.847,1.26948,0.06618,2000
Camelyon17,vit,multnoise_0.275,0.81,1.25929,0.08834,2000
Camelyon17,vit,multnoise_0.30000000000000004,0.7855,1.24359,0.18408,2000
Camelyon17,vit,multnoise_0.325,0.7425,1.23182,0.23041,2000
Camelyon17,vit,multnoise_0.35000000000000003,0.7235,1.22852,0.29072,2000
Camelyon17,vit,multnoise_0.375,0.687,1.21837,0.28924,2000
Camelyon17,vit,multnoise_0.4,0.689,1.21432,0.35207,2000
Camelyon17,vit,multnoise_0.42500000000000004,0.672,1.21324,0.35904,2000
Camelyon17,vit,multnoise_0.45,0.6665,1.20414,0.38877,2000
Camelyon17,vit,multnoise_0.47500000000000003,0.6525,1.20783,0.4201,2000
Camelyon17,vit,multnoise_0.5,0.674,1.19874,0.43689,2000
Camelyon17,vit,hue_0.025,0.955,1.35065,0.07523,2000
Camelyon17,vit,hue_0.05,0.916,1.32218,0.04382,2000
Camelyon17,vit,hue_0.07500000000000001,0.849,1.30293,0.00077,2000
Camelyon17,vit,hue_0.1,0.786,1.2948,0.06807,2000
Camelyon17,vit,hue_0.125,0.7275,1.29641,0.11842,2000
Camelyon17,vit,hue_0.15000000000000002,0.7035,1.28687,0.13919,2000
Camelyon17,vit,hue_0.17500000000000002,0.669,1.26436,0.13328,2000
Camelyon17,vit,hue_0.2,0.5905,1.22042,0.20782,2000
Camelyon17,vit,hue_0.225,0.5205,1.19536,0.31933,2000
Camelyon17,vit,hue_0.25,0.456,1.19295,0.47368,2000
Camelyon17,vit,hue_0.275,0.456,1.17599,0.64267,2000
Camelyon17,vit,hue_0.30000000000000004,0.4835,1.13644,0.80939,2000
Camelyon17,vit,hue_0.325,0.4895,1.10597,0.88783,2000
Camelyon17,vit,hue_0.35000000000000003,0.5065,1.08553,0.91919,2000
Camelyon17,vit,hue_0.375,0.5155,1.08605,0.92402,2000
Camelyon17,vit,hue_0.4,0.499,1.05895,0.94759,2000
Camelyon17,vit,hue_0.42500000000000004,0.497,1.0423,0.96495,2000
Camelyon17,vit,hue_0.45,0.5035,1.02091,0.97406,2000
Camelyon17,vit,hue_0.47500000000000003,0.5035,1.0185,0.97644,2000
Camelyon17,vit,hue_0.5,0.512,1.01579,0.97753,2000
Camelyon17,vit,saltpepper_0.025,0.835,1.26267,0.02286,2000
Camelyon17,vit,saltpepper_0.05,0.8275,1.2548,0.01558,2000
Camelyon17,vit,saltpepper_0.07500000000000001,0.827,1.25149,0.0187,2000
Camelyon17,vit,saltpepper_0.1,0.789,1.23962,0.01479,2000
Camelyon17,vit,saltpepper_0.125,0.8025,1.23728,0.00431,2000
Camelyon17,vit,saltpepper_0.15000000000000002,0.794,1.23175,0.03703,2000
Camelyon17,vit,saltpepper_0.17500000000000002,0.813,1.23368,0.01627,2000
Camelyon17,vit,saltpepper_0.2,0.7995,1.22168,0.03484,2000
Camelyon17,vit,saltpepper_0.225,0.817,1.23463,0.0419,2000
Camelyon17,vit,saltpepper_0.25,0.8135,1.22484,0.00717,2000
Camelyon17,vit,saltpepper_0.275,0.8395,1.22734,0.02028,2000
Camelyon17,vit,saltpepper_0.30000000000000004,0.8075,1.21605,0.0136,2000
Camelyon17,vit,saltpepper_0.325,0.785,1.20851,0.02844,2000
Camelyon17,vit,saltpepper_0.35000000000000003,0.7825,1.19847,0.09908,2000
Camelyon17,vit,saltpepper_0.375,0.793,1.19668,0.05697,2000
Camelyon17,vit,saltpepper_0.4,0.7675,1.19437,0.09713,2000
Camelyon17,vit,saltpepper_0.42500000000000004,0.7325,1.17895,0.08558,2000
Camelyon17,vit,saltpepper_0.45,0.7295,1.17829,0.13615,2000
Camelyon17,vit,saltpepper_0.47500000000000003,0.7155,1.1649,0.2488,2000
Camelyon17,vit,saltpepper_0.5,0.6575,1.15614,0.24198,2000
Camelyon17,vit,brightness_0.025,0.9735,1.37099,0.00679,2000
Camelyon17,vit,brightness_0.05,0.971,1.37017,0.01572,2000
Camelyon17,vit,brightness_0.07500000000000001,0.9665,1.36944,0.02858,2000
Camelyon17,vit,brightness_0.1,0.9685,1.3702,0.03097,2000
Camelyon17,vit,brightness_0.125,0.976,1.37041,0.0431,2000
Camelyon17,vit,brightness_0.15000000000000002,0.971,1.36665,0.00243,2000
Camelyon17,vit,brightness_0.17500000000000002,0.9665,1.36968,0.06393,2000
Camelyon17,vit,brightness_0.2,0.9695,1.36616,0.02509,2000
Camelyon17,vit,brightness_0.225,0.9605,1.36118,0.01664,2000
Camelyon17,vit,brightness_0.25,0.9605,1.36507,0.06242,2000
Camelyon17,vit,brightness_0.275,0.959,1.36295,0.06984,2000
Camelyon17,vit,brightness_0.30000000000000004,0.9495,1.35631,0.04975,2000
Camelyon17,vit,brightness_0.325,0.9515,1.35399,0.05379,2000
Camelyon17,vit,brightness_0.35000000000000003,0.9505,1.36131,0.0669,2000
Camelyon17,vit,brightness_0.375,0.962,1.36229,0.02173,2000
Camelyon17,vit,brightness_0.4,0.9575,1.36439,0.00324,2000
Camelyon17,vit,brightness_0.42500000000000004,0.965,1.3665,0.00659,2000
Camelyon17,vit,brightness_0.45,0.9755,1.37482,0.03316,2000
Camelyon17,vit,brightness_0.47500000000000003,0.9735,1.3715,0.00512,2000
Camelyon17,vit,brightness_0.5,0.9745,1.36935,0.02803,2000
Camelyon17,vit,contrast_0.025,0.9725,1.37006,0.04327,2000
Camelyon17,vit,contrast_0.05,0.9705,1.3665,0.04768,2000
Camelyon17,vit,contrast_0.07500000000000001,0.957,1.36016,0.04301,2000
Camelyon17,vit,contrast_0.1,0.957,1.36041,0.06932,2000
Camelyon17,vit,contrast_0.125,0.9555,1.35109,0.0442,2000
Camelyon17,vit,contrast_0.15000000000000002,0.9465,1.34545,0.08226,2000
Camelyon17,vit,contrast_0.17500000000000002,0.9265,1.33346,0.08368,2000
Camelyon17,vit,contrast_0.2,0.907,1.31931,0.14337,2000
Camelyon17,vit,contrast_0.225,0.8895,1.31006,0.15011,2000
Camelyon17,vit,contrast_0.25,0.8515,1.29007,0.21075,2000
Camelyon17,vit,contrast_0.275,0.818,1.27245,0.27525,2000
Camelyon17,vit,contrast_0.30000000000000004,0.799,1.26185,0.29758,2000
Camelyon17,vit,contrast_0.325,0.76,1.24496,0.30274,2000
Camelyon17,vit,contrast_0.35000000000000003,0.753,1.23965,0.32928,2000
Camelyon17,vit,contrast_0.375,0.7835,1.25432,0.28956,2000
Camelyon17,vit,contrast_0.4,0.8,1.2664,0.27217,2000
Camelyon17,vit,contrast_0.42500000000000004,0.822,1.27384,0.25289,2000
Camelyon17,vit,contrast_0.45,0.8195,1.27292,0.24543,2000
Camelyon17,vit,contrast_0.47500000000000003,0.8465,1.28702,0.2047,2000
Camelyon17,vit,contrast_0.5,0.856,1.29282,0.16527,2000
Camelyon17,vit,smear_0.025,0.971,1.37189,0.0186,2000
Camelyon17,vit,smear_0.05,0.973,1.37007,0.06869,2000
Camelyon17,vit,smear_0.07500000000000001,0.9715,1.37061,0.00578,2000
Camelyon17,vit,smear_0.1,0.974,1.37178,7e-05,2000
Camelyon17,vit,smear_0.125,0.965,1.36646,0.03146,2000
Camelyon17,vit,smear_0.15000000000000002,0.9705,1.36665,0.05125,2000
Camelyon17,vit,smear_0.17500000000000002,0.971,1.36705,0.03979,2000
Camelyon17,vit,smear_0.2,0.9665,1.36777,0.03931,2000
Camelyon17,vit,smear_0.225,0.9675,1.3662,0.03242,2000
Camelyon17,vit,smear_0.25,0.969,1.36689,0.02267,2000
Camelyon17,vit,smear_0.275,0.9725,1.36718,0.02204,2000
Camelyon17,vit,smear_0.30000000000000004,0.9735,1.36608,0.02512,2000
Camelyon17,vit,smear_0.325,0.978,1.36709,0.04688,2000
Camelyon17,vit,smear_0.35000000000000003,0.968,1.3662,0.04524,2000
Camelyon17,vit,smear_0.375,0.9655,1.36421,0.03965,2000
Camelyon17,vit,smear_0.4,0.962,1.36328,0.05955,2000
Camelyon17,vit,smear_0.42500000000000004,0.9595,1.36125,0.04466,2000
Camelyon17,vit,smear_0.45,0.9665,1.36252,0.05409,2000
Camelyon17,vit,smear_0.47500000000000003,0.968,1.36149,0.03624,2000
Camelyon17,vit,smear_0.5,0.9655,1.36546,0.05331,2000
Camelyon17,vit,fog_0.025,0.9705,1.37106,0.02519,2000
Camelyon17,vit,fog_0.05,0.971,1.37288,0.03329,2000
Camelyon17,vit,fog_0.07500000000000001,0.9765,1.37076,0.02742,2000
Camelyon17,vit,fog_0.1,0.972,1.37009,0.00091,2000
Camelyon17,vit,fog_0.125,0.9735,1.37158,0.0144,2000
Camelyon17,vit,fog_0.15000000000000002,0.9745,1.36909,0.04844,2000
Camelyon17,vit,fog_0.17500000000000002,0.9675,1.36903,0.01718,2000
Camelyon17,vit,fog_0.2,0.978,1.3744,0.01997,2000
Camelyon17,vit,fog_0.225,0.972,1.37154,0.02754,2000
Camelyon17,vit,fog_0.25,0.9735,1.37184,0.02412,2000
Camelyon17,vit,fog_0.275,0.9685,1.37065,0.0674,2000
Camelyon17,vit,fog_0.30000000000000004,0.9765,1.37129,0.00816,2000
Camelyon17,vit,fog_0.325,0.9715,1.36973,0.01743,2000
Camelyon17,vit,fog_0.35000000000000003,0.9685,1.36957,0.03578,2000
Camelyon17,vit,fog_0.375,0.976,1.3706,0.02105,2000
Camelyon17,vit,fog_0.4,0.973,1.36896,0.03861,2000
Camelyon17,vit,fog_0.42500000000000004,0.9685,1.36871,0.03065,2000
Camelyon17,vit,fog_0.45,0.967,1.36655,0.00564,2000
Camelyon17,vit,fog_0.47500000000000003,0.9715,1.36836,0.01846,2000
Camelyon17,vit,fog_0.5,0.973,1.36829,0.00782,2000
Camelyon17,vit,jpeg_0.025,0.9755,1.37066,0.02127,2000
Camelyon17,vit,jpeg_0.05,0.97,1.36959,0.02109,2000
Camelyon17,vit,jpeg_0.07500000000000001,0.9725,1.37302,0.03087,2000
Camelyon17,vit,jpeg_0.1,0.974,1.36919,0.01662,2000
Camelyon17,vit,jpeg_0.125,0.977,1.37107,0.02683,2000
Camelyon17,vit,jpeg_0.15000000000000002,0.9675,1.37038,0.02205,2000
Camelyon17,vit,jpeg_0.17500000000000002,0.9715,1.36975,0.00626,2000
Camelyon17,vit,jpeg_0.2,0.969,1.37202,0.04852,2000
Camelyon17,vit,jpeg_0.225,0.9685,1.37056,0.0046,2000
Camelyon17,vit,jpeg_0.25,0.973,1.37309,0.01265,2000
Camelyon17,vit,jpeg_0.275,0.9715,1.37303,0.02265,2000
Camelyon17,vit,jpeg_0.30000000000000004,0.973,1.36979,0.04096,2000
Camelyon17,vit,jpeg_0.325,0.971,1.36825,0.02139,2000
Camelyon17,vit,jpeg_0.35000000000000003,0.978,1.37128,0.04126,2000
Camelyon17,vit,jpeg_0.375,0.9685,1.3657,0.01339,2000
Camelyon17,vit,jpeg_0.4,0.9775,1.37233,0.00217,2000
Camelyon17,vit,jpeg_0.42500000000000004,0.973,1.37042,0.05179,2000
Camelyon17,vit,jpeg_0.45,0.965,1.36512,0.00812,2000
Camelyon17,vit,jpeg_0.47500000000000003,0.9735,1.36937,0.07874,2000
Camelyon17,vit,jpeg_0.5,0.966,1.3696,0.05094,2000
IWildCam,resnet,ind_val,0.677,3.09592,0.0,2000
IWildCam,resnet,ind_test,0.5565,3.64602,0.3901,2000
IWildCam,resnet,OoD Val,0.4205,3.31947,0.64504,2000
IWildCam,resnet,OoD Test,0.4695,3.16253,0.42543,2000
IWildCam,resnet,noise_0.025,0.384,2.73939,0.36359,2000
IWildCam,resnet,noise_0.05,0.3205,2.14313,0.73769,2000
IWildCam,resnet,noise_0.07500000000000001,0.2335,1.88387,0.89684,2000
IWildCam,resnet,noise_0.1,0.208,1.67269,0.99571,2000
IWildCam,resnet,noise_0.125,0.2085,1.55545,1.06832,2000
IWildCam,resnet,noise_0.15000000000000002,0.1895,1.4534,1.09505,2000
IWildCam,resnet,noise_0.17500000000000002,0.2065,1.36387,1.12177,2000
IWildCam,resnet,noise_0.2,0.188,1.2987,1.12624,2000
IWildCam,resnet,noise_0.225,0.2165,1.22117,1.1243,2000
IWildCam,resnet,noise_0.25,0.258,1.09079,1.12873,2000
IWildCam,resnet,noise_0.275,0.24,1.01676,1.13918,2000
IWildCam,resnet,noise_0.30000000000000004,0.24,1.00104,1.14827,2000
IWildCam,resnet,noise_0.325,0.251,1.00017,1.14862,2000
IWildCam,resnet,noise_0.35000000000000003,0.232,1.00001,1.14867,2000
IWildCam,resnet,noise_0.375,0.2535,1.0,1.14867,2000
IWildCam,resnet,noise_0.4,0.2455,1.0,1.14867,2000
IWildCam,resnet,noise_0.42500000000000004,0.2515,1.0,1.14867,2000
IWildCam,resnet,noise_0.45,0.2405,1.0,1.14867,2000
IWildCam,resnet,noise_0.47500000000000003,0.243,1.0,1.14867,2000
IWildCam,resnet,noise_0.5,0.2605,1.0,1.14867,2000
IWildCam,resnet,multnoise_0.025,0.4815,3.32375,0.37132,2000
IWildCam,resnet,multnoise_0.05,0.34,2.69601,0.48712,2000
IWildCam,resnet,multnoise_0.07500000000000001,0.2625,2.26138,0.71868,2000
IWildCam,resnet,multnoise_0.1,0.212,1.9968,0.89695,2000
IWildCam,resnet,multnoise_0.125,0.201,1.86274,0.98918,2000
IWildCam,resnet,multnoise_0.15000000000000002,0.2065,1.75214,1.00964,2000
IWildCam,resnet,multnoise_0.17500000000000002,0.211,1.63719,0.9912,2000
IWildCam,resnet,multnoise_0.2,0.2395,1.5384,1.03614,2000
IWildCam,resnet,multnoise_0.225,0.2435,1.40535,1.06053,2000
IWildCam,resnet,multnoise_0.25,0.2295,1.3172,1.08379,2000
IWildCam,resnet,multnoise_0.275,0.246,1.25127,1.10035,2000
IWildCam,resnet,multnoise_0.30000000000000004,0.244,1.18491,1.11639,2000
IWildCam,resnet,multnoise_0.325,0.225,1.13619,1.1233,2000
IWildCam,resnet,multnoise_0.35000000000000003,0.239,1.10591,1.12523,2000
IWildCam,resnet,multnoise_0.375,0.2465,1.11123,1.12534,2000
IWildCam,resnet,multnoise_0.4,0.245,1.09518,1.12727,2000
IWildCam,resnet,multnoise_0.42500000000000004,0.245,1.08515,1.12671,2000
IWildCam,resnet,multnoise_0.45,0.2515,1.06351,1.12915,2000
IWildCam,resnet,multnoise_0.47500000000000003,0.2325,1.07491,1.12672,2000
IWildCam,resnet,multnoise_0.5,0.2455,1.06543,1.13131,2000
IWildCam,resnet,hue_0.025,0.5625,3.6653,0.39657,2000
IWildCam,resnet,hue_0.05,0.582,3.62761,0.36737,2000
IWildCam,resnet,hue_0.07500000000000001,0.566,3.72875,0.37767,2000
IWildCam,resnet,hue_0.1,0.5395,3.68295,0.39293,2000
IWildCam,resnet,hue_0.125,0.554,3.62422,0.34823,2000
IWildCam,resnet,hue_0.15000000000000002,0.5255,3.59205,0.36744,2000
IWildCam,resnet,hue_0.17500000000000002,0.525,3.62328,0.36855,2000
IWildCam,resnet,hue_0.2,0.522,3.57929,0.36756,2000
IWildCam,resnet,hue_0.225,0.509,3.57646,0.37041,2000
IWildCam,resnet,hue_0.25,0.504,3.4595,0.36775,2000
IWildCam,resnet,hue_0.275,0.4985,3.46586,0.35428,2000
IWildCam,resnet,hue_0.30000000000000004,0.503,3.44777,0.32915,2000
IWildCam,resnet,hue_0.325,0.4885,3.47477,0.34099,2000
IWildCam,resnet,hue_0.35000000000000003,0.486,3.46024,0.31704,2000
IWildCam,resnet,hue_0.375,0.4935,3.38662,0.29182,2000
IWildCam,resnet,hue_0.4,0.474,3.34483,0.28431,2000
IWildCam,resnet,hue_0.42500000000000004,0.485,3.28414,0.26405,2000
IWildCam,resnet,hue_0.45,0.4705,3.31302,0.28574,2000
IWildCam,resnet,hue_0.47500000000000003,0.471,3.27867,0.26487,2000
IWildCam,resnet,hue_0.5,0.4645,3.20207,0.2689,2000
IWildCam,resnet,saltpepper_0.025,0.2295,1.17742,1.12955,2000
IWildCam,resnet,saltpepper_0.05,0.216,1.17346,1.12955,2000
IWildCam,resnet,saltpepper_0.07500000000000001,0.227,1.1407,1.12955,2000
IWildCam,resnet,saltpepper_0.1,0.236,1.07458,1.12955,2000
IWildCam,resnet,saltpepper_0.125,0.2365,1.03763,1.13826,2000
IWildCam,resnet,saltpepper_0.15000000000000002,0.2465,1.01425,1.14689,2000
IWildCam,resnet,saltpepper_0.17500000000000002,0.2455,1.00744,1.14795,2000
IWildCam,resnet,saltpepper_0.2,0.252,1.00239,1.1484,2000
IWildCam,resnet,saltpepper_0.225,0.2405,1.00041,1.14863,2000
IWildCam,resnet,saltpepper_0.25,0.248,1.00006,1.14866,2000
IWildCam,resnet,saltpepper_0.275,0.2255,1.00001,1.14867,2000
IWildCam,resnet,saltpepper_0.30000000000000004,0.249,1.0,1.14867,2000
IWildCam,resnet,saltpepper_0.325,0.254,1.0,1.14867,2000
IWildCam,resnet,saltpepper_0.35000000000000003,0.2475,1.0,1.14867,2000
IWildCam,resnet,saltpepper_0.375,0.2485,1.0,1.14867,2000
IWildCam,resnet,saltpepper_0.4,0.245,1.0,1.14867,2000
IWildCam,resnet,saltpepper_0.42500000000000004,0.2445,1.0,1.14867,2000
IWildCam,resnet,saltpepper_0.45,0.2465,1.0,1.14867,2000
IWildCam,resnet,saltpepper_0.47500000000000003,0.244,1.0,1.14867,2000
IWildCam,resnet,saltpepper_0.5,0.256,1.0,1.14867,2000
IWildCam,resnet,brightness_0.025,0.5625,3.6327,0.36274,2000
IWildCam,resnet,brightness_0.05,0.566,3.58243,0.36089,2000
IWildCam,resnet,brightness_0.07500000000000001,0.568,3.64433,0.37431,2000
IWildCam,resnet,brightness_0.1,0.58,3.58328,0.37001,2000
IWildCam,resnet,brightness_0.125,0.5435,3.6216,0.40472,2000
IWildCam,resnet,brightness_0.15000000000000002,0.575,3.52843,0.37875,2000
IWildCam,resnet,brightness_0.17500000000000002,0.568,3.5909,0.39116,2000
IWildCam,resnet,brightness_0.2,0.5705,3.59977,0.36879,2000
IWildCam,resnet,brightness_0.225,0.555,3.59226,0.40533,2000
IWildCam,resnet,brightness_0.25,0.553,3.57134,0.3619,2000
IWildCam,resnet,brightness_0.275,0.559,3.53133,0.37235,2000
IWildCam,resnet,brightness_0.30000000000000004,0.548,3.46988,0.39101,2000
IWildCam,resnet,brightness_0.325,0.559,3.51711,0.39677,2000
IWildCam,resnet,brightness_0.35000000000000003,0.5575,3.53227,0.34737,2000
IWildCam,resnet,brightness_0.375,0.5725,3.5777,0.35751,2000
IWildCam,resnet,brightness_0.4,0.5745,3.67902,0.35782,2000
IWildCam,resnet,brightness_0.42500000000000004,0.567,3.68675,0.38977,2000
IWildCam,resnet,brightness_0.45,0.574,3.66611,0.37339,2000
IWildCam,resnet,brightness_0.47500000000000003,0.558,3.66052,0.366,2000
IWildCam,resnet,brightness_0.5,0.565,3.6569,0.35555,2000
IWildCam,resnet,contrast_0.025,0.569,3.63139,0.36802,2000
IWildCam,resnet,contrast_0.05,0.5775,3.582,0.37271,2000
IWildCam,resnet,contrast_0.07500000000000001,0.555,3.57675,0.40431,2000
IWildCam,resnet,contrast_0.1,0.5485,3.4664,0.41976,2000
IWildCam,resnet,contrast_0.125,0.549,3.35821,0.4249,2000
IWildCam,resnet,contrast_0.15000000000000002,0.528,3.15602,0.46394,2000
IWildCam,resnet,contrast_0.17500000000000002,0.4945,3.08398,0.46047,2000
IWildCam,resnet,contrast_0.2,0.454,2.95045,0.49144,2000
IWildCam,resnet,contrast_0.225,0.4605,2.90247,0.49296,2000
IWildCam,resnet,contrast_0.25,0.4355,2.83021,0.52663,2000
IWildCam,resnet,contrast_0.275,0.4085,2.75267,0.54277,2000
IWildCam,resnet,contrast_0.30000000000000004,0.375,2.71233,0.54642,2000
IWildCam,resnet,contrast_0.325,0.363,2.61304,0.57129,2000
IWildCam,resnet,contrast_0.35000000000000003,0.3845,2.616,0.5412,2000
IWildCam,resnet,contrast_0.375,0.363,2.65734,0.56806,2000
IWildCam,resnet,contrast_0.4,0.3985,2.66439,0.52105,2000
IWildCam,resnet,contrast_0.42500000000000004,0.393,2.71868,0.5156,2000
IWildCam,resnet,contrast_0.45,0.4235,2.75998,0.51549,2000
IWildCam,resnet,contrast_0.47500000000000003,0.416,2.87647,0.5346,2000
IWildCam,resnet,contrast_0.5,0.4235,2.84637,0.51134,2000
IWildCam,resnet,smear_0.025,0.5595,3.68792,0.45247,2000
IWildCam,resnet,smear_0.05,0.5515,3.67133,0.48766,2000
IWildCam,resnet,smear_0.07500000000000001,0.577,3.63849,0.44422,2000
IWildCam,resnet,smear_0.1,0.571,3.64452,0.46303,2000
IWildCam,resnet,smear_0.125,0.56,3.61559,0.45775,2000
IWildCam,resnet,smear_0.15000000000000002,0.528,3.50592,0.43016,2000
IWildCam,resnet,smear_0.17500000000000002,0.4895,3.5379,0.48175,2000
IWildCam,resnet,smear_0.2,0.49,3.4501,0.50091,2000
IWildCam,resnet,smear_0.225,0.4575,3.4445,0.57479,2000
IWildCam,resnet,smear_0.25,0.4765,3.4373,0.58706,2000
IWildCam,resnet,smear_0.275,0.4485,3.41949,0.59582,2000
IWildCam,resnet,smear_0.30000000000000004,0.483,3.41361,0.56953,2000
IWildCam,resnet,smear_0.325,0.465,3.38674,0.55451,2000
IWildCam,resnet,smear_0.35000000000000003,0.4655,3.31281,0.55274,2000
IWildCam,resnet,smear_0.375,0.463,3.24296,0.55017,2000
IWildCam,resnet,smear_0.4,0.4685,3.20182,0.52803,2000
IWildCam,resnet,smear_0.42500000000000004,0.4545,3.12886,0.58453,2000
IWildCam,resnet,smear_0.45,0.429,3.12196,0.58735,2000
IWildCam,resnet,smear_0.47500000000000003,0.4395,3.20896,0.57793,2000
IWildCam,resnet,smear_0.5,0.418,3.22911,0.61547,2000
IWildCam,resnet,fog_0.025,0.5665,3.73994,0.39229,2000
IWildCam,resnet,fog_0.05,0.581,3.57228,0.36839,2000
IWildCam,resnet,fog_0.07500000000000001,0.558,3.6992,0.38369,2000
IWildCam,resnet,fog_0.1,0.5635,3.67695,0.40552,2000
IWildCam,resnet,fog_0.125,0.575,3.65776,0.38046,2000
IWildCam,resnet,fog_0.15000000000000002,0.5815,3.65663,0.36633,2000
IWildCam,resnet,fog_0.17500000000000002,0.562,3.65565,0.38152,2000
IWildCam,resnet,fog_0.2,0.575,3.66422,0.39639,2000
IWildCam,resnet,fog_0.225,0.556,3.65854,0.39356,2000
IWildCam,resnet,fog_0.25,0.562,3.64276,0.3753,2000
IWildCam,resnet,fog_0.275,0.5295,3.37113,0.5762,2000
IWildCam,resnet,fog_0.30000000000000004,0.5195,3.45233,0.5748,2000
IWildCam,resnet,fog_0.325,0.5215,3.36487,0.5894,2000
IWildCam,resnet,fog_0.35000000000000003,0.509,3.42381,0.58467,2000
IWildCam,resnet,fog_0.375,0.5115,3.42851,0.57081,2000
IWildCam,resnet,fog_0.4,0.51,3.34823,0.56682,2000
IWildCam,resnet,fog_0.42500000000000004,0.2475,2.63722,0.91836,2000
IWildCam,resnet,fog_0.45,0.2725,2.6294,0.88864,2000
IWildCam,resnet,fog_0.47500000000000003,0.2595,2.61039,0.90736,2000
IWildCam,resnet,fog_0.5,0.264,2.63108,0.91466,2000
IWildCam,resnet,jpeg_0.025,0.55,3.68355,0.38532,2000
IWildCam,resnet,jpeg_0.05,0.5645,3.73763,0.40744,2000
IWildCam,resnet,jpeg_0.07500000000000001,0.573,3.63763,0.36954,2000
IWildCam,resnet,jpeg_0.1,0.563,3.65798,0.36141,2000
IWildCam,resnet,jpeg_0.125,0.569,3.59635,0.36399,2000
IWildCam,resnet,jpeg_0.15000000000000002,0.5645,3.64448,0.38527,2000
IWildCam,resnet,jpeg_0.17500000000000002,0.5575,3.58781,0.35396,2000
IWildCam,resnet,jpeg_0.2,0.557,3.66327,0.39376,2000
IWildCam,resnet,jpeg_0.225,0.5505,3.64704,0.37326,2000
IWildCam,resnet,jpeg_0.25,0.553,3.59761,0.38374,2000
IWildCam,resnet,jpeg_0.275,0.546,3.57275,0.38924,2000
IWildCam,resnet,jpeg_0.30000000000000004,0.5575,3.64476,0.37664,2000
IWildCam,resnet,jpeg_0.325,0.5515,3.57361,0.37984,2000
IWildCam,resnet,jpeg_0.35000000000000003,0.558,3.57794,0.38425,2000
IWildCam,resnet,jpeg_0.375,0.549,3.66429,0.38903,2000
IWildCam,resnet,jpeg_0.4,0.552,3.59298,0.35797,2000
IWildCam,resnet,jpeg_0.42500000000000004,0.563,3.67906,0.38511,2000
IWildCam,resnet,jpeg_0.45,0.5725,3.59528,0.35956,2000
IWildCam,resnet,jpeg_0.47500000000000003,0.555,3.70443,0.41708,2000
IWildCam,resnet,jpeg_0.5,0.559,3.62715,0.41081,2000
IWildCam,vit,ind_val,0.637,3.51374,0.0,2000
IWildCam,vit,ind_test,0.432,3.82991,0.42319,2000
IWildCam,vit,OoD Val,0.3105,3.5394,0.59542,2000
IWildCam,vit,OoD Test,0.4635,3.15518,0.31753,2000
IWildCam,vit,noise_0.025,0.444,3.75003,0.40035,2000
IWildCam,vit,noise_0.05,0.4415,3.75988,0.36084,2000
IWildCam,vit,noise_0.07500000000000001,0.4115,3.66206,0.35243,2000
IWildCam,vit,noise_0.1,0.441,3.57817,0.30889,2000
IWildCam,vit,noise_0.125,0.3995,3.40039,0.29759,2000
IWildCam,vit,noise_0.15000000000000002,0.404,3.27773,0.35191,2000
IWildCam,vit,noise_0.17500000000000002,0.3925,3.28467,0.34258,2000
IWildCam,vit,noise_0.2,0.39,3.09233,0.35189,2000
IWildCam,vit,noise_0.225,0.357,2.99562,0.38695,2000
IWildCam,vit,noise_0.25,0.333,2.90454,0.43332,2000
IWildCam,vit,noise_0.275,0.323,2.85009,0.482,2000
IWildCam,vit,noise_0.30000000000000004,0.286,2.68973,0.51786,2000
IWildCam,vit,noise_0.325,0.3015,2.63781,0.57066,2000
IWildCam,vit,noise_0.35000000000000003,0.2765,2.5458,0.62207,2000
IWildCam,vit,noise_0.375,0.276,2.46208,0.66452,2000
IWildCam,vit,noise_0.4,0.2775,2.412,0.70307,2000
IWildCam,vit,noise_0.42500000000000004,0.275,2.36545,0.73426,2000
IWildCam,vit,noise_0.45,0.2845,2.2665,0.77003,2000
IWildCam,vit,noise_0.47500000000000003,0.251,2.24731,0.79648,2000
IWildCam,vit,noise_0.5,0.268,2.17239,0.8283,2000
IWildCam,vit,multnoise_0.025,0.4235,3.84122,0.40378,2000
IWildCam,vit,multnoise_0.05,0.4515,3.78797,0.42366,2000
IWildCam,vit,multnoise_0.07500000000000001,0.43,3.85569,0.43746,2000
IWildCam,vit,multnoise_0.1,0.4465,3.75321,0.39846,2000
IWildCam,vit,multnoise_0.125,0.43,3.74731,0.42486,2000
IWildCam,vit,multnoise_0.15000000000000002,0.4155,3.81386,0.43617,2000
IWildCam,vit,multnoise_0.17500000000000002,0.4225,3.7114,0.42319,2000
IWildCam,vit,multnoise_0.2,0.4135,3.64454,0.41031,2000
IWildCam,vit,multnoise_0.225,0.412,3.64026,0.40267,2000
IWildCam,vit,multnoise_0.25,0.3875,3.65214,0.41711,2000
IWildCam,vit,multnoise_0.275,0.382,3.54809,0.40995,2000
IWildCam,vit,multnoise_0.30000000000000004,0.376,3.47796,0.40878,2000
IWildCam,vit,multnoise_0.325,0.3625,3.51595,0.38414,2000
IWildCam,vit,multnoise_0.35000000000000003,0.3545,3.47834,0.40451,2000
IWildCam,vit,multnoise_0.375,0.3715,3.33731,0.39025,2000
IWildCam,vit,multnoise_0.4,0.3525,3.36312,0.38407,2000
IWildCam,vit,multnoise_0.42500000000000004,0.3645,3.17307,0.38204,2000
IWildCam,vit,multnoise_0.45,0.3285,3.14383,0.41743,2000
IWildCam,vit,multnoise_0.47500000000000003,0.3275,3.05816,0.44584,2000
IWildCam,vit,multnoise_0.5,0.316,2.97697,0.50364,2000
IWildCam,vit,hue_0.025,0.433,3.86968,0.42015,2000
IWildCam,vit,hue_0.05,0.434,3.7876,0.39391,2000
IWildCam,vit,hue_0.07500000000000001,0.411,3.80203,0.41026,2000
IWildCam,vit,hue_0.1,0.415,3.76196,0.41563,2000
IWildCam,vit,hue_0.125,0.3975,3.65646,0.35081,2000
IWildCam,vit,hue_0.15000000000000002,0.359,3.31479,0.32708,2000
IWildCam,vit,hue_0.17500000000000002,0.347,3.04467,0.45697,2000
IWildCam,vit,hue_0.2,0.314,2.85786,0.53265,2000
IWildCam,vit,hue_0.225,0.3115,2.77214,0.54316,2000
IWildCam,vit,hue_0.25,0.303,2.66502,0.60447,2000
IWildCam,vit,hue_0.275,0.2955,2.54217,0.63192,2000
IWildCam,vit,hue_0.30000000000000004,0.275,2.50078,0.64442,2000
IWildCam,vit,hue_0.325,0.2865,2.50045,0.62427,2000
IWildCam,vit,hue_0.35000000000000003,0.268,2.62299,0.62857,2000
IWildCam,vit,hue_0.375,0.2565,2.75543,0.59801,2000
IWildCam,vit,hue_0.4,0.231,2.81216,0.60003,2000
IWildCam,vit,hue_0.42500000000000004,0.2305,2.87338,0.65749,2000
IWildCam,vit,hue_0.45,0.2555,2.87105,0.67327,2000
IWildCam,vit,hue_0.47500000000000003,0.258,2.836,0.67995,2000
IWildCam,vit,hue_0.5,0.259,2.77131,0.66166,2000
IWildCam,vit,saltpepper_0.025,0.252,1.77319,0.77893,2000
IWildCam,vit,saltpepper_0.05,0.257,1.82302,0.76179,2000
IWildCam,vit,saltpepper_0.07500000000000001,0.2525,1.80017,0.77765,2000
IWildCam,vit,saltpepper_0.1,0.25,1.8352,0.76494,2000
IWildCam,vit,saltpepper_0.125,0.254,1.81823,0.76828,2000
IWildCam,vit,saltpepper_0.15000000000000002,0.244,1.80989,0.76023,2000
IWildCam,vit,saltpepper_0.17500000000000002,0.268,1.83767,0.77158,2000
IWildCam,vit,saltpepper_0.2,0.2595,1.82605,0.78566,2000
IWildCam,vit,saltpepper_0.225,0.256,1.8231,0.78418,2000
IWildCam,vit,saltpepper_0.25,0.263,1.79049,0.82048,2000
IWildCam,vit,saltpepper_0.275,0.2425,1.79954,0.80998,2000
IWildCam,vit,saltpepper_0.30000000000000004,0.267,1.83754,0.82935,2000
IWildCam,vit,saltpepper_0.325,0.243,1.79811,0.85144,2000
IWildCam,vit,saltpepper_0.35000000000000003,0.271,1.81454,0.84152,2000
IWildCam,vit,saltpepper_0.375,0.2615,1.81535,0.85138,2000
IWildCam,vit,saltpepper_0.4,0.245,1.78658,0.85768,2000
IWildCam,vit,saltpepper_0.42500000000000004,0.2465,1.82284,0.84408,2000
IWildCam,vit,saltpepper_0.45,0.264,1.82665,0.85765,2000
IWildCam,vit,saltpepper_0.47500000000000003,0.2405,1.80223,0.87931,2000
IWildCam,vit,saltpepper_0.5,0.252,1.822,0.8741,2000
IWildCam,vit,brightness_0.025,0.4425,3.83586,0.44109,2000
IWildCam,vit,brightness_0.05,0.441,3.87385,0.41622,2000
IWildCam,vit,brightness_0.07500000000000001,0.4625,3.81856,0.40188,2000
IWildCam,vit,brightness_0.1,0.436,3.79948,0.42069,2000
IWildCam,vit,brightness_0.125,0.4485,3.76389,0.39064,2000
IWildCam,vit,brightness_0.15000000000000002,0.437,3.79897,0.41683,2000
IWildCam,vit,brightness_0.17500000000000002,0.436,3.84083,0.41067,2000
IWildCam,vit,brightness_0.2,0.432,3.76988,0.40943,2000
IWildCam,vit,brightness_0.225,0.441,3.79225,0.38297,2000
IWildCam,vit,brightness_0.25,0.4425,3.71576,0.38909,2000
IWildCam,vit,brightness_0.275,0.4165,3.72289,0.41129,2000
IWildCam,vit,brightness_0.30000000000000004,0.4145,3.70161,0.39857,2000
IWildCam,vit,brightness_0.325,0.411,3.58541,0.39705,2000
IWildCam,vit,brightness_0.35000000000000003,0.402,3.6811,0.40744,2000
IWildCam,vit,brightness_0.375,0.432,3.80991,0.40318,2000
IWildCam,vit,brightness_0.4,0.426,3.7613,0.41229,2000
IWildCam,vit,brightness_0.42500000000000004,0.44,3.84546,0.41721,2000
IWildCam,vit,brightness_0.45,0.445,3.81992,0.4298,2000
IWildCam,vit,brightness_0.47500000000000003,0.4525,3.78563,0.39716,2000
IWildCam,vit,brightness_0.5,0.456,3.80774,0.42114,2000
IWildCam,vit,contrast_0.025,0.455,3.77846,0.39886,2000
IWildCam,vit,contrast_0.05,0.4535,3.71954,0.39351,2000
IWildCam,vit,contrast_0.07500000000000001,0.449,3.61111,0.40426,2000
IWildCam,vit,contrast_0.1,0.431,3.573,0.4037,2000
IWildCam,vit,contrast_0.125,0.391,3.5236,0.42273,2000
IWildCam,vit,contrast_0.15000000000000002,0.3865,3.44008,0.43811,2000
IWildCam,vit,contrast_0.17500000000000002,0.3785,3.38699,0.45996,2000
IWildCam,vit,contrast_0.2,0.353,3.30389,0.45265,2000
IWildCam,vit,contrast_0.225,0.3435,3.29995,0.48868,2000
IWildCam,vit,contrast_0.25,0.323,3.28342,0.51319,2000
IWildCam,vit,contrast_0.275,0.3135,3.2682,0.52535,2000
IWildCam,vit,contrast_0.30000000000000004,0.283,3.2029,0.5775,2000
IWildCam,vit,contrast_0.325,0.2405,3.14016,0.66974,2000
IWildCam,vit,contrast_0.35000000000000003,0.215,3.14852,0.68467,2000
IWildCam,vit,contrast_0.375,0.262,3.16142,0.6313,2000
IWildCam,vit,contrast_0.4,0.282,3.15369,0.59594,2000
IWildCam,vit,contrast_0.42500000000000004,0.279,3.24937,0.54565,2000
IWildCam,vit,contrast_0.45,0.31,3.25986,0.53492,2000
IWildCam,vit,contrast_0.47500000000000003,0.328,3.31983,0.52755,2000
IWildCam,vit,contrast_0.5,0.3365,3.29232,0.51379,2000
IWildCam,vit,smear_0.025,0.4395,3.81524,0.41534,2000
IWildCam,vit,smear_0.05,0.4425,3.79337,0.42889,2000
IWildCam,vit,smear_0.07500000000000001,0.4455,3.77226,0.39081,2000
IWildCam,vit,smear_0.1,0.447,3.81388,0.39341,2000
IWildCam,vit,smear_0.125,0.44,3.82289,0.37981,2000
IWildCam,vit,smear_0.15000000000000002,0.4295,3.74482,0.37201,2000
IWildCam,vit,smear_0.17500000000000002,0.376,3.41688,0.43838,2000
IWildCam,vit,smear_0.2,0.429,3.74228,0.43187,2000
IWildCam,vit,smear_0.225,0.417,3.68284,0.44928,2000
IWildCam,vit,smear_0.25,0.418,3.73522,0.4452,2000
IWildCam,vit,smear_0.275,0.432,3.76248,0.42152,2000
IWildCam,vit,smear_0.30000000000000004,0.4025,3.76358,0.39527,2000
IWildCam,vit,smear_0.325,0.4165,3.77444,0.41672,2000
IWildCam,vit,smear_0.35000000000000003,0.4285,3.61895,0.37229,2000
IWildCam,vit,smear_0.375,0.4105,3.50647,0.39911,2000
IWildCam,vit,smear_0.4,0.41,3.64643,0.38858,2000
IWildCam,vit,smear_0.42500000000000004,0.4165,3.67492,0.40727,2000
IWildCam,vit,smear_0.45,0.4095,3.68324,0.41739,2000
IWildCam,vit,smear_0.47500000000000003,0.423,3.63665,0.41824,2000
IWildCam,vit,smear_0.5,0.4045,3.52634,0.39154,2000
IWildCam,vit,fog_0.025,0.427,3.80192,0.4444,2000
IWildCam,vit,fog_0.05,0.458,3.85575,0.40656,2000
IWildCam,vit,fog_0.07500000000000001,0.4395,3.81381,0.43612,2000
IWildCam,vit,fog_0.1,0.427,3.79086,0.43244,2000
IWildCam,vit,fog_0.125,0.437,3.82471,0.41068,2000
IWildCam,vit,fog_0.15000000000000002,0.4465,3.78484,0.43227,2000
IWildCam,vit,fog_0.17500000000000002,0.447,3.81073,0.40682,2000
IWildCam,vit,fog_0.2,0.4545,3.80199,0.44146,2000
IWildCam,vit,fog_0.225,0.452,3.84444,0.4148,2000
IWildCam,vit,fog_0.25,0.4405,3.83506,0.45032,2000
IWildCam,vit,fog_0.275,0.4355,3.75367,0.44654,2000
IWildCam,vit,fog_0.30000000000000004,0.443,3.75782,0.43393,2000
IWildCam,vit,fog_0.325,0.454,3.79477,0.41978,2000
IWildCam,vit,fog_0.35000000000000003,0.4405,3.80524,0.4296,2000
IWildCam,vit,fog_0.375,0.449,3.8641,0.43397,2000
IWildCam,vit,fog_0.4,0.44,3.7961,0.44876,2000
IWildCam,vit,fog_0.42500000000000004,0.4455,3.76308,0.43123,2000
IWildCam,vit,fog_0.45,0.4455,3.68301,0.403,2000
IWildCam,vit,fog_0.47500000000000003,0.435,3.72902,0.42774,2000
IWildCam,vit,fog_0.5,0.436,3.6866,0.43526,2000
IWildCam,vit,jpeg_0.025,0.4385,3.8417,0.41886,2000
IWildCam,vit,jpeg_0.05,0.4505,3.83246,0.43282,2000
IWildCam,vit,jpeg_0.07500000000000001,0.4365,3.86485,0.41628,2000
IWildCam,vit,jpeg_0.1,0.4505,3.84425,0.41479,2000
IWildCam,vit,jpeg_0.125,0.44,3.84289,0.42906,2000
IWildCam,vit,jpeg_0.15000000000000002,0.4405,3.85228,0.42812,2000
IWildCam,vit,jpeg_0.17500000000000002,0.427,3.79256,0.43714,2000
IWildCam,vit,jpeg_0.2,0.44,3.81091,0.43663,2000
IWildCam,vit,jpeg_0.225,0.4405,3.86297,0.43258,2000
IWildCam,vit,jpeg_0.25,0.458,3.84974,0.39381,2000
IWildCam,vit,jpeg_0.275,0.434,3.76932,0.41809,2000
IWildCam,vit,jpeg_0.30000000000000004,0.4415,3.83262,0.43371,2000
IWildCam,vit,jpeg_0.325,0.458,3.79111,0.40369,2000
IWildCam,vit,jpeg_0.35000000000000003,0.4675,3.85583,0.42291,2000
IWildCam,vit,jpeg_0.375,0.4575,3.78511,0.41634,2000
IWildCam,vit,jpeg_0.4,0.428,3.81464,0.42732,2000
IWildCam,vit,jpeg_0.42500000000000004,0.4285,3.89034,0.44068,2000
IWildCam,vit,jpeg_0.45,0.461,3.86134,0.40989,2000
IWildCam,vit,jpeg_0.47500000000000003,0.447,3.88085,0.41774,2000
IWildCam,vit,jpeg_0.5,0.4555,3.82303,0.39271,2000
